siteID,year,temp,tempmax,tempmin,prec,precseas,precwarmq
1,0,3.95833349227905,24.7000007629395,-10.3999996185303,547,30.0461158752441,101
1,0,3.95833349227905,24.7000007629395,-10.3999996185303,547,30.0461158752441,101
1,0,3.95833349227905,24.7000007629395,-10.3999996185303,547,30.0461158752441,101
1,0,3.95833349227905,24.7000007629395,-10.3999996185303,547,30.0461158752441,101
1,1,3.95833349227905,24.7000007629395,-10.3999996185303,547,30.0461158752441,101
1,1,3.95833349227905,24.7000007629395,-10.3999996185303,547,30.0461158752441,101
1,1,3.95833349227905,24.7000007629395,-10.3999996185303,547,30.0461158752441,101
1,1,3.95833349227905,24.7000007629395,-10.3999996185303,547,30.0461158752441,101
1,2,3.95833349227905,24.7000007629395,-10.3999996185303,547,30.0461158752441,101
1,2,3.95833349227905,24.7000007629395,-10.3999996185303,547,30.0461158752441,101
1,2,3.95833349227905,24.7000007629395,-10.3999996185303,547,30.0461158752441,101
1,2,3.95833349227905,24.7000007629395,-10.3999996185303,547,30.0461158752441,101
2,0,3.82916665077209,24.6000003814697,-10.3999996185303,554,30.3737468719482,101
2,0,3.82916665077209,24.6000003814697,-10.3999996185303,554,30.3737468719482,101
2,0,3.82916665077209,24.6000003814697,-10.3999996185303,554,30.3737468719482,101
2,0,3.82916665077209,24.6000003814697,-10.3999996185303,554,30.3737468719482,101
2,1,3.82916665077209,24.6000003814697,-10.3999996185303,554,30.3737468719482,101
2,1,3.82916665077209,24.6000003814697,-10.3999996185303,554,30.3737468719482,101
2,1,3.82916665077209,24.6000003814697,-10.3999996185303,554,30.3737468719482,101
2,1,3.82916665077209,24.6000003814697,-10.3999996185303,554,30.3737468719482,101
2,2,3.82916665077209,24.6000003814697,-10.3999996185303,554,30.3737468719482,101
2,2,3.82916665077209,24.6000003814697,-10.3999996185303,554,30.3737468719482,101
2,2,3.82916665077209,24.6000003814697,-10.3999996185303,554,30.3737468719482,101
2,2,3.82916665077209,24.6000003814697,-10.3999996185303,554,30.3737468719482,101
3,0,5.44166660308838,27.3999996185303,-10.6999998092651,404,33.625114440918,63
3,0,5.44166660308838,27.3999996185303,-10.6999998092651,404,33.625114440918,63
3,0,5.44166660308838,27.3999996185303,-10.6999998092651,404,33.625114440918,63
3,0,5.44166660308838,27.3999996185303,-10.6999998092651,404,33.625114440918,63
3,1,5.44166660308838,27.3999996185303,-10.6999998092651,404,33.625114440918,63
3,1,5.44166660308838,27.3999996185303,-10.6999998092651,404,33.625114440918,63
3,1,5.44166660308838,27.3999996185303,-10.6999998092651,404,33.625114440918,63
3,1,5.44166660308838,27.3999996185303,-10.6999998092651,404,33.625114440918,63
3,2,5.44166660308838,27.3999996185303,-10.6999998092651,404,33.625114440918,63
3,2,5.44166660308838,27.3999996185303,-10.6999998092651,404,33.625114440918,63
3,2,5.44166660308838,27.3999996185303,-10.6999998092651,404,33.625114440918,63
3,2,5.44166660308838,27.3999996185303,-10.6999998092651,404,33.625114440918,63
4,0,3.16249990463257,23.3999996185303,-10.3000001907349,514,38.259204864502,70
4,0,3.16249990463257,23.3999996185303,-10.3000001907349,514,38.259204864502,70
4,0,3.16249990463257,23.3999996185303,-10.3000001907349,514,38.259204864502,70
4,0,3.16249990463257,23.3999996185303,-10.3000001907349,514,38.259204864502,70
4,1,3.16249990463257,23.3999996185303,-10.3000001907349,514,38.259204864502,70
4,1,3.16249990463257,23.3999996185303,-10.3000001907349,514,38.259204864502,70
4,1,3.16249990463257,23.3999996185303,-10.3000001907349,514,38.259204864502,70
4,1,3.16249990463257,23.3999996185303,-10.3000001907349,514,38.259204864502,70
4,2,3.16249990463257,23.3999996185303,-10.3000001907349,514,38.259204864502,70
4,2,3.16249990463257,23.3999996185303,-10.3000001907349,514,38.259204864502,70
4,2,3.16249990463257,23.3999996185303,-10.3000001907349,514,38.259204864502,70
4,2,3.16249990463257,23.3999996185303,-10.3000001907349,514,38.259204864502,70
5,0,6.67916679382324,28.7000007629395,-9.10000038146973,411,31.500280380249,77
5,0,6.67916679382324,28.7000007629395,-9.10000038146973,411,31.500280380249,77
5,0,6.67916679382324,28.7000007629395,-9.10000038146973,411,31.500280380249,77
5,0,6.67916679382324,28.7000007629395,-9.10000038146973,411,31.500280380249,77
5,1,6.67916679382324,28.7000007629395,-9.10000038146973,411,31.500280380249,77
5,1,6.67916679382324,28.7000007629395,-9.10000038146973,411,31.500280380249,77
5,1,6.67916679382324,28.7000007629395,-9.10000038146973,411,31.500280380249,77
5,1,6.67916679382324,28.7000007629395,-9.10000038146973,411,31.500280380249,77
5,2,6.67916679382324,28.7000007629395,-9.10000038146973,411,31.500280380249,77
5,2,6.67916679382324,28.7000007629395,-9.10000038146973,411,31.500280380249,77
5,2,6.67916679382324,28.7000007629395,-9.10000038146973,411,31.500280380249,77
5,2,6.67916679382324,28.7000007629395,-9.10000038146973,411,31.500280380249,77
6,0,4.20416688919067,25.2999992370606,-10.1999998092651,550,30.3860111236572,78
6,0,4.20416688919067,25.2999992370606,-10.1999998092651,550,30.3860111236572,78
6,0,4.20416688919067,25.2999992370606,-10.1999998092651,550,30.3860111236572,78
6,0,4.20416688919067,25.2999992370606,-10.1999998092651,550,30.3860111236572,78
6,1,4.20416688919067,25.2999992370606,-10.1999998092651,550,30.3860111236572,78
6,1,4.20416688919067,25.2999992370606,-10.1999998092651,550,30.3860111236572,78
6,1,4.20416688919067,25.2999992370606,-10.1999998092651,550,30.3860111236572,78
6,1,4.20416688919067,25.2999992370606,-10.1999998092651,550,30.3860111236572,78
6,2,4.20416688919067,25.2999992370606,-10.1999998092651,550,30.3860111236572,78
6,2,4.20416688919067,25.2999992370606,-10.1999998092651,550,30.3860111236572,78
6,2,4.20416688919067,25.2999992370606,-10.1999998092651,550,30.3860111236572,78
6,2,4.20416688919067,25.2999992370606,-10.1999998092651,550,30.3860111236572,78
7,0,4.90000009536743,26.2000007629395,-9.69999980926514,501,29.3882465362549,95
7,0,4.90000009536743,26.2000007629395,-9.69999980926514,501,29.3882465362549,95
7,0,4.90000009536743,26.2000007629395,-9.69999980926514,501,29.3882465362549,95
7,0,4.90000009536743,26.2000007629395,-9.69999980926514,501,29.3882465362549,95
7,1,4.90000009536743,26.2000007629395,-9.69999980926514,501,29.3882465362549,95
7,1,4.90000009536743,26.2000007629395,-9.69999980926514,501,29.3882465362549,95
7,1,4.90000009536743,26.2000007629395,-9.69999980926514,501,29.3882465362549,95
7,1,4.90000009536743,26.2000007629395,-9.69999980926514,501,29.3882465362549,95
7,2,4.90000009536743,26.2000007629395,-9.69999980926514,501,29.3882465362549,95
7,2,4.90000009536743,26.2000007629395,-9.69999980926514,501,29.3882465362549,95
7,2,4.90000009536743,26.2000007629395,-9.69999980926514,501,29.3882465362549,95
7,2,4.90000009536743,26.2000007629395,-9.69999980926514,501,29.3882465362549,95
8,0,1.08333325386047,20.7000007629395,-11.6000003814697,700,38.4082336425781,88
8,0,1.08333325386047,20.7000007629395,-11.6000003814697,700,38.4082336425781,88
8,0,1.08333325386047,20.7000007629395,-11.6000003814697,700,38.4082336425781,88
8,0,1.08333325386047,20.7000007629395,-11.6000003814697,700,38.4082336425781,88
8,1,1.08333325386047,20.7000007629395,-11.6000003814697,700,38.4082336425781,88
8,1,1.08333325386047,20.7000007629395,-11.6000003814697,700,38.4082336425781,88
8,1,1.08333325386047,20.7000007629395,-11.6000003814697,700,38.4082336425781,88
8,1,1.08333325386047,20.7000007629395,-11.6000003814697,700,38.4082336425781,88
8,2,1.08333325386047,20.7000007629395,-11.6000003814697,700,38.4082336425781,88
8,2,1.08333325386047,20.7000007629395,-11.6000003814697,700,38.4082336425781,88
8,2,1.08333325386047,20.7000007629395,-11.6000003814697,700,38.4082336425781,88
8,2,1.08333325386047,20.7000007629395,-11.6000003814697,700,38.4082336425781,88
9,0,4.84999990463257,25.6000003814697,-9.19999980926514,464,29.9706802368164,91
9,0,4.84999990463257,25.6000003814697,-9.19999980926514,464,29.9706802368164,91
9,0,4.84999990463257,25.6000003814697,-9.19999980926514,464,29.9706802368164,91
9,0,4.84999990463257,25.6000003814697,-9.19999980926514,464,29.9706802368164,91
9,1,4.84999990463257,25.6000003814697,-9.19999980926514,464,29.9706802368164,91
9,1,4.84999990463257,25.6000003814697,-9.19999980926514,464,29.9706802368164,91
9,1,4.84999990463257,25.6000003814697,-9.19999980926514,464,29.9706802368164,91
9,1,4.84999990463257,25.6000003814697,-9.19999980926514,464,29.9706802368164,91
9,2,4.84999990463257,25.6000003814697,-9.19999980926514,464,29.9706802368164,91
9,2,4.84999990463257,25.6000003814697,-9.19999980926514,464,29.9706802368164,91
9,2,4.84999990463257,25.6000003814697,-9.19999980926514,464,29.9706802368164,91
9,2,4.84999990463257,25.6000003814697,-9.19999980926514,464,29.9706802368164,91
10,0,11.5249996185303,26.5,2.20000004768372,1536,73.9243927001953,77
10,0,11.5249996185303,26.5,2.20000004768372,1536,73.9243927001953,77
10,0,11.5249996185303,26.5,2.20000004768372,1536,73.9243927001953,77
10,0,11.5249996185303,26.5,2.20000004768372,1536,73.9243927001953,77
10,1,11.5249996185303,26.5,2.20000004768372,1536,73.9243927001953,77
10,1,11.5249996185303,26.5,2.20000004768372,1536,73.9243927001953,77
10,1,11.5249996185303,26.5,2.20000004768372,1536,73.9243927001953,77
10,1,11.5249996185303,26.5,2.20000004768372,1536,73.9243927001953,77
10,2,11.5249996185303,26.5,2.20000004768372,1536,73.9243927001953,77
10,2,11.5249996185303,26.5,2.20000004768372,1536,73.9243927001953,77
10,2,11.5249996185303,26.5,2.20000004768372,1536,73.9243927001953,77
10,2,11.5249996185303,26.5,2.20000004768372,1536,73.9243927001953,77
11,0,10.6916666030884,22.7999992370606,2.70000004768372,1880,70.15234375,103
11,0,10.6916666030884,22.7999992370606,2.70000004768372,1880,70.15234375,103
11,0,10.6916666030884,22.7999992370606,2.70000004768372,1880,70.15234375,103
11,0,10.6916666030884,22.7999992370606,2.70000004768372,1880,70.15234375,103
11,1,10.6916666030884,22.7999992370606,2.70000004768372,1880,70.15234375,103
11,1,10.6916666030884,22.7999992370606,2.70000004768372,1880,70.15234375,103
11,1,10.6916666030884,22.7999992370606,2.70000004768372,1880,70.15234375,103
11,1,10.6916666030884,22.7999992370606,2.70000004768372,1880,70.15234375,103
11,2,10.6916666030884,22.7999992370606,2.70000004768372,1880,70.15234375,103
11,2,10.6916666030884,22.7999992370606,2.70000004768372,1880,70.15234375,103
11,2,10.6916666030884,22.7999992370606,2.70000004768372,1880,70.15234375,103
11,2,10.6916666030884,22.7999992370606,2.70000004768372,1880,70.15234375,103
12,0,4.89583349227905,24.7999992370606,-8.19999980926514,463,37.756046295166,64
12,0,4.89583349227905,24.7999992370606,-8.19999980926514,463,37.756046295166,64
12,0,4.89583349227905,24.7999992370606,-8.19999980926514,463,37.756046295166,64
12,0,4.89583349227905,24.7999992370606,-8.19999980926514,463,37.756046295166,64
12,1,4.89583349227905,24.7999992370606,-8.19999980926514,463,37.756046295166,64
12,1,4.89583349227905,24.7999992370606,-8.19999980926514,463,37.756046295166,64
12,1,4.89583349227905,24.7999992370606,-8.19999980926514,463,37.756046295166,64
12,1,4.89583349227905,24.7999992370606,-8.19999980926514,463,37.756046295166,64
12,2,4.89583349227905,24.7999992370606,-8.19999980926514,463,37.756046295166,64
12,2,4.89583349227905,24.7999992370606,-8.19999980926514,463,37.756046295166,64
12,2,4.89583349227905,24.7999992370606,-8.19999980926514,463,37.756046295166,64
12,2,4.89583349227905,24.7999992370606,-8.19999980926514,463,37.756046295166,64
13,0,7.89166641235352,29.5,-6.69999980926514,249,33.7931747436523,49
13,0,7.89166641235352,29.5,-6.69999980926514,249,33.7931747436523,49
13,0,7.89166641235352,29.5,-6.69999980926514,249,33.7931747436523,49
13,0,7.89166641235352,29.5,-6.69999980926514,249,33.7931747436523,49
13,1,7.89166641235352,29.5,-6.69999980926514,249,33.7931747436523,49
13,1,7.89166641235352,29.5,-6.69999980926514,249,33.7931747436523,49
13,1,7.89166641235352,29.5,-6.69999980926514,249,33.7931747436523,49
13,1,7.89166641235352,29.5,-6.69999980926514,249,33.7931747436523,49
13,2,7.89166641235352,29.5,-6.69999980926514,249,33.7931747436523,49
13,2,7.89166641235352,29.5,-6.69999980926514,249,33.7931747436523,49
13,2,7.89166641235352,29.5,-6.69999980926514,249,33.7931747436523,49
13,2,7.89166641235352,29.5,-6.69999980926514,249,33.7931747436523,49
14,0,3.33333325386047,21.8999996185303,-8.30000019073486,674,42.8601188659668,81
14,0,3.33333325386047,21.8999996185303,-8.30000019073486,674,42.8601188659668,81
14,0,3.33333325386047,21.8999996185303,-8.30000019073486,674,42.8601188659668,81
14,0,3.33333325386047,21.8999996185303,-8.30000019073486,674,42.8601188659668,81
14,1,3.33333325386047,21.8999996185303,-8.30000019073486,674,42.8601188659668,81
14,1,3.33333325386047,21.8999996185303,-8.30000019073486,674,42.8601188659668,81
14,1,3.33333325386047,21.8999996185303,-8.30000019073486,674,42.8601188659668,81
14,1,3.33333325386047,21.8999996185303,-8.30000019073486,674,42.8601188659668,81
14,2,3.33333325386047,21.8999996185303,-8.30000019073486,674,42.8601188659668,81
14,2,3.33333325386047,21.8999996185303,-8.30000019073486,674,42.8601188659668,81
14,2,3.33333325386047,21.8999996185303,-8.30000019073486,674,42.8601188659668,81
14,2,3.33333325386047,21.8999996185303,-8.30000019073486,674,42.8601188659668,81
15,0,5.88333320617676,26.2000007629395,-7.30000019073486,434,38.494800567627,72
15,0,5.88333320617676,26.2000007629395,-7.30000019073486,434,38.494800567627,72
15,0,5.88333320617676,26.2000007629395,-7.30000019073486,434,38.494800567627,72
15,0,5.88333320617676,26.2000007629395,-7.30000019073486,434,38.494800567627,72
15,1,5.88333320617676,26.2000007629395,-7.30000019073486,434,38.494800567627,72
15,1,5.88333320617676,26.2000007629395,-7.30000019073486,434,38.494800567627,72
15,1,5.88333320617676,26.2000007629395,-7.30000019073486,434,38.494800567627,72
15,1,5.88333320617676,26.2000007629395,-7.30000019073486,434,38.494800567627,72
15,2,5.88333320617676,26.2000007629395,-7.30000019073486,434,38.494800567627,72
15,2,5.88333320617676,26.2000007629395,-7.30000019073486,434,38.494800567627,72
15,2,5.88333320617676,26.2000007629395,-7.30000019073486,434,38.494800567627,72
15,2,5.88333320617676,26.2000007629395,-7.30000019073486,434,38.494800567627,72
16,0,10.6333332061768,26.6000003814697,1.20000004768372,1706,77.0115966796875,80
16,0,10.6333332061768,26.6000003814697,1.20000004768372,1706,77.0115966796875,80
16,0,10.6333332061768,26.6000003814697,1.20000004768372,1706,77.0115966796875,80
16,0,10.6333332061768,26.6000003814697,1.20000004768372,1706,77.0115966796875,80
16,1,10.6333332061768,26.6000003814697,1.20000004768372,1706,77.0115966796875,80
16,1,10.6333332061768,26.6000003814697,1.20000004768372,1706,77.0115966796875,80
16,1,10.6333332061768,26.6000003814697,1.20000004768372,1706,77.0115966796875,80
16,1,10.6333332061768,26.6000003814697,1.20000004768372,1706,77.0115966796875,80
16,2,10.6333332061768,26.6000003814697,1.20000004768372,1706,77.0115966796875,80
16,2,10.6333332061768,26.6000003814697,1.20000004768372,1706,77.0115966796875,80
16,2,10.6333332061768,26.6000003814697,1.20000004768372,1706,77.0115966796875,80
16,2,10.6333332061768,26.6000003814697,1.20000004768372,1706,77.0115966796875,80
17,0,11.0375003814697,23.7000007629395,2.59999990463257,2105,76.5569458007813,90
17,0,11.0375003814697,23.7000007629395,2.59999990463257,2105,76.5569458007813,90
17,0,11.0375003814697,23.7000007629395,2.59999990463257,2105,76.5569458007813,90
17,0,11.0375003814697,23.7000007629395,2.59999990463257,2105,76.5569458007813,90
17,1,11.0375003814697,23.7000007629395,2.59999990463257,2105,76.5569458007813,90
17,1,11.0375003814697,23.7000007629395,2.59999990463257,2105,76.5569458007813,90
17,1,11.0375003814697,23.7000007629395,2.59999990463257,2105,76.5569458007813,90
17,1,11.0375003814697,23.7000007629395,2.59999990463257,2105,76.5569458007813,90
17,2,11.0375003814697,23.7000007629395,2.59999990463257,2105,76.5569458007813,90
17,2,11.0375003814697,23.7000007629395,2.59999990463257,2105,76.5569458007813,90
17,2,11.0375003814697,23.7000007629395,2.59999990463257,2105,76.5569458007813,90
17,2,11.0375003814697,23.7000007629395,2.59999990463257,2105,76.5569458007813,90
18,0,11.875,27.1000003814697,2.40000009536743,1801,76.3843383789063,78
18,0,11.875,27.1000003814697,2.40000009536743,1801,76.3843383789063,78
18,0,11.875,27.1000003814697,2.40000009536743,1801,76.3843383789063,78
18,0,11.875,27.1000003814697,2.40000009536743,1801,76.3843383789063,78
18,1,11.875,27.1000003814697,2.40000009536743,1801,76.3843383789063,78
18,1,11.875,27.1000003814697,2.40000009536743,1801,76.3843383789063,78
18,1,11.875,27.1000003814697,2.40000009536743,1801,76.3843383789063,78
18,1,11.875,27.1000003814697,2.40000009536743,1801,76.3843383789063,78
18,2,11.875,27.1000003814697,2.40000009536743,1801,76.3843383789063,78
18,2,11.875,27.1000003814697,2.40000009536743,1801,76.3843383789063,78
18,2,11.875,27.1000003814697,2.40000009536743,1801,76.3843383789063,78
18,2,11.875,27.1000003814697,2.40000009536743,1801,76.3843383789063,78
19,0,11.6083335876465,27,1.70000004768372,1962,79.8059310913086,77
19,0,11.6083335876465,27,1.70000004768372,1962,79.8059310913086,77
19,0,11.6083335876465,27,1.70000004768372,1962,79.8059310913086,77
19,0,11.6083335876465,27,1.70000004768372,1962,79.8059310913086,77
19,1,11.6083335876465,27,1.70000004768372,1962,79.8059310913086,77
19,1,11.6083335876465,27,1.70000004768372,1962,79.8059310913086,77
19,1,11.6083335876465,27,1.70000004768372,1962,79.8059310913086,77
19,1,11.6083335876465,27,1.70000004768372,1962,79.8059310913086,77
19,2,11.6083335876465,27,1.70000004768372,1962,79.8059310913086,77
19,2,11.6083335876465,27,1.70000004768372,1962,79.8059310913086,77
19,2,11.6083335876465,27,1.70000004768372,1962,79.8059310913086,77
19,2,11.6083335876465,27,1.70000004768372,1962,79.8059310913086,77
20,0,10.5666666030884,23.1000003814697,2.59999990463257,2079,74.1663665771484,99
20,0,10.5666666030884,23.1000003814697,2.59999990463257,2079,74.1663665771484,99
20,0,10.5666666030884,23.1000003814697,2.59999990463257,2079,74.1663665771484,99
20,0,10.5666666030884,23.1000003814697,2.59999990463257,2079,74.1663665771484,99
20,1,10.5666666030884,23.1000003814697,2.59999990463257,2079,74.1663665771484,99
20,1,10.5666666030884,23.1000003814697,2.59999990463257,2079,74.1663665771484,99
20,1,10.5666666030884,23.1000003814697,2.59999990463257,2079,74.1663665771484,99
20,1,10.5666666030884,23.1000003814697,2.59999990463257,2079,74.1663665771484,99
20,2,10.5666666030884,23.1000003814697,2.59999990463257,2079,74.1663665771484,99
20,2,10.5666666030884,23.1000003814697,2.59999990463257,2079,74.1663665771484,99
20,2,10.5666666030884,23.1000003814697,2.59999990463257,2079,74.1663665771484,99
20,2,10.5666666030884,23.1000003814697,2.59999990463257,2079,74.1663665771484,99
21,0,10.9958333969116,24,2.59999990463257,1984,74.8501205444336,92
21,0,10.9958333969116,24,2.59999990463257,1984,74.8501205444336,92
21,0,10.9958333969116,24,2.59999990463257,1984,74.8501205444336,92
21,0,10.9958333969116,24,2.59999990463257,1984,74.8501205444336,92
21,1,10.9958333969116,24,2.59999990463257,1984,74.8501205444336,92
21,1,10.9958333969116,24,2.59999990463257,1984,74.8501205444336,92
21,1,10.9958333969116,24,2.59999990463257,1984,74.8501205444336,92
21,1,10.9958333969116,24,2.59999990463257,1984,74.8501205444336,92
21,2,10.9958333969116,24,2.59999990463257,1984,74.8501205444336,92
21,2,10.9958333969116,24,2.59999990463257,1984,74.8501205444336,92
21,2,10.9958333969116,24,2.59999990463257,1984,74.8501205444336,92
21,2,10.9958333969116,24,2.59999990463257,1984,74.8501205444336,92
22,0,10.9875001907349,22.5,3.29999995231628,2096,74.4710006713867,97
22,0,10.9875001907349,22.5,3.29999995231628,2096,74.4710006713867,97
22,0,10.9875001907349,22.5,3.29999995231628,2096,74.4710006713867,97
22,0,10.9875001907349,22.5,3.29999995231628,2096,74.4710006713867,97
22,1,10.9875001907349,22.5,3.29999995231628,2096,74.4710006713867,97
22,1,10.9875001907349,22.5,3.29999995231628,2096,74.4710006713867,97
22,1,10.9875001907349,22.5,3.29999995231628,2096,74.4710006713867,97
22,1,10.9875001907349,22.5,3.29999995231628,2096,74.4710006713867,97
22,2,10.9875001907349,22.5,3.29999995231628,2096,74.4710006713867,97
22,2,10.9875001907349,22.5,3.29999995231628,2096,74.4710006713867,97
22,2,10.9875001907349,22.5,3.29999995231628,2096,74.4710006713867,97
22,2,10.9875001907349,22.5,3.29999995231628,2096,74.4710006713867,97
23,0,9.66666698455811,22.7999992370606,1.10000002384186,2177,75.9927291870117,100
23,0,9.66666698455811,22.7999992370606,1.10000002384186,2177,75.9927291870117,100
23,0,9.66666698455811,22.7999992370606,1.10000002384186,2177,75.9927291870117,100
23,0,9.66666698455811,22.7999992370606,1.10000002384186,2177,75.9927291870117,100
23,1,9.66666698455811,22.7999992370606,1.10000002384186,2177,75.9927291870117,100
23,1,9.66666698455811,22.7999992370606,1.10000002384186,2177,75.9927291870117,100
23,1,9.66666698455811,22.7999992370606,1.10000002384186,2177,75.9927291870117,100
23,1,9.66666698455811,22.7999992370606,1.10000002384186,2177,75.9927291870117,100
23,2,9.66666698455811,22.7999992370606,1.10000002384186,2177,75.9927291870117,100
23,2,9.66666698455811,22.7999992370606,1.10000002384186,2177,75.9927291870117,100
23,2,9.66666698455811,22.7999992370606,1.10000002384186,2177,75.9927291870117,100
23,2,9.66666698455811,22.7999992370606,1.10000002384186,2177,75.9927291870117,100
24,0,3.72499990463257,22.6000003814697,-8.80000019073486,1201,62.9864730834961,100
24,0,3.72499990463257,22.6000003814697,-8.80000019073486,1201,62.9864730834961,100
24,0,3.72499990463257,22.6000003814697,-8.80000019073486,1201,62.9864730834961,100
24,0,3.72499990463257,22.6000003814697,-8.80000019073486,1201,62.9864730834961,100
24,1,3.72499990463257,22.6000003814697,-8.80000019073486,1201,62.9864730834961,100
24,1,3.72499990463257,22.6000003814697,-8.80000019073486,1201,62.9864730834961,100
24,1,3.72499990463257,22.6000003814697,-8.80000019073486,1201,62.9864730834961,100
24,1,3.72499990463257,22.6000003814697,-8.80000019073486,1201,62.9864730834961,100
24,2,3.72499990463257,22.6000003814697,-8.80000019073486,1201,62.9864730834961,100
24,2,3.72499990463257,22.6000003814697,-8.80000019073486,1201,62.9864730834961,100
24,2,3.72499990463257,22.6000003814697,-8.80000019073486,1201,62.9864730834961,100
24,2,3.72499990463257,22.6000003814697,-8.80000019073486,1201,62.9864730834961,100
25,0,4.94583320617676,24.5,-8.10000038146973,1003,66.1444091796875,84
25,0,4.94583320617676,24.5,-8.10000038146973,1003,66.1444091796875,84
25,0,4.94583320617676,24.5,-8.10000038146973,1003,66.1444091796875,84
25,0,4.94583320617676,24.5,-8.10000038146973,1003,66.1444091796875,84
25,1,4.94583320617676,24.5,-8.10000038146973,1003,66.1444091796875,84
25,1,4.94583320617676,24.5,-8.10000038146973,1003,66.1444091796875,84
25,1,4.94583320617676,24.5,-8.10000038146973,1003,66.1444091796875,84
25,1,4.94583320617676,24.5,-8.10000038146973,1003,66.1444091796875,84
25,2,4.94583320617676,24.5,-8.10000038146973,1003,66.1444091796875,84
25,2,4.94583320617676,24.5,-8.10000038146973,1003,66.1444091796875,84
25,2,4.94583320617676,24.5,-8.10000038146973,1003,66.1444091796875,84
25,2,4.94583320617676,24.5,-8.10000038146973,1003,66.1444091796875,84
26,0,6.48750019073486,26.1000003814697,-6.59999990463257,417,55.1001205444336,56
26,0,6.48750019073486,26.1000003814697,-6.59999990463257,417,55.1001205444336,56
26,0,6.48750019073486,26.1000003814697,-6.59999990463257,417,55.1001205444336,56
26,0,6.48750019073486,26.1000003814697,-6.59999990463257,417,55.1001205444336,56
26,1,6.48750019073486,26.1000003814697,-6.59999990463257,417,55.1001205444336,56
26,1,6.48750019073486,26.1000003814697,-6.59999990463257,417,55.1001205444336,56
26,1,6.48750019073486,26.1000003814697,-6.59999990463257,417,55.1001205444336,56
26,1,6.48750019073486,26.1000003814697,-6.59999990463257,417,55.1001205444336,56
26,2,6.48750019073486,26.1000003814697,-6.59999990463257,417,55.1001205444336,56
26,2,6.48750019073486,26.1000003814697,-6.59999990463257,417,55.1001205444336,56
26,2,6.48750019073486,26.1000003814697,-6.59999990463257,417,55.1001205444336,56
26,2,6.48750019073486,26.1000003814697,-6.59999990463257,417,55.1001205444336,56
27,0,5.46666669845581,26.1000003814697,-8.69999980926514,340,38.1932525634766,59
27,0,5.46666669845581,26.1000003814697,-8.69999980926514,340,38.1932525634766,59
27,0,5.46666669845581,26.1000003814697,-8.69999980926514,340,38.1932525634766,59
27,0,5.46666669845581,26.1000003814697,-8.69999980926514,340,38.1932525634766,59
27,1,5.46666669845581,26.1000003814697,-8.69999980926514,340,38.1932525634766,59
27,1,5.46666669845581,26.1000003814697,-8.69999980926514,340,38.1932525634766,59
27,1,5.46666669845581,26.1000003814697,-8.69999980926514,340,38.1932525634766,59
27,1,5.46666669845581,26.1000003814697,-8.69999980926514,340,38.1932525634766,59
27,2,5.46666669845581,26.1000003814697,-8.69999980926514,340,38.1932525634766,59
27,2,5.46666669845581,26.1000003814697,-8.69999980926514,340,38.1932525634766,59
27,2,5.46666669845581,26.1000003814697,-8.69999980926514,340,38.1932525634766,59
27,2,5.46666669845581,26.1000003814697,-8.69999980926514,340,38.1932525634766,59
28,0,5.4375,26,-8.69999980926514,324,34.6262855529785,60
28,0,5.4375,26,-8.69999980926514,324,34.6262855529785,60
28,0,5.4375,26,-8.69999980926514,324,34.6262855529785,60
28,0,5.4375,26,-8.69999980926514,324,34.6262855529785,60
28,1,5.4375,26,-8.69999980926514,324,34.6262855529785,60
28,1,5.4375,26,-8.69999980926514,324,34.6262855529785,60
28,1,5.4375,26,-8.69999980926514,324,34.6262855529785,60
28,1,5.4375,26,-8.69999980926514,324,34.6262855529785,60
28,2,5.4375,26,-8.69999980926514,324,34.6262855529785,60
28,2,5.4375,26,-8.69999980926514,324,34.6262855529785,60
28,2,5.4375,26,-8.69999980926514,324,34.6262855529785,60
28,2,5.4375,26,-8.69999980926514,324,34.6262855529785,60
29,0,3.83749985694885,22.2999992370605,-7.90000009536743,1296,67.1806640625,100
29,0,3.83749985694885,22.2999992370605,-7.90000009536743,1296,67.1806640625,100
29,0,3.83749985694885,22.2999992370605,-7.90000009536743,1296,67.1806640625,100
29,0,3.83749985694885,22.2999992370605,-7.90000009536743,1296,67.1806640625,100
29,1,3.83749985694885,22.2999992370605,-7.90000009536743,1296,67.1806640625,100
29,1,3.83749985694885,22.2999992370605,-7.90000009536743,1296,67.1806640625,100
29,1,3.83749985694885,22.2999992370605,-7.90000009536743,1296,67.1806640625,100
29,1,3.83749985694885,22.2999992370605,-7.90000009536743,1296,67.1806640625,100
29,2,3.83749985694885,22.2999992370605,-7.90000009536743,1296,67.1806640625,100
29,2,3.83749985694885,22.2999992370605,-7.90000009536743,1296,67.1806640625,100
29,2,3.83749985694885,22.2999992370605,-7.90000009536743,1296,67.1806640625,100
29,2,3.83749985694885,22.2999992370605,-7.90000009536743,1296,67.1806640625,100
30,0,5.39166688919067,25.6000003814697,-8.5,823,62.8835525512695,78
30,0,5.39166688919067,25.6000003814697,-8.5,823,62.8835525512695,78
30,0,5.39166688919067,25.6000003814697,-8.5,823,62.8835525512695,78
30,0,5.39166688919067,25.6000003814697,-8.5,823,62.8835525512695,78
30,1,5.39166688919067,25.6000003814697,-8.5,823,62.8835525512695,78
30,1,5.39166688919067,25.6000003814697,-8.5,823,62.8835525512695,78
30,1,5.39166688919067,25.6000003814697,-8.5,823,62.8835525512695,78
30,1,5.39166688919067,25.6000003814697,-8.5,823,62.8835525512695,78
30,2,5.39166688919067,25.6000003814697,-8.5,823,62.8835525512695,78
30,2,5.39166688919067,25.6000003814697,-8.5,823,62.8835525512695,78
30,2,5.39166688919067,25.6000003814697,-8.5,823,62.8835525512695,78
30,2,5.39166688919067,25.6000003814697,-8.5,823,62.8835525512695,78
31,0,4.4375,22.3999996185303,-6.90000009536743,1729,65.8997039794922,133
31,0,4.4375,22.3999996185303,-6.90000009536743,1729,65.8997039794922,133
31,0,4.4375,22.3999996185303,-6.90000009536743,1729,65.8997039794922,133
31,0,4.4375,22.3999996185303,-6.90000009536743,1729,65.8997039794922,133
31,1,4.4375,22.3999996185303,-6.90000009536743,1729,65.8997039794922,133
31,1,4.4375,22.3999996185303,-6.90000009536743,1729,65.8997039794922,133
31,1,4.4375,22.3999996185303,-6.90000009536743,1729,65.8997039794922,133
31,1,4.4375,22.3999996185303,-6.90000009536743,1729,65.8997039794922,133
31,2,4.4375,22.3999996185303,-6.90000009536743,1729,65.8997039794922,133
31,2,4.4375,22.3999996185303,-6.90000009536743,1729,65.8997039794922,133
31,2,4.4375,22.3999996185303,-6.90000009536743,1729,65.8997039794922,133
31,2,4.4375,22.3999996185303,-6.90000009536743,1729,65.8997039794922,133
32,0,6.08333349227905,26.8999996185303,-8.5,492,57.7796401977539,59
32,0,6.08333349227905,26.8999996185303,-8.5,492,57.7796401977539,59
32,0,6.08333349227905,26.8999996185303,-8.5,492,57.7796401977539,59
32,0,6.08333349227905,26.8999996185303,-8.5,492,57.7796401977539,59
32,1,6.08333349227905,26.8999996185303,-8.5,492,57.7796401977539,59
32,1,6.08333349227905,26.8999996185303,-8.5,492,57.7796401977539,59
32,1,6.08333349227905,26.8999996185303,-8.5,492,57.7796401977539,59
32,1,6.08333349227905,26.8999996185303,-8.5,492,57.7796401977539,59
32,2,6.08333349227905,26.8999996185303,-8.5,492,57.7796401977539,59
32,2,6.08333349227905,26.8999996185303,-8.5,492,57.7796401977539,59
32,2,6.08333349227905,26.8999996185303,-8.5,492,57.7796401977539,59
32,2,6.08333349227905,26.8999996185303,-8.5,492,57.7796401977539,59
33,0,8.0833330154419,29.3999996185303,-6.5,257,40.5057144165039,46
33,0,8.0833330154419,29.3999996185303,-6.5,257,40.5057144165039,46
33,0,8.0833330154419,29.3999996185303,-6.5,257,40.5057144165039,46
33,0,8.0833330154419,29.3999996185303,-6.5,257,40.5057144165039,46
33,1,8.0833330154419,29.3999996185303,-6.5,257,40.5057144165039,46
33,1,8.0833330154419,29.3999996185303,-6.5,257,40.5057144165039,46
33,1,8.0833330154419,29.3999996185303,-6.5,257,40.5057144165039,46
33,1,8.0833330154419,29.3999996185303,-6.5,257,40.5057144165039,46
33,2,8.0833330154419,29.3999996185303,-6.5,257,40.5057144165039,46
33,2,8.0833330154419,29.3999996185303,-6.5,257,40.5057144165039,46
33,2,8.0833330154419,29.3999996185303,-6.5,257,40.5057144165039,46
33,2,8.0833330154419,29.3999996185303,-6.5,257,40.5057144165039,46
34,0,4.28749990463257,23.1000003814697,-8.10000038146973,890,62.9005851745606,82
34,0,4.28749990463257,23.1000003814697,-8.10000038146973,890,62.9005851745606,82
34,0,4.28749990463257,23.1000003814697,-8.10000038146973,890,62.9005851745606,82
34,0,4.28749990463257,23.1000003814697,-8.10000038146973,890,62.9005851745606,82
34,1,4.28749990463257,23.1000003814697,-8.10000038146973,890,62.9005851745606,82
34,1,4.28749990463257,23.1000003814697,-8.10000038146973,890,62.9005851745606,82
34,1,4.28749990463257,23.1000003814697,-8.10000038146973,890,62.9005851745606,82
34,1,4.28749990463257,23.1000003814697,-8.10000038146973,890,62.9005851745606,82
34,2,4.28749990463257,23.1000003814697,-8.10000038146973,890,62.9005851745606,82
34,2,4.28749990463257,23.1000003814697,-8.10000038146973,890,62.9005851745606,82
34,2,4.28749990463257,23.1000003814697,-8.10000038146973,890,62.9005851745606,82
34,2,4.28749990463257,23.1000003814697,-8.10000038146973,890,62.9005851745606,82
35,0,4.36249971389771,23.2999992370605,-7.80000019073486,1134,67.6544723510742,90
35,0,4.36249971389771,23.2999992370605,-7.80000019073486,1134,67.6544723510742,90
35,0,4.36249971389771,23.2999992370605,-7.80000019073486,1134,67.6544723510742,90
35,0,4.36249971389771,23.2999992370605,-7.80000019073486,1134,67.6544723510742,90
35,1,4.36249971389771,23.2999992370605,-7.80000019073486,1134,67.6544723510742,90
35,1,4.36249971389771,23.2999992370605,-7.80000019073486,1134,67.6544723510742,90
35,1,4.36249971389771,23.2999992370605,-7.80000019073486,1134,67.6544723510742,90
35,1,4.36249971389771,23.2999992370605,-7.80000019073486,1134,67.6544723510742,90
35,2,4.36249971389771,23.2999992370605,-7.80000019073486,1134,67.6544723510742,90
35,2,4.36249971389771,23.2999992370605,-7.80000019073486,1134,67.6544723510742,90
35,2,4.36249971389771,23.2999992370605,-7.80000019073486,1134,67.6544723510742,90
35,2,4.36249971389771,23.2999992370605,-7.80000019073486,1134,67.6544723510742,90
36,0,6.41666650772095,25.3999996185303,-5.40000009536743,1303,68.7158889770508,87
36,0,6.41666650772095,25.3999996185303,-5.40000009536743,1303,68.7158889770508,87
36,0,6.41666650772095,25.3999996185303,-5.40000009536743,1303,68.7158889770508,87
36,0,6.41666650772095,25.3999996185303,-5.40000009536743,1303,68.7158889770508,87
36,1,6.41666650772095,25.3999996185303,-5.40000009536743,1303,68.7158889770508,87
36,1,6.41666650772095,25.3999996185303,-5.40000009536743,1303,68.7158889770508,87
36,1,6.41666650772095,25.3999996185303,-5.40000009536743,1303,68.7158889770508,87
36,1,6.41666650772095,25.3999996185303,-5.40000009536743,1303,68.7158889770508,87
36,2,6.41666650772095,25.3999996185303,-5.40000009536743,1303,68.7158889770508,87
36,2,6.41666650772095,25.3999996185303,-5.40000009536743,1303,68.7158889770508,87
36,2,6.41666650772095,25.3999996185303,-5.40000009536743,1303,68.7158889770508,87
36,2,6.41666650772095,25.3999996185303,-5.40000009536743,1303,68.7158889770508,87
37,0,8.02499961853027,25.7000007629395,-2.20000004768372,1514,69.2807693481445,94
37,0,8.02499961853027,25.7000007629395,-2.20000004768372,1514,69.2807693481445,94
37,0,8.02499961853027,25.7000007629395,-2.20000004768372,1514,69.2807693481445,94
37,0,8.02499961853027,25.7000007629395,-2.20000004768372,1514,69.2807693481445,94
37,1,8.02499961853027,25.7000007629395,-2.20000004768372,1514,69.2807693481445,94
37,1,8.02499961853027,25.7000007629395,-2.20000004768372,1514,69.2807693481445,94
37,1,8.02499961853027,25.7000007629395,-2.20000004768372,1514,69.2807693481445,94
37,1,8.02499961853027,25.7000007629395,-2.20000004768372,1514,69.2807693481445,94
37,2,8.02499961853027,25.7000007629395,-2.20000004768372,1514,69.2807693481445,94
37,2,8.02499961853027,25.7000007629395,-2.20000004768372,1514,69.2807693481445,94
37,2,8.02499961853027,25.7000007629395,-2.20000004768372,1514,69.2807693481445,94
37,2,8.02499961853027,25.7000007629395,-2.20000004768372,1514,69.2807693481445,94
38,0,7.25,25.7999992370605,-3.90000009536743,1378,68.622688293457,95
38,0,7.25,25.7999992370605,-3.90000009536743,1378,68.622688293457,95
38,0,7.25,25.7999992370605,-3.90000009536743,1378,68.622688293457,95
38,0,7.25,25.7999992370605,-3.90000009536743,1378,68.622688293457,95
38,1,7.25,25.7999992370605,-3.90000009536743,1378,68.622688293457,95
38,1,7.25,25.7999992370605,-3.90000009536743,1378,68.622688293457,95
38,1,7.25,25.7999992370605,-3.90000009536743,1378,68.622688293457,95
38,1,7.25,25.7999992370605,-3.90000009536743,1378,68.622688293457,95
38,2,7.25,25.7999992370605,-3.90000009536743,1378,68.622688293457,95
38,2,7.25,25.7999992370605,-3.90000009536743,1378,68.622688293457,95
38,2,7.25,25.7999992370605,-3.90000009536743,1378,68.622688293457,95
38,2,7.25,25.7999992370605,-3.90000009536743,1378,68.622688293457,95
39,0,7.95833349227905,26,-2.5,1412,68.9770660400391,89
39,0,7.95833349227905,26,-2.5,1412,68.9770660400391,89
39,0,7.95833349227905,26,-2.5,1412,68.9770660400391,89
39,0,7.95833349227905,26,-2.5,1412,68.9770660400391,89
39,1,7.95833349227905,26,-2.5,1412,68.9770660400391,89
39,1,7.95833349227905,26,-2.5,1412,68.9770660400391,89
39,1,7.95833349227905,26,-2.5,1412,68.9770660400391,89
39,1,7.95833349227905,26,-2.5,1412,68.9770660400391,89
39,2,7.95833349227905,26,-2.5,1412,68.9770660400391,89
39,2,7.95833349227905,26,-2.5,1412,68.9770660400391,89
39,2,7.95833349227905,26,-2.5,1412,68.9770660400391,89
39,2,7.95833349227905,26,-2.5,1412,68.9770660400391,89
40,0,6.65000009536743,24.6000003814697,-4,1546,68.5268630981445,105
40,0,6.65000009536743,24.6000003814697,-4,1546,68.5268630981445,105
40,0,6.65000009536743,24.6000003814697,-4,1546,68.5268630981445,105
40,0,6.65000009536743,24.6000003814697,-4,1546,68.5268630981445,105
40,1,6.65000009536743,24.6000003814697,-4,1546,68.5268630981445,105
40,1,6.65000009536743,24.6000003814697,-4,1546,68.5268630981445,105
40,1,6.65000009536743,24.6000003814697,-4,1546,68.5268630981445,105
40,1,6.65000009536743,24.6000003814697,-4,1546,68.5268630981445,105
40,2,6.65000009536743,24.6000003814697,-4,1546,68.5268630981445,105
40,2,6.65000009536743,24.6000003814697,-4,1546,68.5268630981445,105
40,2,6.65000009536743,24.6000003814697,-4,1546,68.5268630981445,105
40,2,6.65000009536743,24.6000003814697,-4,1546,68.5268630981445,105
41,0,8.5625,26.2000007629395,-1.79999995231628,1524,69.1627883911133,94
41,0,8.5625,26.2000007629395,-1.79999995231628,1524,69.1627883911133,94
41,0,8.5625,26.2000007629395,-1.79999995231628,1524,69.1627883911133,94
41,0,8.5625,26.2000007629395,-1.79999995231628,1524,69.1627883911133,94
41,1,8.5625,26.2000007629395,-1.79999995231628,1524,69.1627883911133,94
41,1,8.5625,26.2000007629395,-1.79999995231628,1524,69.1627883911133,94
41,1,8.5625,26.2000007629395,-1.79999995231628,1524,69.1627883911133,94
41,1,8.5625,26.2000007629395,-1.79999995231628,1524,69.1627883911133,94
41,2,8.5625,26.2000007629395,-1.79999995231628,1524,69.1627883911133,94
41,2,8.5625,26.2000007629395,-1.79999995231628,1524,69.1627883911133,94
41,2,8.5625,26.2000007629395,-1.79999995231628,1524,69.1627883911133,94
41,2,8.5625,26.2000007629395,-1.79999995231628,1524,69.1627883911133,94
42,0,9.375,26.8999996185303,-0.699999988079071,1572,68.1626815795899,101
42,0,9.375,26.8999996185303,-0.699999988079071,1572,68.1626815795899,101
42,0,9.375,26.8999996185303,-0.699999988079071,1572,68.1626815795899,101
42,0,9.375,26.8999996185303,-0.699999988079071,1572,68.1626815795899,101
42,1,9.375,26.8999996185303,-0.699999988079071,1572,68.1626815795899,101
42,1,9.375,26.8999996185303,-0.699999988079071,1572,68.1626815795899,101
42,1,9.375,26.8999996185303,-0.699999988079071,1572,68.1626815795899,101
42,1,9.375,26.8999996185303,-0.699999988079071,1572,68.1626815795899,101
42,2,9.375,26.8999996185303,-0.699999988079071,1572,68.1626815795899,101
42,2,9.375,26.8999996185303,-0.699999988079071,1572,68.1626815795899,101
42,2,9.375,26.8999996185303,-0.699999988079071,1572,68.1626815795899,101
42,2,9.375,26.8999996185303,-0.699999988079071,1572,68.1626815795899,101
43,0,7.11666679382324,26.6000003814697,-5.09999990463257,1182,68.4752655029297,80
43,0,7.11666679382324,26.6000003814697,-5.09999990463257,1182,68.4752655029297,80
43,0,7.11666679382324,26.6000003814697,-5.09999990463257,1182,68.4752655029297,80
43,0,7.11666679382324,26.6000003814697,-5.09999990463257,1182,68.4752655029297,80
43,1,7.11666679382324,26.6000003814697,-5.09999990463257,1182,68.4752655029297,80
43,1,7.11666679382324,26.6000003814697,-5.09999990463257,1182,68.4752655029297,80
43,1,7.11666679382324,26.6000003814697,-5.09999990463257,1182,68.4752655029297,80
43,1,7.11666679382324,26.6000003814697,-5.09999990463257,1182,68.4752655029297,80
43,2,7.11666679382324,26.6000003814697,-5.09999990463257,1182,68.4752655029297,80
43,2,7.11666679382324,26.6000003814697,-5.09999990463257,1182,68.4752655029297,80
43,2,7.11666679382324,26.6000003814697,-5.09999990463257,1182,68.4752655029297,80
43,2,7.11666679382324,26.6000003814697,-5.09999990463257,1182,68.4752655029297,80
44,0,9.625,27.6000003814697,-0.800000011920929,1491,67.1695861816406,98
44,0,9.625,27.6000003814697,-0.800000011920929,1491,67.1695861816406,98
44,0,9.625,27.6000003814697,-0.800000011920929,1491,67.1695861816406,98
44,0,9.625,27.6000003814697,-0.800000011920929,1491,67.1695861816406,98
44,1,9.625,27.6000003814697,-0.800000011920929,1491,67.1695861816406,98
44,1,9.625,27.6000003814697,-0.800000011920929,1491,67.1695861816406,98
44,1,9.625,27.6000003814697,-0.800000011920929,1491,67.1695861816406,98
44,1,9.625,27.6000003814697,-0.800000011920929,1491,67.1695861816406,98
44,2,9.625,27.6000003814697,-0.800000011920929,1491,67.1695861816406,98
44,2,9.625,27.6000003814697,-0.800000011920929,1491,67.1695861816406,98
44,2,9.625,27.6000003814697,-0.800000011920929,1491,67.1695861816406,98
44,2,9.625,27.6000003814697,-0.800000011920929,1491,67.1695861816406,98
45,0,7.92500019073486,26,-2.59999990463257,1518,68.7268981933594,100
45,0,7.92500019073486,26,-2.59999990463257,1518,68.7268981933594,100
45,0,7.92500019073486,26,-2.59999990463257,1518,68.7268981933594,100
45,0,7.92500019073486,26,-2.59999990463257,1518,68.7268981933594,100
45,1,7.92500019073486,26,-2.59999990463257,1518,68.7268981933594,100
45,1,7.92500019073486,26,-2.59999990463257,1518,68.7268981933594,100
45,1,7.92500019073486,26,-2.59999990463257,1518,68.7268981933594,100
45,1,7.92500019073486,26,-2.59999990463257,1518,68.7268981933594,100
45,2,7.92500019073486,26,-2.59999990463257,1518,68.7268981933594,100
45,2,7.92500019073486,26,-2.59999990463257,1518,68.7268981933594,100
45,2,7.92500019073486,26,-2.59999990463257,1518,68.7268981933594,100
45,2,7.92500019073486,26,-2.59999990463257,1518,68.7268981933594,100
46,0,11.466667175293,28.2999992370605,1.10000002384186,1233,71.8269271850586,69
46,0,11.466667175293,28.2999992370605,1.10000002384186,1233,71.8269271850586,69
46,0,11.466667175293,28.2999992370605,1.10000002384186,1233,71.8269271850586,69
46,0,11.466667175293,28.2999992370605,1.10000002384186,1233,71.8269271850586,69
46,1,11.466667175293,28.2999992370605,1.10000002384186,1233,71.8269271850586,69
46,1,11.466667175293,28.2999992370605,1.10000002384186,1233,71.8269271850586,69
46,1,11.466667175293,28.2999992370605,1.10000002384186,1233,71.8269271850586,69
46,1,11.466667175293,28.2999992370605,1.10000002384186,1233,71.8269271850586,69
46,2,11.466667175293,28.2999992370605,1.10000002384186,1233,71.8269271850586,69
46,2,11.466667175293,28.2999992370605,1.10000002384186,1233,71.8269271850586,69
46,2,11.466667175293,28.2999992370605,1.10000002384186,1233,71.8269271850586,69
46,2,11.466667175293,28.2999992370605,1.10000002384186,1233,71.8269271850586,69
47,0,6.60416650772095,26.5,-6.30000019073486,1070,68.6049880981445,79
47,0,6.60416650772095,26.5,-6.30000019073486,1070,68.6049880981445,79
47,0,6.60416650772095,26.5,-6.30000019073486,1070,68.6049880981445,79
47,0,6.60416650772095,26.5,-6.30000019073486,1070,68.6049880981445,79
47,1,6.60416650772095,26.5,-6.30000019073486,1070,68.6049880981445,79
47,1,6.60416650772095,26.5,-6.30000019073486,1070,68.6049880981445,79
47,1,6.60416650772095,26.5,-6.30000019073486,1070,68.6049880981445,79
47,1,6.60416650772095,26.5,-6.30000019073486,1070,68.6049880981445,79
47,2,6.60416650772095,26.5,-6.30000019073486,1070,68.6049880981445,79
47,2,6.60416650772095,26.5,-6.30000019073486,1070,68.6049880981445,79
47,2,6.60416650772095,26.5,-6.30000019073486,1070,68.6049880981445,79
47,2,6.60416650772095,26.5,-6.30000019073486,1070,68.6049880981445,79
48,0,10.9375,27,1.20000004768372,1555,69.8217849731445,92
48,0,10.9375,27,1.20000004768372,1555,69.8217849731445,92
48,0,10.9375,27,1.20000004768372,1555,69.8217849731445,92
48,0,10.9375,27,1.20000004768372,1555,69.8217849731445,92
48,1,10.9375,27,1.20000004768372,1555,69.8217849731445,92
48,1,10.9375,27,1.20000004768372,1555,69.8217849731445,92
48,1,10.9375,27,1.20000004768372,1555,69.8217849731445,92
48,1,10.9375,27,1.20000004768372,1555,69.8217849731445,92
48,2,10.9375,27,1.20000004768372,1555,69.8217849731445,92
48,2,10.9375,27,1.20000004768372,1555,69.8217849731445,92
48,2,10.9375,27,1.20000004768372,1555,69.8217849731445,92
48,2,10.9375,27,1.20000004768372,1555,69.8217849731445,92
49,0,8.07916641235352,26.8999996185303,-3.29999995231628,1400,67.9976806640625,95
49,0,8.07916641235352,26.8999996185303,-3.29999995231628,1400,67.9976806640625,95
49,0,8.07916641235352,26.8999996185303,-3.29999995231628,1400,67.9976806640625,95
49,0,8.07916641235352,26.8999996185303,-3.29999995231628,1400,67.9976806640625,95
49,1,8.07916641235352,26.8999996185303,-3.29999995231628,1400,67.9976806640625,95
49,1,8.07916641235352,26.8999996185303,-3.29999995231628,1400,67.9976806640625,95
49,1,8.07916641235352,26.8999996185303,-3.29999995231628,1400,67.9976806640625,95
49,1,8.07916641235352,26.8999996185303,-3.29999995231628,1400,67.9976806640625,95
49,2,8.07916641235352,26.8999996185303,-3.29999995231628,1400,67.9976806640625,95
49,2,8.07916641235352,26.8999996185303,-3.29999995231628,1400,67.9976806640625,95
49,2,8.07916641235352,26.8999996185303,-3.29999995231628,1400,67.9976806640625,95
49,2,8.07916641235352,26.8999996185303,-3.29999995231628,1400,67.9976806640625,95
50,0,11.1833333969116,28.1000003814697,0.899999976158142,1480,68.1482162475586,92
50,0,11.1833333969116,28.1000003814697,0.899999976158142,1480,68.1482162475586,92
50,0,11.1833333969116,28.1000003814697,0.899999976158142,1480,68.1482162475586,92
50,0,11.1833333969116,28.1000003814697,0.899999976158142,1480,68.1482162475586,92
50,1,11.1833333969116,28.1000003814697,0.899999976158142,1480,68.1482162475586,92
50,1,11.1833333969116,28.1000003814697,0.899999976158142,1480,68.1482162475586,92
50,1,11.1833333969116,28.1000003814697,0.899999976158142,1480,68.1482162475586,92
50,1,11.1833333969116,28.1000003814697,0.899999976158142,1480,68.1482162475586,92
50,2,11.1833333969116,28.1000003814697,0.899999976158142,1480,68.1482162475586,92
50,2,11.1833333969116,28.1000003814697,0.899999976158142,1480,68.1482162475586,92
50,2,11.1833333969116,28.1000003814697,0.899999976158142,1480,68.1482162475586,92
50,2,11.1833333969116,28.1000003814697,0.899999976158142,1480,68.1482162475586,92
51,0,5.75,25.1000003814697,-6.59999990463257,1171,69.3294906616211,84
51,0,5.75,25.1000003814697,-6.59999990463257,1171,69.3294906616211,84
51,0,5.75,25.1000003814697,-6.59999990463257,1171,69.3294906616211,84
51,0,5.75,25.1000003814697,-6.59999990463257,1171,69.3294906616211,84
51,1,5.75,25.1000003814697,-6.59999990463257,1171,69.3294906616211,84
51,1,5.75,25.1000003814697,-6.59999990463257,1171,69.3294906616211,84
51,1,5.75,25.1000003814697,-6.59999990463257,1171,69.3294906616211,84
51,1,5.75,25.1000003814697,-6.59999990463257,1171,69.3294906616211,84
51,2,5.75,25.1000003814697,-6.59999990463257,1171,69.3294906616211,84
51,2,5.75,25.1000003814697,-6.59999990463257,1171,69.3294906616211,84
51,2,5.75,25.1000003814697,-6.59999990463257,1171,69.3294906616211,84
51,2,5.75,25.1000003814697,-6.59999990463257,1171,69.3294906616211,84
52,0,4.4375,25.3999996185303,-9.69999980926514,405,34.8173332214355,57
52,0,4.4375,25.3999996185303,-9.69999980926514,405,34.8173332214355,57
52,0,4.4375,25.3999996185303,-9.69999980926514,405,34.8173332214355,57
52,0,4.4375,25.3999996185303,-9.69999980926514,405,34.8173332214355,57
52,1,4.4375,25.3999996185303,-9.69999980926514,405,34.8173332214355,57
52,1,4.4375,25.3999996185303,-9.69999980926514,405,34.8173332214355,57
52,1,4.4375,25.3999996185303,-9.69999980926514,405,34.8173332214355,57
52,1,4.4375,25.3999996185303,-9.69999980926514,405,34.8173332214355,57
52,2,4.4375,25.3999996185303,-9.69999980926514,405,34.8173332214355,57
52,2,4.4375,25.3999996185303,-9.69999980926514,405,34.8173332214355,57
52,2,4.4375,25.3999996185303,-9.69999980926514,405,34.8173332214355,57
52,2,4.4375,25.3999996185303,-9.69999980926514,405,34.8173332214355,57
53,0,3.96666669845581,25.3999996185303,-10.8999996185303,433,35.4491996765137,61
53,0,3.96666669845581,25.3999996185303,-10.8999996185303,433,35.4491996765137,61
53,0,3.96666669845581,25.3999996185303,-10.8999996185303,433,35.4491996765137,61
53,0,3.96666669845581,25.3999996185303,-10.8999996185303,433,35.4491996765137,61
53,1,3.96666669845581,25.3999996185303,-10.8999996185303,433,35.4491996765137,61
53,1,3.96666669845581,25.3999996185303,-10.8999996185303,433,35.4491996765137,61
53,1,3.96666669845581,25.3999996185303,-10.8999996185303,433,35.4491996765137,61
53,1,3.96666669845581,25.3999996185303,-10.8999996185303,433,35.4491996765137,61
53,2,3.96666669845581,25.3999996185303,-10.8999996185303,433,35.4491996765137,61
53,2,3.96666669845581,25.3999996185303,-10.8999996185303,433,35.4491996765137,61
53,2,3.96666669845581,25.3999996185303,-10.8999996185303,433,35.4491996765137,61
53,2,3.96666669845581,25.3999996185303,-10.8999996185303,433,35.4491996765137,61
54,0,2.8125,22.5,-9.89999961853027,658,39.6084442138672,82
54,0,2.8125,22.5,-9.89999961853027,658,39.6084442138672,82
54,0,2.8125,22.5,-9.89999961853027,658,39.6084442138672,82
54,0,2.8125,22.5,-9.89999961853027,658,39.6084442138672,82
54,1,2.8125,22.5,-9.89999961853027,658,39.6084442138672,82
54,1,2.8125,22.5,-9.89999961853027,658,39.6084442138672,82
54,1,2.8125,22.5,-9.89999961853027,658,39.6084442138672,82
54,1,2.8125,22.5,-9.89999961853027,658,39.6084442138672,82
54,2,2.8125,22.5,-9.89999961853027,658,39.6084442138672,82
54,2,2.8125,22.5,-9.89999961853027,658,39.6084442138672,82
54,2,2.8125,22.5,-9.89999961853027,658,39.6084442138672,82
54,2,2.8125,22.5,-9.89999961853027,658,39.6084442138672,82
55,0,5.73333358764648,26.2000007629395,-8,549,38.4499702453613,81
55,0,5.73333358764648,26.2000007629395,-8,549,38.4499702453613,81
55,0,5.73333358764648,26.2000007629395,-8,549,38.4499702453613,81
55,0,5.73333358764648,26.2000007629395,-8,549,38.4499702453613,81
55,1,5.73333358764648,26.2000007629395,-8,549,38.4499702453613,81
55,1,5.73333358764648,26.2000007629395,-8,549,38.4499702453613,81
55,1,5.73333358764648,26.2000007629395,-8,549,38.4499702453613,81
55,1,5.73333358764648,26.2000007629395,-8,549,38.4499702453613,81
55,2,5.73333358764648,26.2000007629395,-8,549,38.4499702453613,81
55,2,5.73333358764648,26.2000007629395,-8,549,38.4499702453613,81
55,2,5.73333358764648,26.2000007629395,-8,549,38.4499702453613,81
55,2,5.73333358764648,26.2000007629395,-8,549,38.4499702453613,81
56,0,5.24166679382324,26.3999996185303,-9.10000038146973,549,37.9819488525391,86
56,0,5.24166679382324,26.3999996185303,-9.10000038146973,549,37.9819488525391,86
56,0,5.24166679382324,26.3999996185303,-9.10000038146973,549,37.9819488525391,86
56,0,5.24166679382324,26.3999996185303,-9.10000038146973,549,37.9819488525391,86
56,1,5.24166679382324,26.3999996185303,-9.10000038146973,549,37.9819488525391,86
56,1,5.24166679382324,26.3999996185303,-9.10000038146973,549,37.9819488525391,86
56,1,5.24166679382324,26.3999996185303,-9.10000038146973,549,37.9819488525391,86
56,1,5.24166679382324,26.3999996185303,-9.10000038146973,549,37.9819488525391,86
56,2,5.24166679382324,26.3999996185303,-9.10000038146973,549,37.9819488525391,86
56,2,5.24166679382324,26.3999996185303,-9.10000038146973,549,37.9819488525391,86
56,2,5.24166679382324,26.3999996185303,-9.10000038146973,549,37.9819488525391,86
56,2,5.24166679382324,26.3999996185303,-9.10000038146973,549,37.9819488525391,86
57,0,6.50833320617676,27.5,-7.40000009536743,409,29.0033912658691,62
57,0,6.50833320617676,27.5,-7.40000009536743,409,29.0033912658691,62
57,0,6.50833320617676,27.5,-7.40000009536743,409,29.0033912658691,62
57,0,6.50833320617676,27.5,-7.40000009536743,409,29.0033912658691,62
57,1,6.50833320617676,27.5,-7.40000009536743,409,29.0033912658691,62
57,1,6.50833320617676,27.5,-7.40000009536743,409,29.0033912658691,62
57,1,6.50833320617676,27.5,-7.40000009536743,409,29.0033912658691,62
57,1,6.50833320617676,27.5,-7.40000009536743,409,29.0033912658691,62
57,2,6.50833320617676,27.5,-7.40000009536743,409,29.0033912658691,62
57,2,6.50833320617676,27.5,-7.40000009536743,409,29.0033912658691,62
57,2,6.50833320617676,27.5,-7.40000009536743,409,29.0033912658691,62
57,2,6.50833320617676,27.5,-7.40000009536743,409,29.0033912658691,62
58,0,4.41666650772095,25.8999996185303,-10.3000001907349,536,37.9778900146484,88
58,0,4.41666650772095,25.8999996185303,-10.3000001907349,536,37.9778900146484,88
58,0,4.41666650772095,25.8999996185303,-10.3000001907349,536,37.9778900146484,88
58,0,4.41666650772095,25.8999996185303,-10.3000001907349,536,37.9778900146484,88
58,1,4.41666650772095,25.8999996185303,-10.3000001907349,536,37.9778900146484,88
58,1,4.41666650772095,25.8999996185303,-10.3000001907349,536,37.9778900146484,88
58,1,4.41666650772095,25.8999996185303,-10.3000001907349,536,37.9778900146484,88
58,1,4.41666650772095,25.8999996185303,-10.3000001907349,536,37.9778900146484,88
58,2,4.41666650772095,25.8999996185303,-10.3000001907349,536,37.9778900146484,88
58,2,4.41666650772095,25.8999996185303,-10.3000001907349,536,37.9778900146484,88
58,2,4.41666650772095,25.8999996185303,-10.3000001907349,536,37.9778900146484,88
58,2,4.41666650772095,25.8999996185303,-10.3000001907349,536,37.9778900146484,88
59,0,4.87916660308838,27.1000003814697,-10.6999998092651,372,31.701286315918,56
59,0,4.87916660308838,27.1000003814697,-10.6999998092651,372,31.701286315918,56
59,0,4.87916660308838,27.1000003814697,-10.6999998092651,372,31.701286315918,56
59,0,4.87916660308838,27.1000003814697,-10.6999998092651,372,31.701286315918,56
59,1,4.87916660308838,27.1000003814697,-10.6999998092651,372,31.701286315918,56
59,1,4.87916660308838,27.1000003814697,-10.6999998092651,372,31.701286315918,56
59,1,4.87916660308838,27.1000003814697,-10.6999998092651,372,31.701286315918,56
59,1,4.87916660308838,27.1000003814697,-10.6999998092651,372,31.701286315918,56
59,2,4.87916660308838,27.1000003814697,-10.6999998092651,372,31.701286315918,56
59,2,4.87916660308838,27.1000003814697,-10.6999998092651,372,31.701286315918,56
59,2,4.87916660308838,27.1000003814697,-10.6999998092651,372,31.701286315918,56
59,2,4.87916660308838,27.1000003814697,-10.6999998092651,372,31.701286315918,56
60,0,4.72083330154419,25.2000007629395,-8.30000019073486,467,33.2433547973633,66
60,0,4.72083330154419,25.2000007629395,-8.30000019073486,467,33.2433547973633,66
60,0,4.72083330154419,25.2000007629395,-8.30000019073486,467,33.2433547973633,66
60,0,4.72083330154419,25.2000007629395,-8.30000019073486,467,33.2433547973633,66
60,1,4.72083330154419,25.2000007629395,-8.30000019073486,467,33.2433547973633,66
60,1,4.72083330154419,25.2000007629395,-8.30000019073486,467,33.2433547973633,66
60,1,4.72083330154419,25.2000007629395,-8.30000019073486,467,33.2433547973633,66
60,1,4.72083330154419,25.2000007629395,-8.30000019073486,467,33.2433547973633,66
60,2,4.72083330154419,25.2000007629395,-8.30000019073486,467,33.2433547973633,66
60,2,4.72083330154419,25.2000007629395,-8.30000019073486,467,33.2433547973633,66
60,2,4.72083330154419,25.2000007629395,-8.30000019073486,467,33.2433547973633,66
60,2,4.72083330154419,25.2000007629395,-8.30000019073486,467,33.2433547973633,66
61,0,4.85833358764648,25.5,-8.39999961853027,518,35.3781471252441,70
61,0,4.85833358764648,25.5,-8.39999961853027,518,35.3781471252441,70
61,0,4.85833358764648,25.5,-8.39999961853027,518,35.3781471252441,70
61,0,4.85833358764648,25.5,-8.39999961853027,518,35.3781471252441,70
61,1,4.85833358764648,25.5,-8.39999961853027,518,35.3781471252441,70
61,1,4.85833358764648,25.5,-8.39999961853027,518,35.3781471252441,70
61,1,4.85833358764648,25.5,-8.39999961853027,518,35.3781471252441,70
61,1,4.85833358764648,25.5,-8.39999961853027,518,35.3781471252441,70
61,2,4.85833358764648,25.5,-8.39999961853027,518,35.3781471252441,70
61,2,4.85833358764648,25.5,-8.39999961853027,518,35.3781471252441,70
61,2,4.85833358764648,25.5,-8.39999961853027,518,35.3781471252441,70
61,2,4.85833358764648,25.5,-8.39999961853027,518,35.3781471252441,70
62,0,4.5625,27.1000003814697,-11.6999998092651,392,35.4932327270508,69
62,0,4.5625,27.1000003814697,-11.6999998092651,392,35.4932327270508,69
62,0,4.5625,27.1000003814697,-11.6999998092651,392,35.4932327270508,69
62,0,4.5625,27.1000003814697,-11.6999998092651,392,35.4932327270508,69
62,1,4.5625,27.1000003814697,-11.6999998092651,392,35.4932327270508,69
62,1,4.5625,27.1000003814697,-11.6999998092651,392,35.4932327270508,69
62,1,4.5625,27.1000003814697,-11.6999998092651,392,35.4932327270508,69
62,1,4.5625,27.1000003814697,-11.6999998092651,392,35.4932327270508,69
62,2,4.5625,27.1000003814697,-11.6999998092651,392,35.4932327270508,69
62,2,4.5625,27.1000003814697,-11.6999998092651,392,35.4932327270508,69
62,2,4.5625,27.1000003814697,-11.6999998092651,392,35.4932327270508,69
62,2,4.5625,27.1000003814697,-11.6999998092651,392,35.4932327270508,69
63,0,4.8125,25.7999992370605,-9.39999961853027,557,38.9544525146484,88
63,0,4.8125,25.7999992370605,-9.39999961853027,557,38.9544525146484,88
63,0,4.8125,25.7999992370605,-9.39999961853027,557,38.9544525146484,88
63,0,4.8125,25.7999992370605,-9.39999961853027,557,38.9544525146484,88
63,1,4.8125,25.7999992370605,-9.39999961853027,557,38.9544525146484,88
63,1,4.8125,25.7999992370605,-9.39999961853027,557,38.9544525146484,88
63,1,4.8125,25.7999992370605,-9.39999961853027,557,38.9544525146484,88
63,1,4.8125,25.7999992370605,-9.39999961853027,557,38.9544525146484,88
63,2,4.8125,25.7999992370605,-9.39999961853027,557,38.9544525146484,88
63,2,4.8125,25.7999992370605,-9.39999961853027,557,38.9544525146484,88
63,2,4.8125,25.7999992370605,-9.39999961853027,557,38.9544525146484,88
63,2,4.8125,25.7999992370605,-9.39999961853027,557,38.9544525146484,88
64,0,5.58333349227905,26.8999996185303,-8.5,466,33.0430755615234,66
64,0,5.58333349227905,26.8999996185303,-8.5,466,33.0430755615234,66
64,0,5.58333349227905,26.8999996185303,-8.5,466,33.0430755615234,66
64,0,5.58333349227905,26.8999996185303,-8.5,466,33.0430755615234,66
64,1,5.58333349227905,26.8999996185303,-8.5,466,33.0430755615234,66
64,1,5.58333349227905,26.8999996185303,-8.5,466,33.0430755615234,66
64,1,5.58333349227905,26.8999996185303,-8.5,466,33.0430755615234,66
64,1,5.58333349227905,26.8999996185303,-8.5,466,33.0430755615234,66
64,2,5.58333349227905,26.8999996185303,-8.5,466,33.0430755615234,66
64,2,5.58333349227905,26.8999996185303,-8.5,466,33.0430755615234,66
64,2,5.58333349227905,26.8999996185303,-8.5,466,33.0430755615234,66
64,2,5.58333349227905,26.8999996185303,-8.5,466,33.0430755615234,66
65,0,4.7000002861023,26.6000003814697,-10.5,488,39.3340950012207,67
65,0,4.7000002861023,26.6000003814697,-10.5,488,39.3340950012207,67
65,0,4.7000002861023,26.6000003814697,-10.5,488,39.3340950012207,67
65,0,4.7000002861023,26.6000003814697,-10.5,488,39.3340950012207,67
65,1,4.7000002861023,26.6000003814697,-10.5,488,39.3340950012207,67
65,1,4.7000002861023,26.6000003814697,-10.5,488,39.3340950012207,67
65,1,4.7000002861023,26.6000003814697,-10.5,488,39.3340950012207,67
65,1,4.7000002861023,26.6000003814697,-10.5,488,39.3340950012207,67
65,2,4.7000002861023,26.6000003814697,-10.5,488,39.3340950012207,67
65,2,4.7000002861023,26.6000003814697,-10.5,488,39.3340950012207,67
65,2,4.7000002861023,26.6000003814697,-10.5,488,39.3340950012207,67
65,2,4.7000002861023,26.6000003814697,-10.5,488,39.3340950012207,67
66,0,4.26249980926514,25.5,-10.1000003814697,437,38.0439376831055,62
66,0,4.26249980926514,25.5,-10.1000003814697,437,38.0439376831055,62
66,0,4.26249980926514,25.5,-10.1000003814697,437,38.0439376831055,62
66,0,4.26249980926514,25.5,-10.1000003814697,437,38.0439376831055,62
66,1,4.26249980926514,25.5,-10.1000003814697,437,38.0439376831055,62
66,1,4.26249980926514,25.5,-10.1000003814697,437,38.0439376831055,62
66,1,4.26249980926514,25.5,-10.1000003814697,437,38.0439376831055,62
66,1,4.26249980926514,25.5,-10.1000003814697,437,38.0439376831055,62
66,2,4.26249980926514,25.5,-10.1000003814697,437,38.0439376831055,62
66,2,4.26249980926514,25.5,-10.1000003814697,437,38.0439376831055,62
66,2,4.26249980926514,25.5,-10.1000003814697,437,38.0439376831055,62
66,2,4.26249980926514,25.5,-10.1000003814697,437,38.0439376831055,62
67,0,4.74166679382324,25.7000007629395,-8.69999980926514,534,36.4584732055664,72
67,0,4.74166679382324,25.7000007629395,-8.69999980926514,534,36.4584732055664,72
67,0,4.74166679382324,25.7000007629395,-8.69999980926514,534,36.4584732055664,72
67,0,4.74166679382324,25.7000007629395,-8.69999980926514,534,36.4584732055664,72
67,1,4.74166679382324,25.7000007629395,-8.69999980926514,534,36.4584732055664,72
67,1,4.74166679382324,25.7000007629395,-8.69999980926514,534,36.4584732055664,72
67,1,4.74166679382324,25.7000007629395,-8.69999980926514,534,36.4584732055664,72
67,1,4.74166679382324,25.7000007629395,-8.69999980926514,534,36.4584732055664,72
67,2,4.74166679382324,25.7000007629395,-8.69999980926514,534,36.4584732055664,72
67,2,4.74166679382324,25.7000007629395,-8.69999980926514,534,36.4584732055664,72
67,2,4.74166679382324,25.7000007629395,-8.69999980926514,534,36.4584732055664,72
67,2,4.74166679382324,25.7000007629395,-8.69999980926514,534,36.4584732055664,72
68,0,6.44583320617676,27.5,-7.69999980926514,340,28.9027366638184,65
68,0,6.44583320617676,27.5,-7.69999980926514,340,28.9027366638184,65
68,0,6.44583320617676,27.5,-7.69999980926514,340,28.9027366638184,65
68,0,6.44583320617676,27.5,-7.69999980926514,340,28.9027366638184,65
68,1,6.44583320617676,27.5,-7.69999980926514,340,28.9027366638184,65
68,1,6.44583320617676,27.5,-7.69999980926514,340,28.9027366638184,65
68,1,6.44583320617676,27.5,-7.69999980926514,340,28.9027366638184,65
68,1,6.44583320617676,27.5,-7.69999980926514,340,28.9027366638184,65
68,2,6.44583320617676,27.5,-7.69999980926514,340,28.9027366638184,65
68,2,6.44583320617676,27.5,-7.69999980926514,340,28.9027366638184,65
68,2,6.44583320617676,27.5,-7.69999980926514,340,28.9027366638184,65
68,2,6.44583320617676,27.5,-7.69999980926514,340,28.9027366638184,65
69,0,6.19583320617676,26.6000003814697,-7.5,409,30.274299621582,72
69,0,6.19583320617676,26.6000003814697,-7.5,409,30.274299621582,72
69,0,6.19583320617676,26.6000003814697,-7.5,409,30.274299621582,72
69,0,6.19583320617676,26.6000003814697,-7.5,409,30.274299621582,72
69,1,6.19583320617676,26.6000003814697,-7.5,409,30.274299621582,72
69,1,6.19583320617676,26.6000003814697,-7.5,409,30.274299621582,72
69,1,6.19583320617676,26.6000003814697,-7.5,409,30.274299621582,72
69,1,6.19583320617676,26.6000003814697,-7.5,409,30.274299621582,72
69,2,6.19583320617676,26.6000003814697,-7.5,409,30.274299621582,72
69,2,6.19583320617676,26.6000003814697,-7.5,409,30.274299621582,72
69,2,6.19583320617676,26.6000003814697,-7.5,409,30.274299621582,72
69,2,6.19583320617676,26.6000003814697,-7.5,409,30.274299621582,72
70,0,5.08750009536743,27.1000003814697,-9.60000038146973,445,36.011417388916,62
70,0,5.08750009536743,27.1000003814697,-9.60000038146973,445,36.011417388916,62
70,0,5.08750009536743,27.1000003814697,-9.60000038146973,445,36.011417388916,62
70,0,5.08750009536743,27.1000003814697,-9.60000038146973,445,36.011417388916,62
70,1,5.08750009536743,27.1000003814697,-9.60000038146973,445,36.011417388916,62
70,1,5.08750009536743,27.1000003814697,-9.60000038146973,445,36.011417388916,62
70,1,5.08750009536743,27.1000003814697,-9.60000038146973,445,36.011417388916,62
70,1,5.08750009536743,27.1000003814697,-9.60000038146973,445,36.011417388916,62
70,2,5.08750009536743,27.1000003814697,-9.60000038146973,445,36.011417388916,62
70,2,5.08750009536743,27.1000003814697,-9.60000038146973,445,36.011417388916,62
70,2,5.08750009536743,27.1000003814697,-9.60000038146973,445,36.011417388916,62
70,2,5.08750009536743,27.1000003814697,-9.60000038146973,445,36.011417388916,62
71,0,5.72916650772095,26.3999996185303,-8,362,30.2488384246826,55
71,0,5.72916650772095,26.3999996185303,-8,362,30.2488384246826,55
71,0,5.72916650772095,26.3999996185303,-8,362,30.2488384246826,55
71,0,5.72916650772095,26.3999996185303,-8,362,30.2488384246826,55
71,1,5.72916650772095,26.3999996185303,-8,362,30.2488384246826,55
71,1,5.72916650772095,26.3999996185303,-8,362,30.2488384246826,55
71,1,5.72916650772095,26.3999996185303,-8,362,30.2488384246826,55
71,1,5.72916650772095,26.3999996185303,-8,362,30.2488384246826,55
71,2,5.72916650772095,26.3999996185303,-8,362,30.2488384246826,55
71,2,5.72916650772095,26.3999996185303,-8,362,30.2488384246826,55
71,2,5.72916650772095,26.3999996185303,-8,362,30.2488384246826,55
71,2,5.72916650772095,26.3999996185303,-8,362,30.2488384246826,55
72,0,4.37916660308838,26.5,-11.3000001907349,419,36.3301239013672,60
72,0,4.37916660308838,26.5,-11.3000001907349,419,36.3301239013672,60
72,0,4.37916660308838,26.5,-11.3000001907349,419,36.3301239013672,60
72,0,4.37916660308838,26.5,-11.3000001907349,419,36.3301239013672,60
72,1,4.37916660308838,26.5,-11.3000001907349,419,36.3301239013672,60
72,1,4.37916660308838,26.5,-11.3000001907349,419,36.3301239013672,60
72,1,4.37916660308838,26.5,-11.3000001907349,419,36.3301239013672,60
72,1,4.37916660308838,26.5,-11.3000001907349,419,36.3301239013672,60
72,2,4.37916660308838,26.5,-11.3000001907349,419,36.3301239013672,60
72,2,4.37916660308838,26.5,-11.3000001907349,419,36.3301239013672,60
72,2,4.37916660308838,26.5,-11.3000001907349,419,36.3301239013672,60
72,2,4.37916660308838,26.5,-11.3000001907349,419,36.3301239013672,60
73,0,4.72499990463257,25.5,-8.80000019073486,510,34.8293266296387,70
73,0,4.72499990463257,25.5,-8.80000019073486,510,34.8293266296387,70
73,0,4.72499990463257,25.5,-8.80000019073486,510,34.8293266296387,70
73,0,4.72499990463257,25.5,-8.80000019073486,510,34.8293266296387,70
73,1,4.72499990463257,25.5,-8.80000019073486,510,34.8293266296387,70
73,1,4.72499990463257,25.5,-8.80000019073486,510,34.8293266296387,70
73,1,4.72499990463257,25.5,-8.80000019073486,510,34.8293266296387,70
73,1,4.72499990463257,25.5,-8.80000019073486,510,34.8293266296387,70
73,2,4.72499990463257,25.5,-8.80000019073486,510,34.8293266296387,70
73,2,4.72499990463257,25.5,-8.80000019073486,510,34.8293266296387,70
73,2,4.72499990463257,25.5,-8.80000019073486,510,34.8293266296387,70
73,2,4.72499990463257,25.5,-8.80000019073486,510,34.8293266296387,70
74,0,5.85416650772095,25.8999996185303,-7.30000019073486,416,30.7211685180664,73
74,0,5.85416650772095,25.8999996185303,-7.30000019073486,416,30.7211685180664,73
74,0,5.85416650772095,25.8999996185303,-7.30000019073486,416,30.7211685180664,73
74,0,5.85416650772095,25.8999996185303,-7.30000019073486,416,30.7211685180664,73
74,1,5.85416650772095,25.8999996185303,-7.30000019073486,416,30.7211685180664,73
74,1,5.85416650772095,25.8999996185303,-7.30000019073486,416,30.7211685180664,73
74,1,5.85416650772095,25.8999996185303,-7.30000019073486,416,30.7211685180664,73
74,1,5.85416650772095,25.8999996185303,-7.30000019073486,416,30.7211685180664,73
74,2,5.85416650772095,25.8999996185303,-7.30000019073486,416,30.7211685180664,73
74,2,5.85416650772095,25.8999996185303,-7.30000019073486,416,30.7211685180664,73
74,2,5.85416650772095,25.8999996185303,-7.30000019073486,416,30.7211685180664,73
74,2,5.85416650772095,25.8999996185303,-7.30000019073486,416,30.7211685180664,73
75,0,4.89166688919067,25.7999992370605,-9,393,32.4361114501953,56
75,0,4.89166688919067,25.7999992370605,-9,393,32.4361114501953,56
75,0,4.89166688919067,25.7999992370605,-9,393,32.4361114501953,56
75,0,4.89166688919067,25.7999992370605,-9,393,32.4361114501953,56
75,1,4.89166688919067,25.7999992370605,-9,393,32.4361114501953,56
75,1,4.89166688919067,25.7999992370605,-9,393,32.4361114501953,56
75,1,4.89166688919067,25.7999992370605,-9,393,32.4361114501953,56
75,1,4.89166688919067,25.7999992370605,-9,393,32.4361114501953,56
75,2,4.89166688919067,25.7999992370605,-9,393,32.4361114501953,56
75,2,4.89166688919067,25.7999992370605,-9,393,32.4361114501953,56
75,2,4.89166688919067,25.7999992370605,-9,393,32.4361114501953,56
75,2,4.89166688919067,25.7999992370605,-9,393,32.4361114501953,56
76,0,4.87916660308838,25.6000003814697,-8.5,384,33.9167556762695,54
76,0,4.87916660308838,25.6000003814697,-8.5,384,33.9167556762695,54
76,0,4.87916660308838,25.6000003814697,-8.5,384,33.9167556762695,54
76,0,4.87916660308838,25.6000003814697,-8.5,384,33.9167556762695,54
76,1,4.87916660308838,25.6000003814697,-8.5,384,33.9167556762695,54
76,1,4.87916660308838,25.6000003814697,-8.5,384,33.9167556762695,54
76,1,4.87916660308838,25.6000003814697,-8.5,384,33.9167556762695,54
76,1,4.87916660308838,25.6000003814697,-8.5,384,33.9167556762695,54
76,2,4.87916660308838,25.6000003814697,-8.5,384,33.9167556762695,54
76,2,4.87916660308838,25.6000003814697,-8.5,384,33.9167556762695,54
76,2,4.87916660308838,25.6000003814697,-8.5,384,33.9167556762695,54
76,2,4.87916660308838,25.6000003814697,-8.5,384,33.9167556762695,54
77,0,5.69583320617676,27,-9,340,30.2250194549561,52
77,0,5.69583320617676,27,-9,340,30.2250194549561,52
77,0,5.69583320617676,27,-9,340,30.2250194549561,52
77,0,5.69583320617676,27,-9,340,30.2250194549561,52
77,1,5.69583320617676,27,-9,340,30.2250194549561,52
77,1,5.69583320617676,27,-9,340,30.2250194549561,52
77,1,5.69583320617676,27,-9,340,30.2250194549561,52
77,1,5.69583320617676,27,-9,340,30.2250194549561,52
77,2,5.69583320617676,27,-9,340,30.2250194549561,52
77,2,5.69583320617676,27,-9,340,30.2250194549561,52
77,2,5.69583320617676,27,-9,340,30.2250194549561,52
77,2,5.69583320617676,27,-9,340,30.2250194549561,52
78,0,5.51666688919067,26.7000007629395,-8.69999980926514,358,34.9536056518555,49
78,0,5.51666688919067,26.7000007629395,-8.69999980926514,358,34.9536056518555,49
78,0,5.51666688919067,26.7000007629395,-8.69999980926514,358,34.9536056518555,49
78,0,5.51666688919067,26.7000007629395,-8.69999980926514,358,34.9536056518555,49
78,1,5.51666688919067,26.7000007629395,-8.69999980926514,358,34.9536056518555,49
78,1,5.51666688919067,26.7000007629395,-8.69999980926514,358,34.9536056518555,49
78,1,5.51666688919067,26.7000007629395,-8.69999980926514,358,34.9536056518555,49
78,1,5.51666688919067,26.7000007629395,-8.69999980926514,358,34.9536056518555,49
78,2,5.51666688919067,26.7000007629395,-8.69999980926514,358,34.9536056518555,49
78,2,5.51666688919067,26.7000007629395,-8.69999980926514,358,34.9536056518555,49
78,2,5.51666688919067,26.7000007629395,-8.69999980926514,358,34.9536056518555,49
78,2,5.51666688919067,26.7000007629395,-8.69999980926514,358,34.9536056518555,49
79,0,4.98333358764648,25.6000003814697,-8.39999961853027,380,34.5927810668945,53
79,0,4.98333358764648,25.6000003814697,-8.39999961853027,380,34.5927810668945,53
79,0,4.98333358764648,25.6000003814697,-8.39999961853027,380,34.5927810668945,53
79,0,4.98333358764648,25.6000003814697,-8.39999961853027,380,34.5927810668945,53
79,1,4.98333358764648,25.6000003814697,-8.39999961853027,380,34.5927810668945,53
79,1,4.98333358764648,25.6000003814697,-8.39999961853027,380,34.5927810668945,53
79,1,4.98333358764648,25.6000003814697,-8.39999961853027,380,34.5927810668945,53
79,1,4.98333358764648,25.6000003814697,-8.39999961853027,380,34.5927810668945,53
79,2,4.98333358764648,25.6000003814697,-8.39999961853027,380,34.5927810668945,53
79,2,4.98333358764648,25.6000003814697,-8.39999961853027,380,34.5927810668945,53
79,2,4.98333358764648,25.6000003814697,-8.39999961853027,380,34.5927810668945,53
79,2,4.98333358764648,25.6000003814697,-8.39999961853027,380,34.5927810668945,53
80,0,5.1875,26.7000007629395,-9.10000038146973,370,34.0142021179199,53
80,0,5.1875,26.7000007629395,-9.10000038146973,370,34.0142021179199,53
80,0,5.1875,26.7000007629395,-9.10000038146973,370,34.0142021179199,53
80,0,5.1875,26.7000007629395,-9.10000038146973,370,34.0142021179199,53
80,1,5.1875,26.7000007629395,-9.10000038146973,370,34.0142021179199,53
80,1,5.1875,26.7000007629395,-9.10000038146973,370,34.0142021179199,53
80,1,5.1875,26.7000007629395,-9.10000038146973,370,34.0142021179199,53
80,1,5.1875,26.7000007629395,-9.10000038146973,370,34.0142021179199,53
80,2,5.1875,26.7000007629395,-9.10000038146973,370,34.0142021179199,53
80,2,5.1875,26.7000007629395,-9.10000038146973,370,34.0142021179199,53
80,2,5.1875,26.7000007629395,-9.10000038146973,370,34.0142021179199,53
80,2,5.1875,26.7000007629395,-9.10000038146973,370,34.0142021179199,53
81,0,5.32916688919067,26.5,-9,354,32.7421455383301,52
81,0,5.32916688919067,26.5,-9,354,32.7421455383301,52
81,0,5.32916688919067,26.5,-9,354,32.7421455383301,52
81,0,5.32916688919067,26.5,-9,354,32.7421455383301,52
81,1,5.32916688919067,26.5,-9,354,32.7421455383301,52
81,1,5.32916688919067,26.5,-9,354,32.7421455383301,52
81,1,5.32916688919067,26.5,-9,354,32.7421455383301,52
81,1,5.32916688919067,26.5,-9,354,32.7421455383301,52
81,2,5.32916688919067,26.5,-9,354,32.7421455383301,52
81,2,5.32916688919067,26.5,-9,354,32.7421455383301,52
81,2,5.32916688919067,26.5,-9,354,32.7421455383301,52
81,2,5.32916688919067,26.5,-9,354,32.7421455383301,52
82,0,6.64583349227905,22.3999996185303,-3.70000004768372,2123,63.1923599243164,163
82,0,6.64583349227905,22.3999996185303,-3.70000004768372,2123,63.1923599243164,163
82,0,6.64583349227905,22.3999996185303,-3.70000004768372,2123,63.1923599243164,163
82,0,6.64583349227905,22.3999996185303,-3.70000004768372,2123,63.1923599243164,163
82,1,6.64583349227905,22.3999996185303,-3.70000004768372,2123,63.1923599243164,163
82,1,6.64583349227905,22.3999996185303,-3.70000004768372,2123,63.1923599243164,163
82,1,6.64583349227905,22.3999996185303,-3.70000004768372,2123,63.1923599243164,163
82,1,6.64583349227905,22.3999996185303,-3.70000004768372,2123,63.1923599243164,163
82,2,6.64583349227905,22.3999996185303,-3.70000004768372,2123,63.1923599243164,163
82,2,6.64583349227905,22.3999996185303,-3.70000004768372,2123,63.1923599243164,163
82,2,6.64583349227905,22.3999996185303,-3.70000004768372,2123,63.1923599243164,163
82,2,6.64583349227905,22.3999996185303,-3.70000004768372,2123,63.1923599243164,163
83,0,7.73750019073486,24.3999996185303,-3.59999990463257,1761,65.0099411010742,129
83,0,7.73750019073486,24.3999996185303,-3.59999990463257,1761,65.0099411010742,129
83,0,7.73750019073486,24.3999996185303,-3.59999990463257,1761,65.0099411010742,129
83,0,7.73750019073486,24.3999996185303,-3.59999990463257,1761,65.0099411010742,129
83,1,7.73750019073486,24.3999996185303,-3.59999990463257,1761,65.0099411010742,129
83,1,7.73750019073486,24.3999996185303,-3.59999990463257,1761,65.0099411010742,129
83,1,7.73750019073486,24.3999996185303,-3.59999990463257,1761,65.0099411010742,129
83,1,7.73750019073486,24.3999996185303,-3.59999990463257,1761,65.0099411010742,129
83,2,7.73750019073486,24.3999996185303,-3.59999990463257,1761,65.0099411010742,129
83,2,7.73750019073486,24.3999996185303,-3.59999990463257,1761,65.0099411010742,129
83,2,7.73750019073486,24.3999996185303,-3.59999990463257,1761,65.0099411010742,129
83,2,7.73750019073486,24.3999996185303,-3.59999990463257,1761,65.0099411010742,129
84,0,5.25833320617676,20.8999996185303,-4.80000019073486,1873,65.8657073974609,142
84,0,5.25833320617676,20.8999996185303,-4.80000019073486,1873,65.8657073974609,142
84,0,5.25833320617676,20.8999996185303,-4.80000019073486,1873,65.8657073974609,142
84,0,5.25833320617676,20.8999996185303,-4.80000019073486,1873,65.8657073974609,142
84,1,5.25833320617676,20.8999996185303,-4.80000019073486,1873,65.8657073974609,142
84,1,5.25833320617676,20.8999996185303,-4.80000019073486,1873,65.8657073974609,142
84,1,5.25833320617676,20.8999996185303,-4.80000019073486,1873,65.8657073974609,142
84,1,5.25833320617676,20.8999996185303,-4.80000019073486,1873,65.8657073974609,142
84,2,5.25833320617676,20.8999996185303,-4.80000019073486,1873,65.8657073974609,142
84,2,5.25833320617676,20.8999996185303,-4.80000019073486,1873,65.8657073974609,142
84,2,5.25833320617676,20.8999996185303,-4.80000019073486,1873,65.8657073974609,142
84,2,5.25833320617676,20.8999996185303,-4.80000019073486,1873,65.8657073974609,142
85,0,5.98333311080933,25,-6,1299,68.4739456176758,84
85,0,5.98333311080933,25,-6,1299,68.4739456176758,84
85,0,5.98333311080933,25,-6,1299,68.4739456176758,84
85,0,5.98333311080933,25,-6,1299,68.4739456176758,84
85,1,5.98333311080933,25,-6,1299,68.4739456176758,84
85,1,5.98333311080933,25,-6,1299,68.4739456176758,84
85,1,5.98333311080933,25,-6,1299,68.4739456176758,84
85,1,5.98333311080933,25,-6,1299,68.4739456176758,84
85,2,5.98333311080933,25,-6,1299,68.4739456176758,84
85,2,5.98333311080933,25,-6,1299,68.4739456176758,84
85,2,5.98333311080933,25,-6,1299,68.4739456176758,84
85,2,5.98333311080933,25,-6,1299,68.4739456176758,84
86,0,11.3458337783813,31.3999996185303,-1.20000004768372,722,67.5943069458008,51
86,0,11.3458337783813,31.3999996185303,-1.20000004768372,722,67.5943069458008,51
86,0,11.3458337783813,31.3999996185303,-1.20000004768372,722,67.5943069458008,51
86,0,11.3458337783813,31.3999996185303,-1.20000004768372,722,67.5943069458008,51
86,1,11.3458337783813,31.3999996185303,-1.20000004768372,722,67.5943069458008,51
86,1,11.3458337783813,31.3999996185303,-1.20000004768372,722,67.5943069458008,51
86,1,11.3458337783813,31.3999996185303,-1.20000004768372,722,67.5943069458008,51
86,1,11.3458337783813,31.3999996185303,-1.20000004768372,722,67.5943069458008,51
86,2,11.3458337783813,31.3999996185303,-1.20000004768372,722,67.5943069458008,51
86,2,11.3458337783813,31.3999996185303,-1.20000004768372,722,67.5943069458008,51
86,2,11.3458337783813,31.3999996185303,-1.20000004768372,722,67.5943069458008,51
86,2,11.3458337783813,31.3999996185303,-1.20000004768372,722,67.5943069458008,51
87,0,7.62916660308838,26.3999996185303,-4,988,65.667594909668,67
87,0,7.62916660308838,26.3999996185303,-4,988,65.667594909668,67
87,0,7.62916660308838,26.3999996185303,-4,988,65.667594909668,67
87,0,7.62916660308838,26.3999996185303,-4,988,65.667594909668,67
87,1,7.62916660308838,26.3999996185303,-4,988,65.667594909668,67
87,1,7.62916660308838,26.3999996185303,-4,988,65.667594909668,67
87,1,7.62916660308838,26.3999996185303,-4,988,65.667594909668,67
87,1,7.62916660308838,26.3999996185303,-4,988,65.667594909668,67
87,2,7.62916660308838,26.3999996185303,-4,988,65.667594909668,67
87,2,7.62916660308838,26.3999996185303,-4,988,65.667594909668,67
87,2,7.62916660308838,26.3999996185303,-4,988,65.667594909668,67
87,2,7.62916660308838,26.3999996185303,-4,988,65.667594909668,67
88,0,11.2041664123535,30.1000003814697,-0.200000002980232,900,68.4969177246094,59
88,0,11.2041664123535,30.1000003814697,-0.200000002980232,900,68.4969177246094,59
88,0,11.2041664123535,30.1000003814697,-0.200000002980232,900,68.4969177246094,59
88,0,11.2041664123535,30.1000003814697,-0.200000002980232,900,68.4969177246094,59
88,1,11.2041664123535,30.1000003814697,-0.200000002980232,900,68.4969177246094,59
88,1,11.2041664123535,30.1000003814697,-0.200000002980232,900,68.4969177246094,59
88,1,11.2041664123535,30.1000003814697,-0.200000002980232,900,68.4969177246094,59
88,1,11.2041664123535,30.1000003814697,-0.200000002980232,900,68.4969177246094,59
88,2,11.2041664123535,30.1000003814697,-0.200000002980232,900,68.4969177246094,59
88,2,11.2041664123535,30.1000003814697,-0.200000002980232,900,68.4969177246094,59
88,2,11.2041664123535,30.1000003814697,-0.200000002980232,900,68.4969177246094,59
88,2,11.2041664123535,30.1000003814697,-0.200000002980232,900,68.4969177246094,59
89,0,8.65833377838135,27.2999992370606,-2.70000004768372,830,66.0236206054688,57
89,0,8.65833377838135,27.2999992370606,-2.70000004768372,830,66.0236206054688,57
89,0,8.65833377838135,27.2999992370606,-2.70000004768372,830,66.0236206054688,57
89,0,8.65833377838135,27.2999992370606,-2.70000004768372,830,66.0236206054688,57
89,1,8.65833377838135,27.2999992370606,-2.70000004768372,830,66.0236206054688,57
89,1,8.65833377838135,27.2999992370606,-2.70000004768372,830,66.0236206054688,57
89,1,8.65833377838135,27.2999992370606,-2.70000004768372,830,66.0236206054688,57
89,1,8.65833377838135,27.2999992370606,-2.70000004768372,830,66.0236206054688,57
89,2,8.65833377838135,27.2999992370606,-2.70000004768372,830,66.0236206054688,57
89,2,8.65833377838135,27.2999992370606,-2.70000004768372,830,66.0236206054688,57
89,2,8.65833377838135,27.2999992370606,-2.70000004768372,830,66.0236206054688,57
89,2,8.65833377838135,27.2999992370606,-2.70000004768372,830,66.0236206054688,57
90,0,7.5625,25.8999996185303,-3.40000009536743,1221,67.6535873413086,77
90,0,7.5625,25.8999996185303,-3.40000009536743,1221,67.6535873413086,77
90,0,7.5625,25.8999996185303,-3.40000009536743,1221,67.6535873413086,77
90,0,7.5625,25.8999996185303,-3.40000009536743,1221,67.6535873413086,77
90,1,7.5625,25.8999996185303,-3.40000009536743,1221,67.6535873413086,77
90,1,7.5625,25.8999996185303,-3.40000009536743,1221,67.6535873413086,77
90,1,7.5625,25.8999996185303,-3.40000009536743,1221,67.6535873413086,77
90,1,7.5625,25.8999996185303,-3.40000009536743,1221,67.6535873413086,77
90,2,7.5625,25.8999996185303,-3.40000009536743,1221,67.6535873413086,77
90,2,7.5625,25.8999996185303,-3.40000009536743,1221,67.6535873413086,77
90,2,7.5625,25.8999996185303,-3.40000009536743,1221,67.6535873413086,77
90,2,7.5625,25.8999996185303,-3.40000009536743,1221,67.6535873413086,77
91,0,7.99583339691162,26,-2.79999995231628,1106,70.0002365112305,68
91,0,7.99583339691162,26,-2.79999995231628,1106,70.0002365112305,68
91,0,7.99583339691162,26,-2.79999995231628,1106,70.0002365112305,68
91,0,7.99583339691162,26,-2.79999995231628,1106,70.0002365112305,68
91,1,7.99583339691162,26,-2.79999995231628,1106,70.0002365112305,68
91,1,7.99583339691162,26,-2.79999995231628,1106,70.0002365112305,68
91,1,7.99583339691162,26,-2.79999995231628,1106,70.0002365112305,68
91,1,7.99583339691162,26,-2.79999995231628,1106,70.0002365112305,68
91,2,7.99583339691162,26,-2.79999995231628,1106,70.0002365112305,68
91,2,7.99583339691162,26,-2.79999995231628,1106,70.0002365112305,68
91,2,7.99583339691162,26,-2.79999995231628,1106,70.0002365112305,68
91,2,7.99583339691162,26,-2.79999995231628,1106,70.0002365112305,68
92,0,9.45416641235352,28.5,-2.20000004768372,810,67.059455871582,55
92,0,9.45416641235352,28.5,-2.20000004768372,810,67.059455871582,55
92,0,9.45416641235352,28.5,-2.20000004768372,810,67.059455871582,55
92,0,9.45416641235352,28.5,-2.20000004768372,810,67.059455871582,55
92,1,9.45416641235352,28.5,-2.20000004768372,810,67.059455871582,55
92,1,9.45416641235352,28.5,-2.20000004768372,810,67.059455871582,55
92,1,9.45416641235352,28.5,-2.20000004768372,810,67.059455871582,55
92,1,9.45416641235352,28.5,-2.20000004768372,810,67.059455871582,55
92,2,9.45416641235352,28.5,-2.20000004768372,810,67.059455871582,55
92,2,9.45416641235352,28.5,-2.20000004768372,810,67.059455871582,55
92,2,9.45416641235352,28.5,-2.20000004768372,810,67.059455871582,55
92,2,9.45416641235352,28.5,-2.20000004768372,810,67.059455871582,55
93,0,8.90416622161865,28.3999996185303,-3.40000009536743,813,63.5328559875488,58
93,0,8.90416622161865,28.3999996185303,-3.40000009536743,813,63.5328559875488,58
93,0,8.90416622161865,28.3999996185303,-3.40000009536743,813,63.5328559875488,58
93,0,8.90416622161865,28.3999996185303,-3.40000009536743,813,63.5328559875488,58
93,1,8.90416622161865,28.3999996185303,-3.40000009536743,813,63.5328559875488,58
93,1,8.90416622161865,28.3999996185303,-3.40000009536743,813,63.5328559875488,58
93,1,8.90416622161865,28.3999996185303,-3.40000009536743,813,63.5328559875488,58
93,1,8.90416622161865,28.3999996185303,-3.40000009536743,813,63.5328559875488,58
93,2,8.90416622161865,28.3999996185303,-3.40000009536743,813,63.5328559875488,58
93,2,8.90416622161865,28.3999996185303,-3.40000009536743,813,63.5328559875488,58
93,2,8.90416622161865,28.3999996185303,-3.40000009536743,813,63.5328559875488,58
93,2,8.90416622161865,28.3999996185303,-3.40000009536743,813,63.5328559875488,58
94,0,9.70833301544189,28.7000007629395,-1.60000002384186,988,71.9787826538086,59
94,0,9.70833301544189,28.7000007629395,-1.60000002384186,988,71.9787826538086,59
94,0,9.70833301544189,28.7000007629395,-1.60000002384186,988,71.9787826538086,59
94,0,9.70833301544189,28.7000007629395,-1.60000002384186,988,71.9787826538086,59
94,1,9.70833301544189,28.7000007629395,-1.60000002384186,988,71.9787826538086,59
94,1,9.70833301544189,28.7000007629395,-1.60000002384186,988,71.9787826538086,59
94,1,9.70833301544189,28.7000007629395,-1.60000002384186,988,71.9787826538086,59
94,1,9.70833301544189,28.7000007629395,-1.60000002384186,988,71.9787826538086,59
94,2,9.70833301544189,28.7000007629395,-1.60000002384186,988,71.9787826538086,59
94,2,9.70833301544189,28.7000007629395,-1.60000002384186,988,71.9787826538086,59
94,2,9.70833301544189,28.7000007629395,-1.60000002384186,988,71.9787826538086,59
94,2,9.70833301544189,28.7000007629395,-1.60000002384186,988,71.9787826538086,59
95,0,8.3333330154419,27.7000007629395,-3.70000004768372,962,65.8455963134766,65
95,0,8.3333330154419,27.7000007629395,-3.70000004768372,962,65.8455963134766,65
95,0,8.3333330154419,27.7000007629395,-3.70000004768372,962,65.8455963134766,65
95,0,8.3333330154419,27.7000007629395,-3.70000004768372,962,65.8455963134766,65
95,1,8.3333330154419,27.7000007629395,-3.70000004768372,962,65.8455963134766,65
95,1,8.3333330154419,27.7000007629395,-3.70000004768372,962,65.8455963134766,65
95,1,8.3333330154419,27.7000007629395,-3.70000004768372,962,65.8455963134766,65
95,1,8.3333330154419,27.7000007629395,-3.70000004768372,962,65.8455963134766,65
95,2,8.3333330154419,27.7000007629395,-3.70000004768372,962,65.8455963134766,65
95,2,8.3333330154419,27.7000007629395,-3.70000004768372,962,65.8455963134766,65
95,2,8.3333330154419,27.7000007629395,-3.70000004768372,962,65.8455963134766,65
95,2,8.3333330154419,27.7000007629395,-3.70000004768372,962,65.8455963134766,65
96,0,9.86666679382324,24.2000007629395,0.899999976158142,2205,71.3356552124024,130
96,0,9.86666679382324,24.2000007629395,0.899999976158142,2205,71.3356552124024,130
96,0,9.86666679382324,24.2000007629395,0.899999976158142,2205,71.3356552124024,130
96,0,9.86666679382324,24.2000007629395,0.899999976158142,2205,71.3356552124024,130
96,1,9.86666679382324,24.2000007629395,0.899999976158142,2205,71.3356552124024,130
96,1,9.86666679382324,24.2000007629395,0.899999976158142,2205,71.3356552124024,130
96,1,9.86666679382324,24.2000007629395,0.899999976158142,2205,71.3356552124024,130
96,1,9.86666679382324,24.2000007629395,0.899999976158142,2205,71.3356552124024,130
96,2,9.86666679382324,24.2000007629395,0.899999976158142,2205,71.3356552124024,130
96,2,9.86666679382324,24.2000007629395,0.899999976158142,2205,71.3356552124024,130
96,2,9.86666679382324,24.2000007629395,0.899999976158142,2205,71.3356552124024,130
96,2,9.86666679382324,24.2000007629395,0.899999976158142,2205,71.3356552124024,130
97,0,9.64583301544189,23.7999992370606,0.800000011920929,2331,71.332878112793,139
97,0,9.64583301544189,23.7999992370606,0.800000011920929,2331,71.332878112793,139
97,0,9.64583301544189,23.7999992370606,0.800000011920929,2331,71.332878112793,139
97,0,9.64583301544189,23.7999992370606,0.800000011920929,2331,71.332878112793,139
97,1,9.64583301544189,23.7999992370606,0.800000011920929,2331,71.332878112793,139
97,1,9.64583301544189,23.7999992370606,0.800000011920929,2331,71.332878112793,139
97,1,9.64583301544189,23.7999992370606,0.800000011920929,2331,71.332878112793,139
97,1,9.64583301544189,23.7999992370606,0.800000011920929,2331,71.332878112793,139
97,2,9.64583301544189,23.7999992370606,0.800000011920929,2331,71.332878112793,139
97,2,9.64583301544189,23.7999992370606,0.800000011920929,2331,71.332878112793,139
97,2,9.64583301544189,23.7999992370606,0.800000011920929,2331,71.332878112793,139
97,2,9.64583301544189,23.7999992370606,0.800000011920929,2331,71.332878112793,139
98,0,10.2250003814697,25.5,0.600000023841858,2033,70.9552383422852,123
98,0,10.2250003814697,25.5,0.600000023841858,2033,70.9552383422852,123
98,0,10.2250003814697,25.5,0.600000023841858,2033,70.9552383422852,123
98,0,10.2250003814697,25.5,0.600000023841858,2033,70.9552383422852,123
98,1,10.2250003814697,25.5,0.600000023841858,2033,70.9552383422852,123
98,1,10.2250003814697,25.5,0.600000023841858,2033,70.9552383422852,123
98,1,10.2250003814697,25.5,0.600000023841858,2033,70.9552383422852,123
98,1,10.2250003814697,25.5,0.600000023841858,2033,70.9552383422852,123
98,2,10.2250003814697,25.5,0.600000023841858,2033,70.9552383422852,123
98,2,10.2250003814697,25.5,0.600000023841858,2033,70.9552383422852,123
98,2,10.2250003814697,25.5,0.600000023841858,2033,70.9552383422852,123
98,2,10.2250003814697,25.5,0.600000023841858,2033,70.9552383422852,123
99,0,6.55000019073486,25.6000003814697,-5.5,830,65.1338653564453,74
99,0,6.55000019073486,25.6000003814697,-5.5,830,65.1338653564453,74
99,0,6.55000019073486,25.6000003814697,-5.5,830,65.1338653564453,74
99,0,6.55000019073486,25.6000003814697,-5.5,830,65.1338653564453,74
99,1,6.55000019073486,25.6000003814697,-5.5,830,65.1338653564453,74
99,1,6.55000019073486,25.6000003814697,-5.5,830,65.1338653564453,74
99,1,6.55000019073486,25.6000003814697,-5.5,830,65.1338653564453,74
99,1,6.55000019073486,25.6000003814697,-5.5,830,65.1338653564453,74
99,2,6.55000019073486,25.6000003814697,-5.5,830,65.1338653564453,74
99,2,6.55000019073486,25.6000003814697,-5.5,830,65.1338653564453,74
99,2,6.55000019073486,25.6000003814697,-5.5,830,65.1338653564453,74
99,2,6.55000019073486,25.6000003814697,-5.5,830,65.1338653564453,74
100,0,12.1291666030884,31,0.699999988079071,907,75.0053558349609,50
100,0,12.1291666030884,31,0.699999988079071,907,75.0053558349609,50
100,0,12.1291666030884,31,0.699999988079071,907,75.0053558349609,50
100,0,12.1291666030884,31,0.699999988079071,907,75.0053558349609,50
100,1,12.1291666030884,31,0.699999988079071,907,75.0053558349609,50
100,1,12.1291666030884,31,0.699999988079071,907,75.0053558349609,50
100,1,12.1291666030884,31,0.699999988079071,907,75.0053558349609,50
100,1,12.1291666030884,31,0.699999988079071,907,75.0053558349609,50
100,2,12.1291666030884,31,0.699999988079071,907,75.0053558349609,50
100,2,12.1291666030884,31,0.699999988079071,907,75.0053558349609,50
100,2,12.1291666030884,31,0.699999988079071,907,75.0053558349609,50
100,2,12.1291666030884,31,0.699999988079071,907,75.0053558349609,50
101,0,11.158332824707,29,0.600000023841858,1319,76.1154708862305,68
101,0,11.158332824707,29,0.600000023841858,1319,76.1154708862305,68
101,0,11.158332824707,29,0.600000023841858,1319,76.1154708862305,68
101,0,11.158332824707,29,0.600000023841858,1319,76.1154708862305,68
101,1,11.158332824707,29,0.600000023841858,1319,76.1154708862305,68
101,1,11.158332824707,29,0.600000023841858,1319,76.1154708862305,68
101,1,11.158332824707,29,0.600000023841858,1319,76.1154708862305,68
101,1,11.158332824707,29,0.600000023841858,1319,76.1154708862305,68
101,2,11.158332824707,29,0.600000023841858,1319,76.1154708862305,68
101,2,11.158332824707,29,0.600000023841858,1319,76.1154708862305,68
101,2,11.158332824707,29,0.600000023841858,1319,76.1154708862305,68
101,2,11.158332824707,29,0.600000023841858,1319,76.1154708862305,68
102,0,10.3583335876465,27.6000003814697,0.100000001490116,1727,78.9177780151367,73
102,0,10.3583335876465,27.6000003814697,0.100000001490116,1727,78.9177780151367,73
102,0,10.3583335876465,27.6000003814697,0.100000001490116,1727,78.9177780151367,73
102,0,10.3583335876465,27.6000003814697,0.100000001490116,1727,78.9177780151367,73
102,1,10.3583335876465,27.6000003814697,0.100000001490116,1727,78.9177780151367,73
102,1,10.3583335876465,27.6000003814697,0.100000001490116,1727,78.9177780151367,73
102,1,10.3583335876465,27.6000003814697,0.100000001490116,1727,78.9177780151367,73
102,1,10.3583335876465,27.6000003814697,0.100000001490116,1727,78.9177780151367,73
102,2,10.3583335876465,27.6000003814697,0.100000001490116,1727,78.9177780151367,73
102,2,10.3583335876465,27.6000003814697,0.100000001490116,1727,78.9177780151367,73
102,2,10.3583335876465,27.6000003814697,0.100000001490116,1727,78.9177780151367,73
102,2,10.3583335876465,27.6000003814697,0.100000001490116,1727,78.9177780151367,73
103,0,5.98333311080933,25.7999992370605,-7,884,68.0640182495117,62
103,0,5.98333311080933,25.7999992370605,-7,884,68.0640182495117,62
103,0,5.98333311080933,25.7999992370605,-7,884,68.0640182495117,62
103,0,5.98333311080933,25.7999992370605,-7,884,68.0640182495117,62
103,1,5.98333311080933,25.7999992370605,-7,884,68.0640182495117,62
103,1,5.98333311080933,25.7999992370605,-7,884,68.0640182495117,62
103,1,5.98333311080933,25.7999992370605,-7,884,68.0640182495117,62
103,1,5.98333311080933,25.7999992370605,-7,884,68.0640182495117,62
103,2,5.98333311080933,25.7999992370605,-7,884,68.0640182495117,62
103,2,5.98333311080933,25.7999992370605,-7,884,68.0640182495117,62
103,2,5.98333311080933,25.7999992370605,-7,884,68.0640182495117,62
103,2,5.98333311080933,25.7999992370605,-7,884,68.0640182495117,62
104,0,6.30000019073486,27.1000003814697,-7.5,571,61.1696357727051,48
104,0,6.30000019073486,27.1000003814697,-7.5,571,61.1696357727051,48
104,0,6.30000019073486,27.1000003814697,-7.5,571,61.1696357727051,48
104,0,6.30000019073486,27.1000003814697,-7.5,571,61.1696357727051,48
104,1,6.30000019073486,27.1000003814697,-7.5,571,61.1696357727051,48
104,1,6.30000019073486,27.1000003814697,-7.5,571,61.1696357727051,48
104,1,6.30000019073486,27.1000003814697,-7.5,571,61.1696357727051,48
104,1,6.30000019073486,27.1000003814697,-7.5,571,61.1696357727051,48
104,2,6.30000019073486,27.1000003814697,-7.5,571,61.1696357727051,48
104,2,6.30000019073486,27.1000003814697,-7.5,571,61.1696357727051,48
104,2,6.30000019073486,27.1000003814697,-7.5,571,61.1696357727051,48
104,2,6.30000019073486,27.1000003814697,-7.5,571,61.1696357727051,48
105,0,5.09999990463257,26.1000003814697,-9,482,52.2930145263672,61
105,0,5.09999990463257,26.1000003814697,-9,482,52.2930145263672,61
105,0,5.09999990463257,26.1000003814697,-9,482,52.2930145263672,61
105,0,5.09999990463257,26.1000003814697,-9,482,52.2930145263672,61
105,1,5.09999990463257,26.1000003814697,-9,482,52.2930145263672,61
105,1,5.09999990463257,26.1000003814697,-9,482,52.2930145263672,61
105,1,5.09999990463257,26.1000003814697,-9,482,52.2930145263672,61
105,1,5.09999990463257,26.1000003814697,-9,482,52.2930145263672,61
105,2,5.09999990463257,26.1000003814697,-9,482,52.2930145263672,61
105,2,5.09999990463257,26.1000003814697,-9,482,52.2930145263672,61
105,2,5.09999990463257,26.1000003814697,-9,482,52.2930145263672,61
105,2,5.09999990463257,26.1000003814697,-9,482,52.2930145263672,61
106,0,5.79583358764648,26.2000007629395,-7.69999980926514,712,66.5890197753906,54
106,0,5.79583358764648,26.2000007629395,-7.69999980926514,712,66.5890197753906,54
106,0,5.79583358764648,26.2000007629395,-7.69999980926514,712,66.5890197753906,54
106,0,5.79583358764648,26.2000007629395,-7.69999980926514,712,66.5890197753906,54
106,1,5.79583358764648,26.2000007629395,-7.69999980926514,712,66.5890197753906,54
106,1,5.79583358764648,26.2000007629395,-7.69999980926514,712,66.5890197753906,54
106,1,5.79583358764648,26.2000007629395,-7.69999980926514,712,66.5890197753906,54
106,1,5.79583358764648,26.2000007629395,-7.69999980926514,712,66.5890197753906,54
106,2,5.79583358764648,26.2000007629395,-7.69999980926514,712,66.5890197753906,54
106,2,5.79583358764648,26.2000007629395,-7.69999980926514,712,66.5890197753906,54
106,2,5.79583358764648,26.2000007629395,-7.69999980926514,712,66.5890197753906,54
106,2,5.79583358764648,26.2000007629395,-7.69999980926514,712,66.5890197753906,54
107,0,5.19166660308838,26.7999992370606,-9.5,523,59.0926246643067,56
107,0,5.19166660308838,26.7999992370606,-9.5,523,59.0926246643067,56
107,0,5.19166660308838,26.7999992370606,-9.5,523,59.0926246643067,56
107,0,5.19166660308838,26.7999992370606,-9.5,523,59.0926246643067,56
107,1,5.19166660308838,26.7999992370606,-9.5,523,59.0926246643067,56
107,1,5.19166660308838,26.7999992370606,-9.5,523,59.0926246643067,56
107,1,5.19166660308838,26.7999992370606,-9.5,523,59.0926246643067,56
107,1,5.19166660308838,26.7999992370606,-9.5,523,59.0926246643067,56
107,2,5.19166660308838,26.7999992370606,-9.5,523,59.0926246643067,56
107,2,5.19166660308838,26.7999992370606,-9.5,523,59.0926246643067,56
107,2,5.19166660308838,26.7999992370606,-9.5,523,59.0926246643067,56
107,2,5.19166660308838,26.7999992370606,-9.5,523,59.0926246643067,56
108,0,4.70416641235352,24.6000003814697,-8.30000019073486,620,56.5539665222168,57
108,0,4.70416641235352,24.6000003814697,-8.30000019073486,620,56.5539665222168,57
108,0,4.70416641235352,24.6000003814697,-8.30000019073486,620,56.5539665222168,57
108,0,4.70416641235352,24.6000003814697,-8.30000019073486,620,56.5539665222168,57
108,1,4.70416641235352,24.6000003814697,-8.30000019073486,620,56.5539665222168,57
108,1,4.70416641235352,24.6000003814697,-8.30000019073486,620,56.5539665222168,57
108,1,4.70416641235352,24.6000003814697,-8.30000019073486,620,56.5539665222168,57
108,1,4.70416641235352,24.6000003814697,-8.30000019073486,620,56.5539665222168,57
108,2,4.70416641235352,24.6000003814697,-8.30000019073486,620,56.5539665222168,57
108,2,4.70416641235352,24.6000003814697,-8.30000019073486,620,56.5539665222168,57
108,2,4.70416641235352,24.6000003814697,-8.30000019073486,620,56.5539665222168,57
108,2,4.70416641235352,24.6000003814697,-8.30000019073486,620,56.5539665222168,57
109,0,7.62083339691162,28.8999996185303,-7.09999990463257,500,57.7596893310547,43
109,0,7.62083339691162,28.8999996185303,-7.09999990463257,500,57.7596893310547,43
109,0,7.62083339691162,28.8999996185303,-7.09999990463257,500,57.7596893310547,43
109,0,7.62083339691162,28.8999996185303,-7.09999990463257,500,57.7596893310547,43
109,1,7.62083339691162,28.8999996185303,-7.09999990463257,500,57.7596893310547,43
109,1,7.62083339691162,28.8999996185303,-7.09999990463257,500,57.7596893310547,43
109,1,7.62083339691162,28.8999996185303,-7.09999990463257,500,57.7596893310547,43
109,1,7.62083339691162,28.8999996185303,-7.09999990463257,500,57.7596893310547,43
109,2,7.62083339691162,28.8999996185303,-7.09999990463257,500,57.7596893310547,43
109,2,7.62083339691162,28.8999996185303,-7.09999990463257,500,57.7596893310547,43
109,2,7.62083339691162,28.8999996185303,-7.09999990463257,500,57.7596893310547,43
109,2,7.62083339691162,28.8999996185303,-7.09999990463257,500,57.7596893310547,43
110,0,6.25416660308838,28.1000003814697,-8.89999961853027,561,64.370231628418,51
110,0,6.25416660308838,28.1000003814697,-8.89999961853027,561,64.370231628418,51
110,0,6.25416660308838,28.1000003814697,-8.89999961853027,561,64.370231628418,51
110,0,6.25416660308838,28.1000003814697,-8.89999961853027,561,64.370231628418,51
110,1,6.25416660308838,28.1000003814697,-8.89999961853027,561,64.370231628418,51
110,1,6.25416660308838,28.1000003814697,-8.89999961853027,561,64.370231628418,51
110,1,6.25416660308838,28.1000003814697,-8.89999961853027,561,64.370231628418,51
110,1,6.25416660308838,28.1000003814697,-8.89999961853027,561,64.370231628418,51
110,2,6.25416660308838,28.1000003814697,-8.89999961853027,561,64.370231628418,51
110,2,6.25416660308838,28.1000003814697,-8.89999961853027,561,64.370231628418,51
110,2,6.25416660308838,28.1000003814697,-8.89999961853027,561,64.370231628418,51
110,2,6.25416660308838,28.1000003814697,-8.89999961853027,561,64.370231628418,51
111,0,6.12083339691162,26.6000003814697,-7.19999980926514,506,44.074520111084,54
111,0,6.12083339691162,26.6000003814697,-7.19999980926514,506,44.074520111084,54
111,0,6.12083339691162,26.6000003814697,-7.19999980926514,506,44.074520111084,54
111,0,6.12083339691162,26.6000003814697,-7.19999980926514,506,44.074520111084,54
111,1,6.12083339691162,26.6000003814697,-7.19999980926514,506,44.074520111084,54
111,1,6.12083339691162,26.6000003814697,-7.19999980926514,506,44.074520111084,54
111,1,6.12083339691162,26.6000003814697,-7.19999980926514,506,44.074520111084,54
111,1,6.12083339691162,26.6000003814697,-7.19999980926514,506,44.074520111084,54
111,2,6.12083339691162,26.6000003814697,-7.19999980926514,506,44.074520111084,54
111,2,6.12083339691162,26.6000003814697,-7.19999980926514,506,44.074520111084,54
111,2,6.12083339691162,26.6000003814697,-7.19999980926514,506,44.074520111084,54
111,2,6.12083339691162,26.6000003814697,-7.19999980926514,506,44.074520111084,54
112,0,5.32083320617676,24.8999996185303,-7.19999980926514,692,58.7032356262207,57
112,0,5.32083320617676,24.8999996185303,-7.19999980926514,692,58.7032356262207,57
112,0,5.32083320617676,24.8999996185303,-7.19999980926514,692,58.7032356262207,57
112,0,5.32083320617676,24.8999996185303,-7.19999980926514,692,58.7032356262207,57
112,1,5.32083320617676,24.8999996185303,-7.19999980926514,692,58.7032356262207,57
112,1,5.32083320617676,24.8999996185303,-7.19999980926514,692,58.7032356262207,57
112,1,5.32083320617676,24.8999996185303,-7.19999980926514,692,58.7032356262207,57
112,1,5.32083320617676,24.8999996185303,-7.19999980926514,692,58.7032356262207,57
112,2,5.32083320617676,24.8999996185303,-7.19999980926514,692,58.7032356262207,57
112,2,5.32083320617676,24.8999996185303,-7.19999980926514,692,58.7032356262207,57
112,2,5.32083320617676,24.8999996185303,-7.19999980926514,692,58.7032356262207,57
112,2,5.32083320617676,24.8999996185303,-7.19999980926514,692,58.7032356262207,57
113,0,6.22499990463257,27.8999996185303,-8.5,486,59.4915046691895,51
113,0,6.22499990463257,27.8999996185303,-8.5,486,59.4915046691895,51
113,0,6.22499990463257,27.8999996185303,-8.5,486,59.4915046691895,51
113,0,6.22499990463257,27.8999996185303,-8.5,486,59.4915046691895,51
113,1,6.22499990463257,27.8999996185303,-8.5,486,59.4915046691895,51
113,1,6.22499990463257,27.8999996185303,-8.5,486,59.4915046691895,51
113,1,6.22499990463257,27.8999996185303,-8.5,486,59.4915046691895,51
113,1,6.22499990463257,27.8999996185303,-8.5,486,59.4915046691895,51
113,2,6.22499990463257,27.8999996185303,-8.5,486,59.4915046691895,51
113,2,6.22499990463257,27.8999996185303,-8.5,486,59.4915046691895,51
113,2,6.22499990463257,27.8999996185303,-8.5,486,59.4915046691895,51
113,2,6.22499990463257,27.8999996185303,-8.5,486,59.4915046691895,51
114,0,5.16666650772095,26.2000007629395,-9,452,54.2748794555664,58
114,0,5.16666650772095,26.2000007629395,-9,452,54.2748794555664,58
114,0,5.16666650772095,26.2000007629395,-9,452,54.2748794555664,58
114,0,5.16666650772095,26.2000007629395,-9,452,54.2748794555664,58
114,1,5.16666650772095,26.2000007629395,-9,452,54.2748794555664,58
114,1,5.16666650772095,26.2000007629395,-9,452,54.2748794555664,58
114,1,5.16666650772095,26.2000007629395,-9,452,54.2748794555664,58
114,1,5.16666650772095,26.2000007629395,-9,452,54.2748794555664,58
114,2,5.16666650772095,26.2000007629395,-9,452,54.2748794555664,58
114,2,5.16666650772095,26.2000007629395,-9,452,54.2748794555664,58
114,2,5.16666650772095,26.2000007629395,-9,452,54.2748794555664,58
114,2,5.16666650772095,26.2000007629395,-9,452,54.2748794555664,58
115,0,4.22499990463257,23,-7.80000019073486,1362,67.9352264404297,98
115,0,4.22499990463257,23,-7.80000019073486,1362,67.9352264404297,98
115,0,4.22499990463257,23,-7.80000019073486,1362,67.9352264404297,98
115,0,4.22499990463257,23,-7.80000019073486,1362,67.9352264404297,98
115,1,4.22499990463257,23,-7.80000019073486,1362,67.9352264404297,98
115,1,4.22499990463257,23,-7.80000019073486,1362,67.9352264404297,98
115,1,4.22499990463257,23,-7.80000019073486,1362,67.9352264404297,98
115,1,4.22499990463257,23,-7.80000019073486,1362,67.9352264404297,98
115,2,4.22499990463257,23,-7.80000019073486,1362,67.9352264404297,98
115,2,4.22499990463257,23,-7.80000019073486,1362,67.9352264404297,98
115,2,4.22499990463257,23,-7.80000019073486,1362,67.9352264404297,98
115,2,4.22499990463257,23,-7.80000019073486,1362,67.9352264404297,98
116,0,6.03749990463257,27.7000007629395,-8.60000038146973,495,54.0399894714356,55
116,0,6.03749990463257,27.7000007629395,-8.60000038146973,495,54.0399894714356,55
116,0,6.03749990463257,27.7000007629395,-8.60000038146973,495,54.0399894714356,55
116,0,6.03749990463257,27.7000007629395,-8.60000038146973,495,54.0399894714356,55
116,1,6.03749990463257,27.7000007629395,-8.60000038146973,495,54.0399894714356,55
116,1,6.03749990463257,27.7000007629395,-8.60000038146973,495,54.0399894714356,55
116,1,6.03749990463257,27.7000007629395,-8.60000038146973,495,54.0399894714356,55
116,1,6.03749990463257,27.7000007629395,-8.60000038146973,495,54.0399894714356,55
116,2,6.03749990463257,27.7000007629395,-8.60000038146973,495,54.0399894714356,55
116,2,6.03749990463257,27.7000007629395,-8.60000038146973,495,54.0399894714356,55
116,2,6.03749990463257,27.7000007629395,-8.60000038146973,495,54.0399894714356,55
116,2,6.03749990463257,27.7000007629395,-8.60000038146973,495,54.0399894714356,55
117,0,5.5625,27.6000003814697,-9.30000019073486,628,67.0168914794922,54
117,0,5.5625,27.6000003814697,-9.30000019073486,628,67.0168914794922,54
117,0,5.5625,27.6000003814697,-9.30000019073486,628,67.0168914794922,54
117,0,5.5625,27.6000003814697,-9.30000019073486,628,67.0168914794922,54
117,1,5.5625,27.6000003814697,-9.30000019073486,628,67.0168914794922,54
117,1,5.5625,27.6000003814697,-9.30000019073486,628,67.0168914794922,54
117,1,5.5625,27.6000003814697,-9.30000019073486,628,67.0168914794922,54
117,1,5.5625,27.6000003814697,-9.30000019073486,628,67.0168914794922,54
117,2,5.5625,27.6000003814697,-9.30000019073486,628,67.0168914794922,54
117,2,5.5625,27.6000003814697,-9.30000019073486,628,67.0168914794922,54
117,2,5.5625,27.6000003814697,-9.30000019073486,628,67.0168914794922,54
117,2,5.5625,27.6000003814697,-9.30000019073486,628,67.0168914794922,54
118,0,5.40000009536743,26.5,-8.60000038146973,892,70.1963195800781,67
118,0,5.40000009536743,26.5,-8.60000038146973,892,70.1963195800781,67
118,0,5.40000009536743,26.5,-8.60000038146973,892,70.1963195800781,67
118,0,5.40000009536743,26.5,-8.60000038146973,892,70.1963195800781,67
118,1,5.40000009536743,26.5,-8.60000038146973,892,70.1963195800781,67
118,1,5.40000009536743,26.5,-8.60000038146973,892,70.1963195800781,67
118,1,5.40000009536743,26.5,-8.60000038146973,892,70.1963195800781,67
118,1,5.40000009536743,26.5,-8.60000038146973,892,70.1963195800781,67
118,2,5.40000009536743,26.5,-8.60000038146973,892,70.1963195800781,67
118,2,5.40000009536743,26.5,-8.60000038146973,892,70.1963195800781,67
118,2,5.40000009536743,26.5,-8.60000038146973,892,70.1963195800781,67
118,2,5.40000009536743,26.5,-8.60000038146973,892,70.1963195800781,67
119,0,6.27083349227905,27.7000007629395,-8.69999980926514,440,56.70751953125,55
119,0,6.27083349227905,27.7000007629395,-8.69999980926514,440,56.70751953125,55
119,0,6.27083349227905,27.7000007629395,-8.69999980926514,440,56.70751953125,55
119,0,6.27083349227905,27.7000007629395,-8.69999980926514,440,56.70751953125,55
119,1,6.27083349227905,27.7000007629395,-8.69999980926514,440,56.70751953125,55
119,1,6.27083349227905,27.7000007629395,-8.69999980926514,440,56.70751953125,55
119,1,6.27083349227905,27.7000007629395,-8.69999980926514,440,56.70751953125,55
119,1,6.27083349227905,27.7000007629395,-8.69999980926514,440,56.70751953125,55
119,2,6.27083349227905,27.7000007629395,-8.69999980926514,440,56.70751953125,55
119,2,6.27083349227905,27.7000007629395,-8.69999980926514,440,56.70751953125,55
119,2,6.27083349227905,27.7000007629395,-8.69999980926514,440,56.70751953125,55
119,2,6.27083349227905,27.7000007629395,-8.69999980926514,440,56.70751953125,55
120,0,5.74583339691162,26.6000003814697,-8.10000038146973,781,67.9426879882813,59
120,0,5.74583339691162,26.6000003814697,-8.10000038146973,781,67.9426879882813,59
120,0,5.74583339691162,26.6000003814697,-8.10000038146973,781,67.9426879882813,59
120,0,5.74583339691162,26.6000003814697,-8.10000038146973,781,67.9426879882813,59
120,1,5.74583339691162,26.6000003814697,-8.10000038146973,781,67.9426879882813,59
120,1,5.74583339691162,26.6000003814697,-8.10000038146973,781,67.9426879882813,59
120,1,5.74583339691162,26.6000003814697,-8.10000038146973,781,67.9426879882813,59
120,1,5.74583339691162,26.6000003814697,-8.10000038146973,781,67.9426879882813,59
120,2,5.74583339691162,26.6000003814697,-8.10000038146973,781,67.9426879882813,59
120,2,5.74583339691162,26.6000003814697,-8.10000038146973,781,67.9426879882813,59
120,2,5.74583339691162,26.6000003814697,-8.10000038146973,781,67.9426879882813,59
120,2,5.74583339691162,26.6000003814697,-8.10000038146973,781,67.9426879882813,59
121,0,6.15000009536743,27.5,-8.19999980926514,488,58.3167533874512,52
121,0,6.15000009536743,27.5,-8.19999980926514,488,58.3167533874512,52
121,0,6.15000009536743,27.5,-8.19999980926514,488,58.3167533874512,52
121,0,6.15000009536743,27.5,-8.19999980926514,488,58.3167533874512,52
121,1,6.15000009536743,27.5,-8.19999980926514,488,58.3167533874512,52
121,1,6.15000009536743,27.5,-8.19999980926514,488,58.3167533874512,52
121,1,6.15000009536743,27.5,-8.19999980926514,488,58.3167533874512,52
121,1,6.15000009536743,27.5,-8.19999980926514,488,58.3167533874512,52
121,2,6.15000009536743,27.5,-8.19999980926514,488,58.3167533874512,52
121,2,6.15000009536743,27.5,-8.19999980926514,488,58.3167533874512,52
121,2,6.15000009536743,27.5,-8.19999980926514,488,58.3167533874512,52
121,2,6.15000009536743,27.5,-8.19999980926514,488,58.3167533874512,52
122,0,7.19583320617676,27.7999992370606,-6.80000019073486,534,59.1627922058106,45
122,0,7.19583320617676,27.7999992370606,-6.80000019073486,534,59.1627922058106,45
122,0,7.19583320617676,27.7999992370606,-6.80000019073486,534,59.1627922058106,45
122,0,7.19583320617676,27.7999992370606,-6.80000019073486,534,59.1627922058106,45
122,1,7.19583320617676,27.7999992370606,-6.80000019073486,534,59.1627922058106,45
122,1,7.19583320617676,27.7999992370606,-6.80000019073486,534,59.1627922058106,45
122,1,7.19583320617676,27.7999992370606,-6.80000019073486,534,59.1627922058106,45
122,1,7.19583320617676,27.7999992370606,-6.80000019073486,534,59.1627922058106,45
122,2,7.19583320617676,27.7999992370606,-6.80000019073486,534,59.1627922058106,45
122,2,7.19583320617676,27.7999992370606,-6.80000019073486,534,59.1627922058106,45
122,2,7.19583320617676,27.7999992370606,-6.80000019073486,534,59.1627922058106,45
122,2,7.19583320617676,27.7999992370606,-6.80000019073486,534,59.1627922058106,45
123,0,4.31666660308838,23.2999992370605,-7.80000019073486,1254,68.6551284790039,90
123,0,4.31666660308838,23.2999992370605,-7.80000019073486,1254,68.6551284790039,90
123,0,4.31666660308838,23.2999992370605,-7.80000019073486,1254,68.6551284790039,90
123,0,4.31666660308838,23.2999992370605,-7.80000019073486,1254,68.6551284790039,90
123,1,4.31666660308838,23.2999992370605,-7.80000019073486,1254,68.6551284790039,90
123,1,4.31666660308838,23.2999992370605,-7.80000019073486,1254,68.6551284790039,90
123,1,4.31666660308838,23.2999992370605,-7.80000019073486,1254,68.6551284790039,90
123,1,4.31666660308838,23.2999992370605,-7.80000019073486,1254,68.6551284790039,90
123,2,4.31666660308838,23.2999992370605,-7.80000019073486,1254,68.6551284790039,90
123,2,4.31666660308838,23.2999992370605,-7.80000019073486,1254,68.6551284790039,90
123,2,4.31666660308838,23.2999992370605,-7.80000019073486,1254,68.6551284790039,90
123,2,4.31666660308838,23.2999992370605,-7.80000019073486,1254,68.6551284790039,90
124,0,6.0625,27.7999992370606,-9.19999980926514,497,63.0877799987793,50
124,0,6.0625,27.7999992370606,-9.19999980926514,497,63.0877799987793,50
124,0,6.0625,27.7999992370606,-9.19999980926514,497,63.0877799987793,50
124,0,6.0625,27.7999992370606,-9.19999980926514,497,63.0877799987793,50
124,1,6.0625,27.7999992370606,-9.19999980926514,497,63.0877799987793,50
124,1,6.0625,27.7999992370606,-9.19999980926514,497,63.0877799987793,50
124,1,6.0625,27.7999992370606,-9.19999980926514,497,63.0877799987793,50
124,1,6.0625,27.7999992370606,-9.19999980926514,497,63.0877799987793,50
124,2,6.0625,27.7999992370606,-9.19999980926514,497,63.0877799987793,50
124,2,6.0625,27.7999992370606,-9.19999980926514,497,63.0877799987793,50
124,2,6.0625,27.7999992370606,-9.19999980926514,497,63.0877799987793,50
124,2,6.0625,27.7999992370606,-9.19999980926514,497,63.0877799987793,50
125,0,4.67083358764648,23.3999996185303,-7.30000019073486,590,40.7439079284668,62
125,0,4.67083358764648,23.3999996185303,-7.30000019073486,590,40.7439079284668,62
125,0,4.67083358764648,23.3999996185303,-7.30000019073486,590,40.7439079284668,62
125,0,4.67083358764648,23.3999996185303,-7.30000019073486,590,40.7439079284668,62
125,1,4.67083358764648,23.3999996185303,-7.30000019073486,590,40.7439079284668,62
125,1,4.67083358764648,23.3999996185303,-7.30000019073486,590,40.7439079284668,62
125,1,4.67083358764648,23.3999996185303,-7.30000019073486,590,40.7439079284668,62
125,1,4.67083358764648,23.3999996185303,-7.30000019073486,590,40.7439079284668,62
125,2,4.67083358764648,23.3999996185303,-7.30000019073486,590,40.7439079284668,62
125,2,4.67083358764648,23.3999996185303,-7.30000019073486,590,40.7439079284668,62
125,2,4.67083358764648,23.3999996185303,-7.30000019073486,590,40.7439079284668,62
125,2,4.67083358764648,23.3999996185303,-7.30000019073486,590,40.7439079284668,62
126,0,6.11666679382324,26.1000003814697,-7.40000009536743,462,40.499137878418,51
126,0,6.11666679382324,26.1000003814697,-7.40000009536743,462,40.499137878418,51
126,0,6.11666679382324,26.1000003814697,-7.40000009536743,462,40.499137878418,51
126,0,6.11666679382324,26.1000003814697,-7.40000009536743,462,40.499137878418,51
126,1,6.11666679382324,26.1000003814697,-7.40000009536743,462,40.499137878418,51
126,1,6.11666679382324,26.1000003814697,-7.40000009536743,462,40.499137878418,51
126,1,6.11666679382324,26.1000003814697,-7.40000009536743,462,40.499137878418,51
126,1,6.11666679382324,26.1000003814697,-7.40000009536743,462,40.499137878418,51
126,2,6.11666679382324,26.1000003814697,-7.40000009536743,462,40.499137878418,51
126,2,6.11666679382324,26.1000003814697,-7.40000009536743,462,40.499137878418,51
126,2,6.11666679382324,26.1000003814697,-7.40000009536743,462,40.499137878418,51
126,2,6.11666679382324,26.1000003814697,-7.40000009536743,462,40.499137878418,51
127,0,4.45416641235352,23.3999996185303,-7.5,584,41.0060577392578,63
127,0,4.45416641235352,23.3999996185303,-7.5,584,41.0060577392578,63
127,0,4.45416641235352,23.3999996185303,-7.5,584,41.0060577392578,63
127,0,4.45416641235352,23.3999996185303,-7.5,584,41.0060577392578,63
127,1,4.45416641235352,23.3999996185303,-7.5,584,41.0060577392578,63
127,1,4.45416641235352,23.3999996185303,-7.5,584,41.0060577392578,63
127,1,4.45416641235352,23.3999996185303,-7.5,584,41.0060577392578,63
127,1,4.45416641235352,23.3999996185303,-7.5,584,41.0060577392578,63
127,2,4.45416641235352,23.3999996185303,-7.5,584,41.0060577392578,63
127,2,4.45416641235352,23.3999996185303,-7.5,584,41.0060577392578,63
127,2,4.45416641235352,23.3999996185303,-7.5,584,41.0060577392578,63
127,2,4.45416641235352,23.3999996185303,-7.5,584,41.0060577392578,63
128,0,6.14166641235352,28.1000003814697,-9.60000038146973,298,40.5262870788574,51
128,0,6.14166641235352,28.1000003814697,-9.60000038146973,298,40.5262870788574,51
128,0,6.14166641235352,28.1000003814697,-9.60000038146973,298,40.5262870788574,51
128,0,6.14166641235352,28.1000003814697,-9.60000038146973,298,40.5262870788574,51
128,1,6.14166641235352,28.1000003814697,-9.60000038146973,298,40.5262870788574,51
128,1,6.14166641235352,28.1000003814697,-9.60000038146973,298,40.5262870788574,51
128,1,6.14166641235352,28.1000003814697,-9.60000038146973,298,40.5262870788574,51
128,1,6.14166641235352,28.1000003814697,-9.60000038146973,298,40.5262870788574,51
128,2,6.14166641235352,28.1000003814697,-9.60000038146973,298,40.5262870788574,51
128,2,6.14166641235352,28.1000003814697,-9.60000038146973,298,40.5262870788574,51
128,2,6.14166641235352,28.1000003814697,-9.60000038146973,298,40.5262870788574,51
128,2,6.14166641235352,28.1000003814697,-9.60000038146973,298,40.5262870788574,51
129,0,3.69166660308838,23.5,-9.39999961853027,679,54.8339004516602,64
129,0,3.69166660308838,23.5,-9.39999961853027,679,54.8339004516602,64
129,0,3.69166660308838,23.5,-9.39999961853027,679,54.8339004516602,64
129,0,3.69166660308838,23.5,-9.39999961853027,679,54.8339004516602,64
129,1,3.69166660308838,23.5,-9.39999961853027,679,54.8339004516602,64
129,1,3.69166660308838,23.5,-9.39999961853027,679,54.8339004516602,64
129,1,3.69166660308838,23.5,-9.39999961853027,679,54.8339004516602,64
129,1,3.69166660308838,23.5,-9.39999961853027,679,54.8339004516602,64
129,2,3.69166660308838,23.5,-9.39999961853027,679,54.8339004516602,64
129,2,3.69166660308838,23.5,-9.39999961853027,679,54.8339004516602,64
129,2,3.69166660308838,23.5,-9.39999961853027,679,54.8339004516602,64
129,2,3.69166660308838,23.5,-9.39999961853027,679,54.8339004516602,64
130,0,5.17916679382324,23.8999996185303,-7.09999990463257,514,38.0110588073731,56
130,0,5.17916679382324,23.8999996185303,-7.09999990463257,514,38.0110588073731,56
130,0,5.17916679382324,23.8999996185303,-7.09999990463257,514,38.0110588073731,56
130,0,5.17916679382324,23.8999996185303,-7.09999990463257,514,38.0110588073731,56
130,1,5.17916679382324,23.8999996185303,-7.09999990463257,514,38.0110588073731,56
130,1,5.17916679382324,23.8999996185303,-7.09999990463257,514,38.0110588073731,56
130,1,5.17916679382324,23.8999996185303,-7.09999990463257,514,38.0110588073731,56
130,1,5.17916679382324,23.8999996185303,-7.09999990463257,514,38.0110588073731,56
130,2,5.17916679382324,23.8999996185303,-7.09999990463257,514,38.0110588073731,56
130,2,5.17916679382324,23.8999996185303,-7.09999990463257,514,38.0110588073731,56
130,2,5.17916679382324,23.8999996185303,-7.09999990463257,514,38.0110588073731,56
130,2,5.17916679382324,23.8999996185303,-7.09999990463257,514,38.0110588073731,56
131,0,10.3000001907349,26.7999992370606,0.400000005960465,1632,64.6761932373047,115
131,0,10.3000001907349,26.7999992370606,0.400000005960465,1632,64.6761932373047,115
131,0,10.3000001907349,26.7999992370606,0.400000005960465,1632,64.6761932373047,115
131,0,10.3000001907349,26.7999992370606,0.400000005960465,1632,64.6761932373047,115
131,1,10.3000001907349,26.7999992370606,0.400000005960465,1632,64.6761932373047,115
131,1,10.3000001907349,26.7999992370606,0.400000005960465,1632,64.6761932373047,115
131,1,10.3000001907349,26.7999992370606,0.400000005960465,1632,64.6761932373047,115
131,1,10.3000001907349,26.7999992370606,0.400000005960465,1632,64.6761932373047,115
131,2,10.3000001907349,26.7999992370606,0.400000005960465,1632,64.6761932373047,115
131,2,10.3000001907349,26.7999992370606,0.400000005960465,1632,64.6761932373047,115
131,2,10.3000001907349,26.7999992370606,0.400000005960465,1632,64.6761932373047,115
131,2,10.3000001907349,26.7999992370606,0.400000005960465,1632,64.6761932373047,115
132,0,10.8374996185303,27.7000007629395,0.699999988079071,1535,66.6502532958984,99
132,0,10.8374996185303,27.7000007629395,0.699999988079071,1535,66.6502532958984,99
132,0,10.8374996185303,27.7000007629395,0.699999988079071,1535,66.6502532958984,99
132,0,10.8374996185303,27.7000007629395,0.699999988079071,1535,66.6502532958984,99
132,1,10.8374996185303,27.7000007629395,0.699999988079071,1535,66.6502532958984,99
132,1,10.8374996185303,27.7000007629395,0.699999988079071,1535,66.6502532958984,99
132,1,10.8374996185303,27.7000007629395,0.699999988079071,1535,66.6502532958984,99
132,1,10.8374996185303,27.7000007629395,0.699999988079071,1535,66.6502532958984,99
132,2,10.8374996185303,27.7000007629395,0.699999988079071,1535,66.6502532958984,99
132,2,10.8374996185303,27.7000007629395,0.699999988079071,1535,66.6502532958984,99
132,2,10.8374996185303,27.7000007629395,0.699999988079071,1535,66.6502532958984,99
132,2,10.8374996185303,27.7000007629395,0.699999988079071,1535,66.6502532958984,99
133,0,9.99583339691162,20.2999992370605,2.70000004768372,2366,68.832145690918,139
133,0,9.99583339691162,20.2999992370605,2.70000004768372,2366,68.832145690918,139
133,0,9.99583339691162,20.2999992370605,2.70000004768372,2366,68.832145690918,139
133,0,9.99583339691162,20.2999992370605,2.70000004768372,2366,68.832145690918,139
133,1,9.99583339691162,20.2999992370605,2.70000004768372,2366,68.832145690918,139
133,1,9.99583339691162,20.2999992370605,2.70000004768372,2366,68.832145690918,139
133,1,9.99583339691162,20.2999992370605,2.70000004768372,2366,68.832145690918,139
133,1,9.99583339691162,20.2999992370605,2.70000004768372,2366,68.832145690918,139
133,2,9.99583339691162,20.2999992370605,2.70000004768372,2366,68.832145690918,139
133,2,9.99583339691162,20.2999992370605,2.70000004768372,2366,68.832145690918,139
133,2,9.99583339691162,20.2999992370605,2.70000004768372,2366,68.832145690918,139
133,2,9.99583339691162,20.2999992370605,2.70000004768372,2366,68.832145690918,139
134,0,9.46666622161865,27.7000007629395,-1.29999995231628,1512,66.2881393432617,104
134,0,9.46666622161865,27.7000007629395,-1.29999995231628,1512,66.2881393432617,104
134,0,9.46666622161865,27.7000007629395,-1.29999995231628,1512,66.2881393432617,104
134,0,9.46666622161865,27.7000007629395,-1.29999995231628,1512,66.2881393432617,104
134,1,9.46666622161865,27.7000007629395,-1.29999995231628,1512,66.2881393432617,104
134,1,9.46666622161865,27.7000007629395,-1.29999995231628,1512,66.2881393432617,104
134,1,9.46666622161865,27.7000007629395,-1.29999995231628,1512,66.2881393432617,104
134,1,9.46666622161865,27.7000007629395,-1.29999995231628,1512,66.2881393432617,104
134,2,9.46666622161865,27.7000007629395,-1.29999995231628,1512,66.2881393432617,104
134,2,9.46666622161865,27.7000007629395,-1.29999995231628,1512,66.2881393432617,104
134,2,9.46666622161865,27.7000007629395,-1.29999995231628,1512,66.2881393432617,104
134,2,9.46666622161865,27.7000007629395,-1.29999995231628,1512,66.2881393432617,104
135,0,10.2916669845581,28.5,-0.899999976158142,1233,63.1268424987793,88
135,0,10.2916669845581,28.5,-0.899999976158142,1233,63.1268424987793,88
135,0,10.2916669845581,28.5,-0.899999976158142,1233,63.1268424987793,88
135,0,10.2916669845581,28.5,-0.899999976158142,1233,63.1268424987793,88
135,1,10.2916669845581,28.5,-0.899999976158142,1233,63.1268424987793,88
135,1,10.2916669845581,28.5,-0.899999976158142,1233,63.1268424987793,88
135,1,10.2916669845581,28.5,-0.899999976158142,1233,63.1268424987793,88
135,1,10.2916669845581,28.5,-0.899999976158142,1233,63.1268424987793,88
135,2,10.2916669845581,28.5,-0.899999976158142,1233,63.1268424987793,88
135,2,10.2916669845581,28.5,-0.899999976158142,1233,63.1268424987793,88
135,2,10.2916669845581,28.5,-0.899999976158142,1233,63.1268424987793,88
135,2,10.2916669845581,28.5,-0.899999976158142,1233,63.1268424987793,88
136,0,4.99166679382324,23.2999992370605,-7,1240,64.9026412963867,100
136,0,4.99166679382324,23.2999992370605,-7,1240,64.9026412963867,100
136,0,4.99166679382324,23.2999992370605,-7,1240,64.9026412963867,100
136,0,4.99166679382324,23.2999992370605,-7,1240,64.9026412963867,100
136,1,4.99166679382324,23.2999992370605,-7,1240,64.9026412963867,100
136,1,4.99166679382324,23.2999992370605,-7,1240,64.9026412963867,100
136,1,4.99166679382324,23.2999992370605,-7,1240,64.9026412963867,100
136,1,4.99166679382324,23.2999992370605,-7,1240,64.9026412963867,100
136,2,4.99166679382324,23.2999992370605,-7,1240,64.9026412963867,100
136,2,4.99166679382324,23.2999992370605,-7,1240,64.9026412963867,100
136,2,4.99166679382324,23.2999992370605,-7,1240,64.9026412963867,100
136,2,4.99166679382324,23.2999992370605,-7,1240,64.9026412963867,100
137,0,9.84166622161865,28.1000003814697,-1.39999997615814,1259,62.3969078063965,94
137,0,9.84166622161865,28.1000003814697,-1.39999997615814,1259,62.3969078063965,94
137,0,9.84166622161865,28.1000003814697,-1.39999997615814,1259,62.3969078063965,94
137,0,9.84166622161865,28.1000003814697,-1.39999997615814,1259,62.3969078063965,94
137,1,9.84166622161865,28.1000003814697,-1.39999997615814,1259,62.3969078063965,94
137,1,9.84166622161865,28.1000003814697,-1.39999997615814,1259,62.3969078063965,94
137,1,9.84166622161865,28.1000003814697,-1.39999997615814,1259,62.3969078063965,94
137,1,9.84166622161865,28.1000003814697,-1.39999997615814,1259,62.3969078063965,94
137,2,9.84166622161865,28.1000003814697,-1.39999997615814,1259,62.3969078063965,94
137,2,9.84166622161865,28.1000003814697,-1.39999997615814,1259,62.3969078063965,94
137,2,9.84166622161865,28.1000003814697,-1.39999997615814,1259,62.3969078063965,94
137,2,9.84166622161865,28.1000003814697,-1.39999997615814,1259,62.3969078063965,94
138,0,8.19583320617676,26.8999996185303,-3.09999990463257,1297,64.0811233520508,98
138,0,8.19583320617676,26.8999996185303,-3.09999990463257,1297,64.0811233520508,98
138,0,8.19583320617676,26.8999996185303,-3.09999990463257,1297,64.0811233520508,98
138,0,8.19583320617676,26.8999996185303,-3.09999990463257,1297,64.0811233520508,98
138,1,8.19583320617676,26.8999996185303,-3.09999990463257,1297,64.0811233520508,98
138,1,8.19583320617676,26.8999996185303,-3.09999990463257,1297,64.0811233520508,98
138,1,8.19583320617676,26.8999996185303,-3.09999990463257,1297,64.0811233520508,98
138,1,8.19583320617676,26.8999996185303,-3.09999990463257,1297,64.0811233520508,98
138,2,8.19583320617676,26.8999996185303,-3.09999990463257,1297,64.0811233520508,98
138,2,8.19583320617676,26.8999996185303,-3.09999990463257,1297,64.0811233520508,98
138,2,8.19583320617676,26.8999996185303,-3.09999990463257,1297,64.0811233520508,98
138,2,8.19583320617676,26.8999996185303,-3.09999990463257,1297,64.0811233520508,98
139,0,8.98750019073486,26.6000003814697,-1.29999995231628,1636,67.2562255859375,111
139,0,8.98750019073486,26.6000003814697,-1.29999995231628,1636,67.2562255859375,111
139,0,8.98750019073486,26.6000003814697,-1.29999995231628,1636,67.2562255859375,111
139,0,8.98750019073486,26.6000003814697,-1.29999995231628,1636,67.2562255859375,111
139,1,8.98750019073486,26.6000003814697,-1.29999995231628,1636,67.2562255859375,111
139,1,8.98750019073486,26.6000003814697,-1.29999995231628,1636,67.2562255859375,111
139,1,8.98750019073486,26.6000003814697,-1.29999995231628,1636,67.2562255859375,111
139,1,8.98750019073486,26.6000003814697,-1.29999995231628,1636,67.2562255859375,111
139,2,8.98750019073486,26.6000003814697,-1.29999995231628,1636,67.2562255859375,111
139,2,8.98750019073486,26.6000003814697,-1.29999995231628,1636,67.2562255859375,111
139,2,8.98750019073486,26.6000003814697,-1.29999995231628,1636,67.2562255859375,111
139,2,8.98750019073486,26.6000003814697,-1.29999995231628,1636,67.2562255859375,111
140,0,10.0249996185303,22.2999992370605,1.29999995231628,2314,70.9329528808594,135
140,0,10.0249996185303,22.2999992370605,1.29999995231628,2314,70.9329528808594,135
140,0,10.0249996185303,22.2999992370605,1.29999995231628,2314,70.9329528808594,135
140,0,10.0249996185303,22.2999992370605,1.29999995231628,2314,70.9329528808594,135
140,1,10.0249996185303,22.2999992370605,1.29999995231628,2314,70.9329528808594,135
140,1,10.0249996185303,22.2999992370605,1.29999995231628,2314,70.9329528808594,135
140,1,10.0249996185303,22.2999992370605,1.29999995231628,2314,70.9329528808594,135
140,1,10.0249996185303,22.2999992370605,1.29999995231628,2314,70.9329528808594,135
140,2,10.0249996185303,22.2999992370605,1.29999995231628,2314,70.9329528808594,135
140,2,10.0249996185303,22.2999992370605,1.29999995231628,2314,70.9329528808594,135
140,2,10.0249996185303,22.2999992370605,1.29999995231628,2314,70.9329528808594,135
140,2,10.0249996185303,22.2999992370605,1.29999995231628,2314,70.9329528808594,135
141,0,6.0125002861023,24.2000007629395,-5.40000009536743,1365,66.1371841430664,105
141,0,6.0125002861023,24.2000007629395,-5.40000009536743,1365,66.1371841430664,105
141,0,6.0125002861023,24.2000007629395,-5.40000009536743,1365,66.1371841430664,105
141,0,6.0125002861023,24.2000007629395,-5.40000009536743,1365,66.1371841430664,105
141,1,6.0125002861023,24.2000007629395,-5.40000009536743,1365,66.1371841430664,105
141,1,6.0125002861023,24.2000007629395,-5.40000009536743,1365,66.1371841430664,105
141,1,6.0125002861023,24.2000007629395,-5.40000009536743,1365,66.1371841430664,105
141,1,6.0125002861023,24.2000007629395,-5.40000009536743,1365,66.1371841430664,105
141,2,6.0125002861023,24.2000007629395,-5.40000009536743,1365,66.1371841430664,105
141,2,6.0125002861023,24.2000007629395,-5.40000009536743,1365,66.1371841430664,105
141,2,6.0125002861023,24.2000007629395,-5.40000009536743,1365,66.1371841430664,105
141,2,6.0125002861023,24.2000007629395,-5.40000009536743,1365,66.1371841430664,105
142,0,8.74166679382324,25.7999992370605,-1.20000004768372,1742,65.2936782836914,125
142,0,8.74166679382324,25.7999992370605,-1.20000004768372,1742,65.2936782836914,125
142,0,8.74166679382324,25.7999992370605,-1.20000004768372,1742,65.2936782836914,125
142,0,8.74166679382324,25.7999992370605,-1.20000004768372,1742,65.2936782836914,125
142,1,8.74166679382324,25.7999992370605,-1.20000004768372,1742,65.2936782836914,125
142,1,8.74166679382324,25.7999992370605,-1.20000004768372,1742,65.2936782836914,125
142,1,8.74166679382324,25.7999992370605,-1.20000004768372,1742,65.2936782836914,125
142,1,8.74166679382324,25.7999992370605,-1.20000004768372,1742,65.2936782836914,125
142,2,8.74166679382324,25.7999992370605,-1.20000004768372,1742,65.2936782836914,125
142,2,8.74166679382324,25.7999992370605,-1.20000004768372,1742,65.2936782836914,125
142,2,8.74166679382324,25.7999992370605,-1.20000004768372,1742,65.2936782836914,125
142,2,8.74166679382324,25.7999992370605,-1.20000004768372,1742,65.2936782836914,125
143,0,10.0625,28.3999996185303,-1.20000004768372,1388,62.7269020080566,104
143,0,10.0625,28.3999996185303,-1.20000004768372,1388,62.7269020080566,104
143,0,10.0625,28.3999996185303,-1.20000004768372,1388,62.7269020080566,104
143,0,10.0625,28.3999996185303,-1.20000004768372,1388,62.7269020080566,104
143,1,10.0625,28.3999996185303,-1.20000004768372,1388,62.7269020080566,104
143,1,10.0625,28.3999996185303,-1.20000004768372,1388,62.7269020080566,104
143,1,10.0625,28.3999996185303,-1.20000004768372,1388,62.7269020080566,104
143,1,10.0625,28.3999996185303,-1.20000004768372,1388,62.7269020080566,104
143,2,10.0625,28.3999996185303,-1.20000004768372,1388,62.7269020080566,104
143,2,10.0625,28.3999996185303,-1.20000004768372,1388,62.7269020080566,104
143,2,10.0625,28.3999996185303,-1.20000004768372,1388,62.7269020080566,104
143,2,10.0625,28.3999996185303,-1.20000004768372,1388,62.7269020080566,104
144,0,10.4166669845581,22.2000007629395,1.70000004768372,2181,70.1125564575195,131
144,0,10.4166669845581,22.2000007629395,1.70000004768372,2181,70.1125564575195,131
144,0,10.4166669845581,22.2000007629395,1.70000004768372,2181,70.1125564575195,131
144,0,10.4166669845581,22.2000007629395,1.70000004768372,2181,70.1125564575195,131
144,1,10.4166669845581,22.2000007629395,1.70000004768372,2181,70.1125564575195,131
144,1,10.4166669845581,22.2000007629395,1.70000004768372,2181,70.1125564575195,131
144,1,10.4166669845581,22.2000007629395,1.70000004768372,2181,70.1125564575195,131
144,1,10.4166669845581,22.2000007629395,1.70000004768372,2181,70.1125564575195,131
144,2,10.4166669845581,22.2000007629395,1.70000004768372,2181,70.1125564575195,131
144,2,10.4166669845581,22.2000007629395,1.70000004768372,2181,70.1125564575195,131
144,2,10.4166669845581,22.2000007629395,1.70000004768372,2181,70.1125564575195,131
144,2,10.4166669845581,22.2000007629395,1.70000004768372,2181,70.1125564575195,131
145,0,10.1708335876465,22.3999996185303,1.39999997615814,2431,70.0128555297852,152
145,0,10.1708335876465,22.3999996185303,1.39999997615814,2431,70.0128555297852,152
145,0,10.1708335876465,22.3999996185303,1.39999997615814,2431,70.0128555297852,152
145,0,10.1708335876465,22.3999996185303,1.39999997615814,2431,70.0128555297852,152
145,1,10.1708335876465,22.3999996185303,1.39999997615814,2431,70.0128555297852,152
145,1,10.1708335876465,22.3999996185303,1.39999997615814,2431,70.0128555297852,152
145,1,10.1708335876465,22.3999996185303,1.39999997615814,2431,70.0128555297852,152
145,1,10.1708335876465,22.3999996185303,1.39999997615814,2431,70.0128555297852,152
145,2,10.1708335876465,22.3999996185303,1.39999997615814,2431,70.0128555297852,152
145,2,10.1708335876465,22.3999996185303,1.39999997615814,2431,70.0128555297852,152
145,2,10.1708335876465,22.3999996185303,1.39999997615814,2431,70.0128555297852,152
145,2,10.1708335876465,22.3999996185303,1.39999997615814,2431,70.0128555297852,152
146,0,10.5666666030884,21.5,2.20000004768372,2140,65.8500747680664,144
146,0,10.5666666030884,21.5,2.20000004768372,2140,65.8500747680664,144
146,0,10.5666666030884,21.5,2.20000004768372,2140,65.8500747680664,144
146,0,10.5666666030884,21.5,2.20000004768372,2140,65.8500747680664,144
146,1,10.5666666030884,21.5,2.20000004768372,2140,65.8500747680664,144
146,1,10.5666666030884,21.5,2.20000004768372,2140,65.8500747680664,144
146,1,10.5666666030884,21.5,2.20000004768372,2140,65.8500747680664,144
146,1,10.5666666030884,21.5,2.20000004768372,2140,65.8500747680664,144
146,2,10.5666666030884,21.5,2.20000004768372,2140,65.8500747680664,144
146,2,10.5666666030884,21.5,2.20000004768372,2140,65.8500747680664,144
146,2,10.5666666030884,21.5,2.20000004768372,2140,65.8500747680664,144
146,2,10.5666666030884,21.5,2.20000004768372,2140,65.8500747680664,144
147,0,9.97083282470703,26.6000003814697,0.200000002980232,1912,61.8401222229004,134
147,0,9.97083282470703,26.6000003814697,0.200000002980232,1912,61.8401222229004,134
147,0,9.97083282470703,26.6000003814697,0.200000002980232,1912,61.8401222229004,134
147,0,9.97083282470703,26.6000003814697,0.200000002980232,1912,61.8401222229004,134
147,1,9.97083282470703,26.6000003814697,0.200000002980232,1912,61.8401222229004,134
147,1,9.97083282470703,26.6000003814697,0.200000002980232,1912,61.8401222229004,134
147,1,9.97083282470703,26.6000003814697,0.200000002980232,1912,61.8401222229004,134
147,1,9.97083282470703,26.6000003814697,0.200000002980232,1912,61.8401222229004,134
147,2,9.97083282470703,26.6000003814697,0.200000002980232,1912,61.8401222229004,134
147,2,9.97083282470703,26.6000003814697,0.200000002980232,1912,61.8401222229004,134
147,2,9.97083282470703,26.6000003814697,0.200000002980232,1912,61.8401222229004,134
147,2,9.97083282470703,26.6000003814697,0.200000002980232,1912,61.8401222229004,134
148,0,8.55000019073486,24.7000007629395,-1.10000002384186,2165,64.5206680297852,154
148,0,8.55000019073486,24.7000007629395,-1.10000002384186,2165,64.5206680297852,154
148,0,8.55000019073486,24.7000007629395,-1.10000002384186,2165,64.5206680297852,154
148,0,8.55000019073486,24.7000007629395,-1.10000002384186,2165,64.5206680297852,154
148,1,8.55000019073486,24.7000007629395,-1.10000002384186,2165,64.5206680297852,154
148,1,8.55000019073486,24.7000007629395,-1.10000002384186,2165,64.5206680297852,154
148,1,8.55000019073486,24.7000007629395,-1.10000002384186,2165,64.5206680297852,154
148,1,8.55000019073486,24.7000007629395,-1.10000002384186,2165,64.5206680297852,154
148,2,8.55000019073486,24.7000007629395,-1.10000002384186,2165,64.5206680297852,154
148,2,8.55000019073486,24.7000007629395,-1.10000002384186,2165,64.5206680297852,154
148,2,8.55000019073486,24.7000007629395,-1.10000002384186,2165,64.5206680297852,154
148,2,8.55000019073486,24.7000007629395,-1.10000002384186,2165,64.5206680297852,154
149,0,6.77500009536743,24.1000003814697,-3.79999995231628,1888,65.7158584594727,140
149,0,6.77500009536743,24.1000003814697,-3.79999995231628,1888,65.7158584594727,140
149,0,6.77500009536743,24.1000003814697,-3.79999995231628,1888,65.7158584594727,140
149,0,6.77500009536743,24.1000003814697,-3.79999995231628,1888,65.7158584594727,140
149,1,6.77500009536743,24.1000003814697,-3.79999995231628,1888,65.7158584594727,140
149,1,6.77500009536743,24.1000003814697,-3.79999995231628,1888,65.7158584594727,140
149,1,6.77500009536743,24.1000003814697,-3.79999995231628,1888,65.7158584594727,140
149,1,6.77500009536743,24.1000003814697,-3.79999995231628,1888,65.7158584594727,140
149,2,6.77500009536743,24.1000003814697,-3.79999995231628,1888,65.7158584594727,140
149,2,6.77500009536743,24.1000003814697,-3.79999995231628,1888,65.7158584594727,140
149,2,6.77500009536743,24.1000003814697,-3.79999995231628,1888,65.7158584594727,140
149,2,6.77500009536743,24.1000003814697,-3.79999995231628,1888,65.7158584594727,140
150,0,8.73750019073486,25.8999996185303,-1.29999995231628,1887,64.6950836181641,134
150,0,8.73750019073486,25.8999996185303,-1.29999995231628,1887,64.6950836181641,134
150,0,8.73750019073486,25.8999996185303,-1.29999995231628,1887,64.6950836181641,134
150,0,8.73750019073486,25.8999996185303,-1.29999995231628,1887,64.6950836181641,134
150,1,8.73750019073486,25.8999996185303,-1.29999995231628,1887,64.6950836181641,134
150,1,8.73750019073486,25.8999996185303,-1.29999995231628,1887,64.6950836181641,134
150,1,8.73750019073486,25.8999996185303,-1.29999995231628,1887,64.6950836181641,134
150,1,8.73750019073486,25.8999996185303,-1.29999995231628,1887,64.6950836181641,134
150,2,8.73750019073486,25.8999996185303,-1.29999995231628,1887,64.6950836181641,134
150,2,8.73750019073486,25.8999996185303,-1.29999995231628,1887,64.6950836181641,134
150,2,8.73750019073486,25.8999996185303,-1.29999995231628,1887,64.6950836181641,134
150,2,8.73750019073486,25.8999996185303,-1.29999995231628,1887,64.6950836181641,134
151,0,10.1333332061768,25.7999992370605,0.100000001490116,1852,60.2600440979004,136
151,0,10.1333332061768,25.7999992370605,0.100000001490116,1852,60.2600440979004,136
151,0,10.1333332061768,25.7999992370605,0.100000001490116,1852,60.2600440979004,136
151,0,10.1333332061768,25.7999992370605,0.100000001490116,1852,60.2600440979004,136
151,1,10.1333332061768,25.7999992370605,0.100000001490116,1852,60.2600440979004,136
151,1,10.1333332061768,25.7999992370605,0.100000001490116,1852,60.2600440979004,136
151,1,10.1333332061768,25.7999992370605,0.100000001490116,1852,60.2600440979004,136
151,1,10.1333332061768,25.7999992370605,0.100000001490116,1852,60.2600440979004,136
151,2,10.1333332061768,25.7999992370605,0.100000001490116,1852,60.2600440979004,136
151,2,10.1333332061768,25.7999992370605,0.100000001490116,1852,60.2600440979004,136
151,2,10.1333332061768,25.7999992370605,0.100000001490116,1852,60.2600440979004,136
151,2,10.1333332061768,25.7999992370605,0.100000001490116,1852,60.2600440979004,136
152,0,7.23749971389771,23.8999996185303,-2.70000004768372,2091,65.6226272583008,153
152,0,7.23749971389771,23.8999996185303,-2.70000004768372,2091,65.6226272583008,153
152,0,7.23749971389771,23.8999996185303,-2.70000004768372,2091,65.6226272583008,153
152,0,7.23749971389771,23.8999996185303,-2.70000004768372,2091,65.6226272583008,153
152,1,7.23749971389771,23.8999996185303,-2.70000004768372,2091,65.6226272583008,153
152,1,7.23749971389771,23.8999996185303,-2.70000004768372,2091,65.6226272583008,153
152,1,7.23749971389771,23.8999996185303,-2.70000004768372,2091,65.6226272583008,153
152,1,7.23749971389771,23.8999996185303,-2.70000004768372,2091,65.6226272583008,153
152,2,7.23749971389771,23.8999996185303,-2.70000004768372,2091,65.6226272583008,153
152,2,7.23749971389771,23.8999996185303,-2.70000004768372,2091,65.6226272583008,153
152,2,7.23749971389771,23.8999996185303,-2.70000004768372,2091,65.6226272583008,153
152,2,7.23749971389771,23.8999996185303,-2.70000004768372,2091,65.6226272583008,153
153,0,8.96666622161865,26.7999992370606,-1.60000002384186,1808,63.6462211608887,130
153,0,8.96666622161865,26.7999992370606,-1.60000002384186,1808,63.6462211608887,130
153,0,8.96666622161865,26.7999992370606,-1.60000002384186,1808,63.6462211608887,130
153,0,8.96666622161865,26.7999992370606,-1.60000002384186,1808,63.6462211608887,130
153,1,8.96666622161865,26.7999992370606,-1.60000002384186,1808,63.6462211608887,130
153,1,8.96666622161865,26.7999992370606,-1.60000002384186,1808,63.6462211608887,130
153,1,8.96666622161865,26.7999992370606,-1.60000002384186,1808,63.6462211608887,130
153,1,8.96666622161865,26.7999992370606,-1.60000002384186,1808,63.6462211608887,130
153,2,8.96666622161865,26.7999992370606,-1.60000002384186,1808,63.6462211608887,130
153,2,8.96666622161865,26.7999992370606,-1.60000002384186,1808,63.6462211608887,130
153,2,8.96666622161865,26.7999992370606,-1.60000002384186,1808,63.6462211608887,130
153,2,8.96666622161865,26.7999992370606,-1.60000002384186,1808,63.6462211608887,130
154,0,4.71250009536743,21.2000007629395,-5.90000009536743,1909,63.2487945556641,149
154,0,4.71250009536743,21.2000007629395,-5.90000009536743,1909,63.2487945556641,149
154,0,4.71250009536743,21.2000007629395,-5.90000009536743,1909,63.2487945556641,149
154,0,4.71250009536743,21.2000007629395,-5.90000009536743,1909,63.2487945556641,149
154,1,4.71250009536743,21.2000007629395,-5.90000009536743,1909,63.2487945556641,149
154,1,4.71250009536743,21.2000007629395,-5.90000009536743,1909,63.2487945556641,149
154,1,4.71250009536743,21.2000007629395,-5.90000009536743,1909,63.2487945556641,149
154,1,4.71250009536743,21.2000007629395,-5.90000009536743,1909,63.2487945556641,149
154,2,4.71250009536743,21.2000007629395,-5.90000009536743,1909,63.2487945556641,149
154,2,4.71250009536743,21.2000007629395,-5.90000009536743,1909,63.2487945556641,149
154,2,4.71250009536743,21.2000007629395,-5.90000009536743,1909,63.2487945556641,149
154,2,4.71250009536743,21.2000007629395,-5.90000009536743,1909,63.2487945556641,149
155,0,6.33750009536743,26.2000007629395,-6.59999990463257,502,35.8905906677246,63
155,0,6.33750009536743,26.2000007629395,-6.59999990463257,502,35.8905906677246,63
155,0,6.33750009536743,26.2000007629395,-6.59999990463257,502,35.8905906677246,63
155,0,6.33750009536743,26.2000007629395,-6.59999990463257,502,35.8905906677246,63
155,1,6.33750009536743,26.2000007629395,-6.59999990463257,502,35.8905906677246,63
155,1,6.33750009536743,26.2000007629395,-6.59999990463257,502,35.8905906677246,63
155,1,6.33750009536743,26.2000007629395,-6.59999990463257,502,35.8905906677246,63
155,1,6.33750009536743,26.2000007629395,-6.59999990463257,502,35.8905906677246,63
155,2,6.33750009536743,26.2000007629395,-6.59999990463257,502,35.8905906677246,63
155,2,6.33750009536743,26.2000007629395,-6.59999990463257,502,35.8905906677246,63
155,2,6.33750009536743,26.2000007629395,-6.59999990463257,502,35.8905906677246,63
155,2,6.33750009536743,26.2000007629395,-6.59999990463257,502,35.8905906677246,63
156,0,4.40416669845581,22.8999996185303,-7.5,581,40.2087860107422,68
156,0,4.40416669845581,22.8999996185303,-7.5,581,40.2087860107422,68
156,0,4.40416669845581,22.8999996185303,-7.5,581,40.2087860107422,68
156,0,4.40416669845581,22.8999996185303,-7.5,581,40.2087860107422,68
156,1,4.40416669845581,22.8999996185303,-7.5,581,40.2087860107422,68
156,1,4.40416669845581,22.8999996185303,-7.5,581,40.2087860107422,68
156,1,4.40416669845581,22.8999996185303,-7.5,581,40.2087860107422,68
156,1,4.40416669845581,22.8999996185303,-7.5,581,40.2087860107422,68
156,2,4.40416669845581,22.8999996185303,-7.5,581,40.2087860107422,68
156,2,4.40416669845581,22.8999996185303,-7.5,581,40.2087860107422,68
156,2,4.40416669845581,22.8999996185303,-7.5,581,40.2087860107422,68
156,2,4.40416669845581,22.8999996185303,-7.5,581,40.2087860107422,68
157,0,4.63333320617676,24.2999992370606,-8.5,558,38.3019065856934,82
157,0,4.63333320617676,24.2999992370606,-8.5,558,38.3019065856934,82
157,0,4.63333320617676,24.2999992370606,-8.5,558,38.3019065856934,82
157,0,4.63333320617676,24.2999992370606,-8.5,558,38.3019065856934,82
157,1,4.63333320617676,24.2999992370606,-8.5,558,38.3019065856934,82
157,1,4.63333320617676,24.2999992370606,-8.5,558,38.3019065856934,82
157,1,4.63333320617676,24.2999992370606,-8.5,558,38.3019065856934,82
157,1,4.63333320617676,24.2999992370606,-8.5,558,38.3019065856934,82
157,2,4.63333320617676,24.2999992370606,-8.5,558,38.3019065856934,82
157,2,4.63333320617676,24.2999992370606,-8.5,558,38.3019065856934,82
157,2,4.63333320617676,24.2999992370606,-8.5,558,38.3019065856934,82
157,2,4.63333320617676,24.2999992370606,-8.5,558,38.3019065856934,82
158,0,6.875,23.1000003814697,-3.59999990463257,2033,63.2096138000488,155
158,0,6.875,23.1000003814697,-3.59999990463257,2033,63.2096138000488,155
158,0,6.875,23.1000003814697,-3.59999990463257,2033,63.2096138000488,155
158,0,6.875,23.1000003814697,-3.59999990463257,2033,63.2096138000488,155
158,1,6.875,23.1000003814697,-3.59999990463257,2033,63.2096138000488,155
158,1,6.875,23.1000003814697,-3.59999990463257,2033,63.2096138000488,155
158,1,6.875,23.1000003814697,-3.59999990463257,2033,63.2096138000488,155
158,1,6.875,23.1000003814697,-3.59999990463257,2033,63.2096138000488,155
158,2,6.875,23.1000003814697,-3.59999990463257,2033,63.2096138000488,155
158,2,6.875,23.1000003814697,-3.59999990463257,2033,63.2096138000488,155
158,2,6.875,23.1000003814697,-3.59999990463257,2033,63.2096138000488,155
158,2,6.875,23.1000003814697,-3.59999990463257,2033,63.2096138000488,155
159,0,6.61666679382324,22.8999996185303,-4,1934,63.4878654479981,149
159,0,6.61666679382324,22.8999996185303,-4,1934,63.4878654479981,149
159,0,6.61666679382324,22.8999996185303,-4,1934,63.4878654479981,149
159,0,6.61666679382324,22.8999996185303,-4,1934,63.4878654479981,149
159,1,6.61666679382324,22.8999996185303,-4,1934,63.4878654479981,149
159,1,6.61666679382324,22.8999996185303,-4,1934,63.4878654479981,149
159,1,6.61666679382324,22.8999996185303,-4,1934,63.4878654479981,149
159,1,6.61666679382324,22.8999996185303,-4,1934,63.4878654479981,149
159,2,6.61666679382324,22.8999996185303,-4,1934,63.4878654479981,149
159,2,6.61666679382324,22.8999996185303,-4,1934,63.4878654479981,149
159,2,6.61666679382324,22.8999996185303,-4,1934,63.4878654479981,149
159,2,6.61666679382324,22.8999996185303,-4,1934,63.4878654479981,149
160,0,9.17500019073486,24.3999996185303,-0.300000011920929,2183,59.9137229919434,173
160,0,9.17500019073486,24.3999996185303,-0.300000011920929,2183,59.9137229919434,173
160,0,9.17500019073486,24.3999996185303,-0.300000011920929,2183,59.9137229919434,173
160,0,9.17500019073486,24.3999996185303,-0.300000011920929,2183,59.9137229919434,173
160,1,9.17500019073486,24.3999996185303,-0.300000011920929,2183,59.9137229919434,173
160,1,9.17500019073486,24.3999996185303,-0.300000011920929,2183,59.9137229919434,173
160,1,9.17500019073486,24.3999996185303,-0.300000011920929,2183,59.9137229919434,173
160,1,9.17500019073486,24.3999996185303,-0.300000011920929,2183,59.9137229919434,173
160,2,9.17500019073486,24.3999996185303,-0.300000011920929,2183,59.9137229919434,173
160,2,9.17500019073486,24.3999996185303,-0.300000011920929,2183,59.9137229919434,173
160,2,9.17500019073486,24.3999996185303,-0.300000011920929,2183,59.9137229919434,173
160,2,9.17500019073486,24.3999996185303,-0.300000011920929,2183,59.9137229919434,173
161,0,7.20833349227905,21.6000003814697,-1.29999995231628,2576,62.3459396362305,199
161,0,7.20833349227905,21.6000003814697,-1.29999995231628,2576,62.3459396362305,199
161,0,7.20833349227905,21.6000003814697,-1.29999995231628,2576,62.3459396362305,199
161,0,7.20833349227905,21.6000003814697,-1.29999995231628,2576,62.3459396362305,199
161,1,7.20833349227905,21.6000003814697,-1.29999995231628,2576,62.3459396362305,199
161,1,7.20833349227905,21.6000003814697,-1.29999995231628,2576,62.3459396362305,199
161,1,7.20833349227905,21.6000003814697,-1.29999995231628,2576,62.3459396362305,199
161,1,7.20833349227905,21.6000003814697,-1.29999995231628,2576,62.3459396362305,199
161,2,7.20833349227905,21.6000003814697,-1.29999995231628,2576,62.3459396362305,199
161,2,7.20833349227905,21.6000003814697,-1.29999995231628,2576,62.3459396362305,199
161,2,7.20833349227905,21.6000003814697,-1.29999995231628,2576,62.3459396362305,199
161,2,7.20833349227905,21.6000003814697,-1.29999995231628,2576,62.3459396362305,199
162,0,7.84583330154419,25,-3.09999990463257,1714,65.3116073608399,124
162,0,7.84583330154419,25,-3.09999990463257,1714,65.3116073608399,124
162,0,7.84583330154419,25,-3.09999990463257,1714,65.3116073608399,124
162,0,7.84583330154419,25,-3.09999990463257,1714,65.3116073608399,124
162,1,7.84583330154419,25,-3.09999990463257,1714,65.3116073608399,124
162,1,7.84583330154419,25,-3.09999990463257,1714,65.3116073608399,124
162,1,7.84583330154419,25,-3.09999990463257,1714,65.3116073608399,124
162,1,7.84583330154419,25,-3.09999990463257,1714,65.3116073608399,124
162,2,7.84583330154419,25,-3.09999990463257,1714,65.3116073608399,124
162,2,7.84583330154419,25,-3.09999990463257,1714,65.3116073608399,124
162,2,7.84583330154419,25,-3.09999990463257,1714,65.3116073608399,124
162,2,7.84583330154419,25,-3.09999990463257,1714,65.3116073608399,124
163,0,6.78333330154419,21.7999992370605,-2.59999990463257,2314,61.9595794677734,181
163,0,6.78333330154419,21.7999992370605,-2.59999990463257,2314,61.9595794677734,181
163,0,6.78333330154419,21.7999992370605,-2.59999990463257,2314,61.9595794677734,181
163,0,6.78333330154419,21.7999992370605,-2.59999990463257,2314,61.9595794677734,181
163,1,6.78333330154419,21.7999992370605,-2.59999990463257,2314,61.9595794677734,181
163,1,6.78333330154419,21.7999992370605,-2.59999990463257,2314,61.9595794677734,181
163,1,6.78333330154419,21.7999992370605,-2.59999990463257,2314,61.9595794677734,181
163,1,6.78333330154419,21.7999992370605,-2.59999990463257,2314,61.9595794677734,181
163,2,6.78333330154419,21.7999992370605,-2.59999990463257,2314,61.9595794677734,181
163,2,6.78333330154419,21.7999992370605,-2.59999990463257,2314,61.9595794677734,181
163,2,6.78333330154419,21.7999992370605,-2.59999990463257,2314,61.9595794677734,181
163,2,6.78333330154419,21.7999992370605,-2.59999990463257,2314,61.9595794677734,181
164,0,8.75833320617676,22.3999996185303,0.100000001490116,2786,70.9508666992188,174
164,0,8.75833320617676,22.3999996185303,0.100000001490116,2786,70.9508666992188,174
164,0,8.75833320617676,22.3999996185303,0.100000001490116,2786,70.9508666992188,174
164,0,8.75833320617676,22.3999996185303,0.100000001490116,2786,70.9508666992188,174
164,1,8.75833320617676,22.3999996185303,0.100000001490116,2786,70.9508666992188,174
164,1,8.75833320617676,22.3999996185303,0.100000001490116,2786,70.9508666992188,174
164,1,8.75833320617676,22.3999996185303,0.100000001490116,2786,70.9508666992188,174
164,1,8.75833320617676,22.3999996185303,0.100000001490116,2786,70.9508666992188,174
164,2,8.75833320617676,22.3999996185303,0.100000001490116,2786,70.9508666992188,174
164,2,8.75833320617676,22.3999996185303,0.100000001490116,2786,70.9508666992188,174
164,2,8.75833320617676,22.3999996185303,0.100000001490116,2786,70.9508666992188,174
164,2,8.75833320617676,22.3999996185303,0.100000001490116,2786,70.9508666992188,174
165,0,9.14166641235352,22.1000003814697,0.300000011920929,2256,66.8789596557617,154
165,0,9.14166641235352,22.1000003814697,0.300000011920929,2256,66.8789596557617,154
165,0,9.14166641235352,22.1000003814697,0.300000011920929,2256,66.8789596557617,154
165,0,9.14166641235352,22.1000003814697,0.300000011920929,2256,66.8789596557617,154
165,1,9.14166641235352,22.1000003814697,0.300000011920929,2256,66.8789596557617,154
165,1,9.14166641235352,22.1000003814697,0.300000011920929,2256,66.8789596557617,154
165,1,9.14166641235352,22.1000003814697,0.300000011920929,2256,66.8789596557617,154
165,1,9.14166641235352,22.1000003814697,0.300000011920929,2256,66.8789596557617,154
165,2,9.14166641235352,22.1000003814697,0.300000011920929,2256,66.8789596557617,154
165,2,9.14166641235352,22.1000003814697,0.300000011920929,2256,66.8789596557617,154
165,2,9.14166641235352,22.1000003814697,0.300000011920929,2256,66.8789596557617,154
165,2,9.14166641235352,22.1000003814697,0.300000011920929,2256,66.8789596557617,154
166,0,8.07083320617676,20.2999992370605,0.100000001490116,2733,65.2939529418945,197
166,0,8.07083320617676,20.2999992370605,0.100000001490116,2733,65.2939529418945,197
166,0,8.07083320617676,20.2999992370605,0.100000001490116,2733,65.2939529418945,197
166,0,8.07083320617676,20.2999992370605,0.100000001490116,2733,65.2939529418945,197
166,1,8.07083320617676,20.2999992370605,0.100000001490116,2733,65.2939529418945,197
166,1,8.07083320617676,20.2999992370605,0.100000001490116,2733,65.2939529418945,197
166,1,8.07083320617676,20.2999992370605,0.100000001490116,2733,65.2939529418945,197
166,1,8.07083320617676,20.2999992370605,0.100000001490116,2733,65.2939529418945,197
166,2,8.07083320617676,20.2999992370605,0.100000001490116,2733,65.2939529418945,197
166,2,8.07083320617676,20.2999992370605,0.100000001490116,2733,65.2939529418945,197
166,2,8.07083320617676,20.2999992370605,0.100000001490116,2733,65.2939529418945,197
166,2,8.07083320617676,20.2999992370605,0.100000001490116,2733,65.2939529418945,197
167,0,9.72916698455811,21.5,1.5,2426,65.2678451538086,171
167,0,9.72916698455811,21.5,1.5,2426,65.2678451538086,171
167,0,9.72916698455811,21.5,1.5,2426,65.2678451538086,171
167,0,9.72916698455811,21.5,1.5,2426,65.2678451538086,171
167,1,9.72916698455811,21.5,1.5,2426,65.2678451538086,171
167,1,9.72916698455811,21.5,1.5,2426,65.2678451538086,171
167,1,9.72916698455811,21.5,1.5,2426,65.2678451538086,171
167,1,9.72916698455811,21.5,1.5,2426,65.2678451538086,171
167,2,9.72916698455811,21.5,1.5,2426,65.2678451538086,171
167,2,9.72916698455811,21.5,1.5,2426,65.2678451538086,171
167,2,9.72916698455811,21.5,1.5,2426,65.2678451538086,171
167,2,9.72916698455811,21.5,1.5,2426,65.2678451538086,171
168,0,5.95833349227905,27.1000003814697,-8.39999961853027,551,39.5057373046875,79
168,0,5.95833349227905,27.1000003814697,-8.39999961853027,551,39.5057373046875,79
168,0,5.95833349227905,27.1000003814697,-8.39999961853027,551,39.5057373046875,79
168,0,5.95833349227905,27.1000003814697,-8.39999961853027,551,39.5057373046875,79
168,1,5.95833349227905,27.1000003814697,-8.39999961853027,551,39.5057373046875,79
168,1,5.95833349227905,27.1000003814697,-8.39999961853027,551,39.5057373046875,79
168,1,5.95833349227905,27.1000003814697,-8.39999961853027,551,39.5057373046875,79
168,1,5.95833349227905,27.1000003814697,-8.39999961853027,551,39.5057373046875,79
168,2,5.95833349227905,27.1000003814697,-8.39999961853027,551,39.5057373046875,79
168,2,5.95833349227905,27.1000003814697,-8.39999961853027,551,39.5057373046875,79
168,2,5.95833349227905,27.1000003814697,-8.39999961853027,551,39.5057373046875,79
168,2,5.95833349227905,27.1000003814697,-8.39999961853027,551,39.5057373046875,79
169,0,5.16249990463257,24.7000007629395,-7.30000019073486,727,45.3689880371094,90
169,0,5.16249990463257,24.7000007629395,-7.30000019073486,727,45.3689880371094,90
169,0,5.16249990463257,24.7000007629395,-7.30000019073486,727,45.3689880371094,90
169,0,5.16249990463257,24.7000007629395,-7.30000019073486,727,45.3689880371094,90
169,1,5.16249990463257,24.7000007629395,-7.30000019073486,727,45.3689880371094,90
169,1,5.16249990463257,24.7000007629395,-7.30000019073486,727,45.3689880371094,90
169,1,5.16249990463257,24.7000007629395,-7.30000019073486,727,45.3689880371094,90
169,1,5.16249990463257,24.7000007629395,-7.30000019073486,727,45.3689880371094,90
169,2,5.16249990463257,24.7000007629395,-7.30000019073486,727,45.3689880371094,90
169,2,5.16249990463257,24.7000007629395,-7.30000019073486,727,45.3689880371094,90
169,2,5.16249990463257,24.7000007629395,-7.30000019073486,727,45.3689880371094,90
169,2,5.16249990463257,24.7000007629395,-7.30000019073486,727,45.3689880371094,90
170,0,5.74583339691162,26.5,-8.10000038146973,632,43.302864074707,83
170,0,5.74583339691162,26.5,-8.10000038146973,632,43.302864074707,83
170,0,5.74583339691162,26.5,-8.10000038146973,632,43.302864074707,83
170,0,5.74583339691162,26.5,-8.10000038146973,632,43.302864074707,83
170,1,5.74583339691162,26.5,-8.10000038146973,632,43.302864074707,83
170,1,5.74583339691162,26.5,-8.10000038146973,632,43.302864074707,83
170,1,5.74583339691162,26.5,-8.10000038146973,632,43.302864074707,83
170,1,5.74583339691162,26.5,-8.10000038146973,632,43.302864074707,83
170,2,5.74583339691162,26.5,-8.10000038146973,632,43.302864074707,83
170,2,5.74583339691162,26.5,-8.10000038146973,632,43.302864074707,83
170,2,5.74583339691162,26.5,-8.10000038146973,632,43.302864074707,83
170,2,5.74583339691162,26.5,-8.10000038146973,632,43.302864074707,83
171,0,4.57499980926514,24.2999992370606,-8.19999980926514,649,41.2201995849609,75
171,0,4.57499980926514,24.2999992370606,-8.19999980926514,649,41.2201995849609,75
171,0,4.57499980926514,24.2999992370606,-8.19999980926514,649,41.2201995849609,75
171,0,4.57499980926514,24.2999992370606,-8.19999980926514,649,41.2201995849609,75
171,1,4.57499980926514,24.2999992370606,-8.19999980926514,649,41.2201995849609,75
171,1,4.57499980926514,24.2999992370606,-8.19999980926514,649,41.2201995849609,75
171,1,4.57499980926514,24.2999992370606,-8.19999980926514,649,41.2201995849609,75
171,1,4.57499980926514,24.2999992370606,-8.19999980926514,649,41.2201995849609,75
171,2,4.57499980926514,24.2999992370606,-8.19999980926514,649,41.2201995849609,75
171,2,4.57499980926514,24.2999992370606,-8.19999980926514,649,41.2201995849609,75
171,2,4.57499980926514,24.2999992370606,-8.19999980926514,649,41.2201995849609,75
171,2,4.57499980926514,24.2999992370606,-8.19999980926514,649,41.2201995849609,75
172,0,1.61249995231628,20.7999992370605,-10.8000001907349,682,38.641731262207,87
172,0,1.61249995231628,20.7999992370605,-10.8000001907349,682,38.641731262207,87
172,0,1.61249995231628,20.7999992370605,-10.8000001907349,682,38.641731262207,87
172,0,1.61249995231628,20.7999992370605,-10.8000001907349,682,38.641731262207,87
172,1,1.61249995231628,20.7999992370605,-10.8000001907349,682,38.641731262207,87
172,1,1.61249995231628,20.7999992370605,-10.8000001907349,682,38.641731262207,87
172,1,1.61249995231628,20.7999992370605,-10.8000001907349,682,38.641731262207,87
172,1,1.61249995231628,20.7999992370605,-10.8000001907349,682,38.641731262207,87
172,2,1.61249995231628,20.7999992370605,-10.8000001907349,682,38.641731262207,87
172,2,1.61249995231628,20.7999992370605,-10.8000001907349,682,38.641731262207,87
172,2,1.61249995231628,20.7999992370605,-10.8000001907349,682,38.641731262207,87
172,2,1.61249995231628,20.7999992370605,-10.8000001907349,682,38.641731262207,87
173,0,4.42916631698608,24.7999992370606,-9.30000019073486,584,36.3870735168457,95
173,0,4.42916631698608,24.7999992370606,-9.30000019073486,584,36.3870735168457,95
173,0,4.42916631698608,24.7999992370606,-9.30000019073486,584,36.3870735168457,95
173,0,4.42916631698608,24.7999992370606,-9.30000019073486,584,36.3870735168457,95
173,1,4.42916631698608,24.7999992370606,-9.30000019073486,584,36.3870735168457,95
173,1,4.42916631698608,24.7999992370606,-9.30000019073486,584,36.3870735168457,95
173,1,4.42916631698608,24.7999992370606,-9.30000019073486,584,36.3870735168457,95
173,1,4.42916631698608,24.7999992370606,-9.30000019073486,584,36.3870735168457,95
173,2,4.42916631698608,24.7999992370606,-9.30000019073486,584,36.3870735168457,95
173,2,4.42916631698608,24.7999992370606,-9.30000019073486,584,36.3870735168457,95
173,2,4.42916631698608,24.7999992370606,-9.30000019073486,584,36.3870735168457,95
173,2,4.42916631698608,24.7999992370606,-9.30000019073486,584,36.3870735168457,95
174,0,4.15833330154419,24.1000003814697,-8.80000019073486,623,38.0815925598145,95
174,0,4.15833330154419,24.1000003814697,-8.80000019073486,623,38.0815925598145,95
174,0,4.15833330154419,24.1000003814697,-8.80000019073486,623,38.0815925598145,95
174,0,4.15833330154419,24.1000003814697,-8.80000019073486,623,38.0815925598145,95
174,1,4.15833330154419,24.1000003814697,-8.80000019073486,623,38.0815925598145,95
174,1,4.15833330154419,24.1000003814697,-8.80000019073486,623,38.0815925598145,95
174,1,4.15833330154419,24.1000003814697,-8.80000019073486,623,38.0815925598145,95
174,1,4.15833330154419,24.1000003814697,-8.80000019073486,623,38.0815925598145,95
174,2,4.15833330154419,24.1000003814697,-8.80000019073486,623,38.0815925598145,95
174,2,4.15833330154419,24.1000003814697,-8.80000019073486,623,38.0815925598145,95
174,2,4.15833330154419,24.1000003814697,-8.80000019073486,623,38.0815925598145,95
174,2,4.15833330154419,24.1000003814697,-8.80000019073486,623,38.0815925598145,95
175,0,2.75,21.8999996185303,-9.69999980926514,618,33.4728050231934,86
175,0,2.75,21.8999996185303,-9.69999980926514,618,33.4728050231934,86
175,0,2.75,21.8999996185303,-9.69999980926514,618,33.4728050231934,86
175,0,2.75,21.8999996185303,-9.69999980926514,618,33.4728050231934,86
175,1,2.75,21.8999996185303,-9.69999980926514,618,33.4728050231934,86
175,1,2.75,21.8999996185303,-9.69999980926514,618,33.4728050231934,86
175,1,2.75,21.8999996185303,-9.69999980926514,618,33.4728050231934,86
175,1,2.75,21.8999996185303,-9.69999980926514,618,33.4728050231934,86
175,2,2.75,21.8999996185303,-9.69999980926514,618,33.4728050231934,86
175,2,2.75,21.8999996185303,-9.69999980926514,618,33.4728050231934,86
175,2,2.75,21.8999996185303,-9.69999980926514,618,33.4728050231934,86
175,2,2.75,21.8999996185303,-9.69999980926514,618,33.4728050231934,86
176,0,3.99166655540466,23.6000003814697,-8.80000019073486,594,32.9137687683106,81
176,0,3.99166655540466,23.6000003814697,-8.80000019073486,594,32.9137687683106,81
176,0,3.99166655540466,23.6000003814697,-8.80000019073486,594,32.9137687683106,81
176,0,3.99166655540466,23.6000003814697,-8.80000019073486,594,32.9137687683106,81
176,1,3.99166655540466,23.6000003814697,-8.80000019073486,594,32.9137687683106,81
176,1,3.99166655540466,23.6000003814697,-8.80000019073486,594,32.9137687683106,81
176,1,3.99166655540466,23.6000003814697,-8.80000019073486,594,32.9137687683106,81
176,1,3.99166655540466,23.6000003814697,-8.80000019073486,594,32.9137687683106,81
176,2,3.99166655540466,23.6000003814697,-8.80000019073486,594,32.9137687683106,81
176,2,3.99166655540466,23.6000003814697,-8.80000019073486,594,32.9137687683106,81
176,2,3.99166655540466,23.6000003814697,-8.80000019073486,594,32.9137687683106,81
176,2,3.99166655540466,23.6000003814697,-8.80000019073486,594,32.9137687683106,81
177,0,5.28749990463257,25.6000003814697,-8,601,40.217945098877,88
177,0,5.28749990463257,25.6000003814697,-8,601,40.217945098877,88
177,0,5.28749990463257,25.6000003814697,-8,601,40.217945098877,88
177,0,5.28749990463257,25.6000003814697,-8,601,40.217945098877,88
177,1,5.28749990463257,25.6000003814697,-8,601,40.217945098877,88
177,1,5.28749990463257,25.6000003814697,-8,601,40.217945098877,88
177,1,5.28749990463257,25.6000003814697,-8,601,40.217945098877,88
177,1,5.28749990463257,25.6000003814697,-8,601,40.217945098877,88
177,2,5.28749990463257,25.6000003814697,-8,601,40.217945098877,88
177,2,5.28749990463257,25.6000003814697,-8,601,40.217945098877,88
177,2,5.28749990463257,25.6000003814697,-8,601,40.217945098877,88
177,2,5.28749990463257,25.6000003814697,-8,601,40.217945098877,88
178,0,5.43333339691162,25.7000007629395,-7.90000009536743,582,39.0165824890137,87
178,0,5.43333339691162,25.7000007629395,-7.90000009536743,582,39.0165824890137,87
178,0,5.43333339691162,25.7000007629395,-7.90000009536743,582,39.0165824890137,87
178,0,5.43333339691162,25.7000007629395,-7.90000009536743,582,39.0165824890137,87
178,1,5.43333339691162,25.7000007629395,-7.90000009536743,582,39.0165824890137,87
178,1,5.43333339691162,25.7000007629395,-7.90000009536743,582,39.0165824890137,87
178,1,5.43333339691162,25.7000007629395,-7.90000009536743,582,39.0165824890137,87
178,1,5.43333339691162,25.7000007629395,-7.90000009536743,582,39.0165824890137,87
178,2,5.43333339691162,25.7000007629395,-7.90000009536743,582,39.0165824890137,87
178,2,5.43333339691162,25.7000007629395,-7.90000009536743,582,39.0165824890137,87
178,2,5.43333339691162,25.7000007629395,-7.90000009536743,582,39.0165824890137,87
178,2,5.43333339691162,25.7000007629395,-7.90000009536743,582,39.0165824890137,87
179,0,6.54583311080933,26.7999992370606,-6.90000009536743,661,44.4658889770508,83
179,0,6.54583311080933,26.7999992370606,-6.90000009536743,661,44.4658889770508,83
179,0,6.54583311080933,26.7999992370606,-6.90000009536743,661,44.4658889770508,83
179,0,6.54583311080933,26.7999992370606,-6.90000009536743,661,44.4658889770508,83
179,1,6.54583311080933,26.7999992370606,-6.90000009536743,661,44.4658889770508,83
179,1,6.54583311080933,26.7999992370606,-6.90000009536743,661,44.4658889770508,83
179,1,6.54583311080933,26.7999992370606,-6.90000009536743,661,44.4658889770508,83
179,1,6.54583311080933,26.7999992370606,-6.90000009536743,661,44.4658889770508,83
179,2,6.54583311080933,26.7999992370606,-6.90000009536743,661,44.4658889770508,83
179,2,6.54583311080933,26.7999992370606,-6.90000009536743,661,44.4658889770508,83
179,2,6.54583311080933,26.7999992370606,-6.90000009536743,661,44.4658889770508,83
179,2,6.54583311080933,26.7999992370606,-6.90000009536743,661,44.4658889770508,83
180,0,5.46666669845581,26.2000007629395,-8.39999961853027,535,29.984354019165,94
180,0,5.46666669845581,26.2000007629395,-8.39999961853027,535,29.984354019165,94
180,0,5.46666669845581,26.2000007629395,-8.39999961853027,535,29.984354019165,94
180,0,5.46666669845581,26.2000007629395,-8.39999961853027,535,29.984354019165,94
180,1,5.46666669845581,26.2000007629395,-8.39999961853027,535,29.984354019165,94
180,1,5.46666669845581,26.2000007629395,-8.39999961853027,535,29.984354019165,94
180,1,5.46666669845581,26.2000007629395,-8.39999961853027,535,29.984354019165,94
180,1,5.46666669845581,26.2000007629395,-8.39999961853027,535,29.984354019165,94
180,2,5.46666669845581,26.2000007629395,-8.39999961853027,535,29.984354019165,94
180,2,5.46666669845581,26.2000007629395,-8.39999961853027,535,29.984354019165,94
180,2,5.46666669845581,26.2000007629395,-8.39999961853027,535,29.984354019165,94
180,2,5.46666669845581,26.2000007629395,-8.39999961853027,535,29.984354019165,94
181,0,5.85416650772095,27.6000003814697,-8.89999961853027,505,25.2611236572266,108
181,0,5.85416650772095,27.6000003814697,-8.89999961853027,505,25.2611236572266,108
181,0,5.85416650772095,27.6000003814697,-8.89999961853027,505,25.2611236572266,108
181,0,5.85416650772095,27.6000003814697,-8.89999961853027,505,25.2611236572266,108
181,1,5.85416650772095,27.6000003814697,-8.89999961853027,505,25.2611236572266,108
181,1,5.85416650772095,27.6000003814697,-8.89999961853027,505,25.2611236572266,108
181,1,5.85416650772095,27.6000003814697,-8.89999961853027,505,25.2611236572266,108
181,1,5.85416650772095,27.6000003814697,-8.89999961853027,505,25.2611236572266,108
181,2,5.85416650772095,27.6000003814697,-8.89999961853027,505,25.2611236572266,108
181,2,5.85416650772095,27.6000003814697,-8.89999961853027,505,25.2611236572266,108
181,2,5.85416650772095,27.6000003814697,-8.89999961853027,505,25.2611236572266,108
181,2,5.85416650772095,27.6000003814697,-8.89999961853027,505,25.2611236572266,108
182,0,4.87916660308838,26.1000003814697,-9,559,26.3015251159668,87
182,0,4.87916660308838,26.1000003814697,-9,559,26.3015251159668,87
182,0,4.87916660308838,26.1000003814697,-9,559,26.3015251159668,87
182,0,4.87916660308838,26.1000003814697,-9,559,26.3015251159668,87
182,1,4.87916660308838,26.1000003814697,-9,559,26.3015251159668,87
182,1,4.87916660308838,26.1000003814697,-9,559,26.3015251159668,87
182,1,4.87916660308838,26.1000003814697,-9,559,26.3015251159668,87
182,1,4.87916660308838,26.1000003814697,-9,559,26.3015251159668,87
182,2,4.87916660308838,26.1000003814697,-9,559,26.3015251159668,87
182,2,4.87916660308838,26.1000003814697,-9,559,26.3015251159668,87
182,2,4.87916660308838,26.1000003814697,-9,559,26.3015251159668,87
182,2,4.87916660308838,26.1000003814697,-9,559,26.3015251159668,87
183,0,8.16666698455811,28.7999992370606,-5.90000009536743,512,32.8445930480957,79
183,0,8.16666698455811,28.7999992370606,-5.90000009536743,512,32.8445930480957,79
183,0,8.16666698455811,28.7999992370606,-5.90000009536743,512,32.8445930480957,79
183,0,8.16666698455811,28.7999992370606,-5.90000009536743,512,32.8445930480957,79
183,1,8.16666698455811,28.7999992370606,-5.90000009536743,512,32.8445930480957,79
183,1,8.16666698455811,28.7999992370606,-5.90000009536743,512,32.8445930480957,79
183,1,8.16666698455811,28.7999992370606,-5.90000009536743,512,32.8445930480957,79
183,1,8.16666698455811,28.7999992370606,-5.90000009536743,512,32.8445930480957,79
183,2,8.16666698455811,28.7999992370606,-5.90000009536743,512,32.8445930480957,79
183,2,8.16666698455811,28.7999992370606,-5.90000009536743,512,32.8445930480957,79
183,2,8.16666698455811,28.7999992370606,-5.90000009536743,512,32.8445930480957,79
183,2,8.16666698455811,28.7999992370606,-5.90000009536743,512,32.8445930480957,79
184,0,5.46666669845581,27,-8.89999961853027,539,27.3194141387939,105
184,0,5.46666669845581,27,-8.89999961853027,539,27.3194141387939,105
184,0,5.46666669845581,27,-8.89999961853027,539,27.3194141387939,105
184,0,5.46666669845581,27,-8.89999961853027,539,27.3194141387939,105
184,1,5.46666669845581,27,-8.89999961853027,539,27.3194141387939,105
184,1,5.46666669845581,27,-8.89999961853027,539,27.3194141387939,105
184,1,5.46666669845581,27,-8.89999961853027,539,27.3194141387939,105
184,1,5.46666669845581,27,-8.89999961853027,539,27.3194141387939,105
184,2,5.46666669845581,27,-8.89999961853027,539,27.3194141387939,105
184,2,5.46666669845581,27,-8.89999961853027,539,27.3194141387939,105
184,2,5.46666669845581,27,-8.89999961853027,539,27.3194141387939,105
184,2,5.46666669845581,27,-8.89999961853027,539,27.3194141387939,105
185,0,4.92083358764648,26.5,-9.80000019073486,557,29.1181125640869,102
185,0,4.92083358764648,26.5,-9.80000019073486,557,29.1181125640869,102
185,0,4.92083358764648,26.5,-9.80000019073486,557,29.1181125640869,102
185,0,4.92083358764648,26.5,-9.80000019073486,557,29.1181125640869,102
185,1,4.92083358764648,26.5,-9.80000019073486,557,29.1181125640869,102
185,1,4.92083358764648,26.5,-9.80000019073486,557,29.1181125640869,102
185,1,4.92083358764648,26.5,-9.80000019073486,557,29.1181125640869,102
185,1,4.92083358764648,26.5,-9.80000019073486,557,29.1181125640869,102
185,2,4.92083358764648,26.5,-9.80000019073486,557,29.1181125640869,102
185,2,4.92083358764648,26.5,-9.80000019073486,557,29.1181125640869,102
185,2,4.92083358764648,26.5,-9.80000019073486,557,29.1181125640869,102
185,2,4.92083358764648,26.5,-9.80000019073486,557,29.1181125640869,102
186,0,0.404166609048843,20.2999992370605,-12.5,709,30.7994270324707,102
186,0,0.404166609048843,20.2999992370605,-12.5,709,30.7994270324707,102
186,0,0.404166609048843,20.2999992370605,-12.5,709,30.7994270324707,102
186,0,0.404166609048843,20.2999992370605,-12.5,709,30.7994270324707,102
186,1,0.404166609048843,20.2999992370605,-12.5,709,30.7994270324707,102
186,1,0.404166609048843,20.2999992370605,-12.5,709,30.7994270324707,102
186,1,0.404166609048843,20.2999992370605,-12.5,709,30.7994270324707,102
186,1,0.404166609048843,20.2999992370605,-12.5,709,30.7994270324707,102
186,2,0.404166609048843,20.2999992370605,-12.5,709,30.7994270324707,102
186,2,0.404166609048843,20.2999992370605,-12.5,709,30.7994270324707,102
186,2,0.404166609048843,20.2999992370605,-12.5,709,30.7994270324707,102
186,2,0.404166609048843,20.2999992370605,-12.5,709,30.7994270324707,102
187,0,6.19583320617676,22.7999992370606,-5.09999990463257,1686,63.3814849853516,131
187,0,6.19583320617676,22.7999992370606,-5.09999990463257,1686,63.3814849853516,131
187,0,6.19583320617676,22.7999992370606,-5.09999990463257,1686,63.3814849853516,131
187,0,6.19583320617676,22.7999992370606,-5.09999990463257,1686,63.3814849853516,131
187,1,6.19583320617676,22.7999992370606,-5.09999990463257,1686,63.3814849853516,131
187,1,6.19583320617676,22.7999992370606,-5.09999990463257,1686,63.3814849853516,131
187,1,6.19583320617676,22.7999992370606,-5.09999990463257,1686,63.3814849853516,131
187,1,6.19583320617676,22.7999992370606,-5.09999990463257,1686,63.3814849853516,131
187,2,6.19583320617676,22.7999992370606,-5.09999990463257,1686,63.3814849853516,131
187,2,6.19583320617676,22.7999992370606,-5.09999990463257,1686,63.3814849853516,131
187,2,6.19583320617676,22.7999992370606,-5.09999990463257,1686,63.3814849853516,131
187,2,6.19583320617676,22.7999992370606,-5.09999990463257,1686,63.3814849853516,131
188,0,6.77916669845581,23.7999992370606,-4.80000019073486,1316,63.9710464477539,106
188,0,6.77916669845581,23.7999992370606,-4.80000019073486,1316,63.9710464477539,106
188,0,6.77916669845581,23.7999992370606,-4.80000019073486,1316,63.9710464477539,106
188,0,6.77916669845581,23.7999992370606,-4.80000019073486,1316,63.9710464477539,106
188,1,6.77916669845581,23.7999992370606,-4.80000019073486,1316,63.9710464477539,106
188,1,6.77916669845581,23.7999992370606,-4.80000019073486,1316,63.9710464477539,106
188,1,6.77916669845581,23.7999992370606,-4.80000019073486,1316,63.9710464477539,106
188,1,6.77916669845581,23.7999992370606,-4.80000019073486,1316,63.9710464477539,106
188,2,6.77916669845581,23.7999992370606,-4.80000019073486,1316,63.9710464477539,106
188,2,6.77916669845581,23.7999992370606,-4.80000019073486,1316,63.9710464477539,106
188,2,6.77916669845581,23.7999992370606,-4.80000019073486,1316,63.9710464477539,106
188,2,6.77916669845581,23.7999992370606,-4.80000019073486,1316,63.9710464477539,106
189,0,6.94583320617676,24.2999992370606,-4.5,1247,64.8839721679688,103
189,0,6.94583320617676,24.2999992370606,-4.5,1247,64.8839721679688,103
189,0,6.94583320617676,24.2999992370606,-4.5,1247,64.8839721679688,103
189,0,6.94583320617676,24.2999992370606,-4.5,1247,64.8839721679688,103
189,1,6.94583320617676,24.2999992370606,-4.5,1247,64.8839721679688,103
189,1,6.94583320617676,24.2999992370606,-4.5,1247,64.8839721679688,103
189,1,6.94583320617676,24.2999992370606,-4.5,1247,64.8839721679688,103
189,1,6.94583320617676,24.2999992370606,-4.5,1247,64.8839721679688,103
189,2,6.94583320617676,24.2999992370606,-4.5,1247,64.8839721679688,103
189,2,6.94583320617676,24.2999992370606,-4.5,1247,64.8839721679688,103
189,2,6.94583320617676,24.2999992370606,-4.5,1247,64.8839721679688,103
189,2,6.94583320617676,24.2999992370606,-4.5,1247,64.8839721679688,103
190,0,9.02916717529297,23.2000007629395,-0.5,1929,66.6854095458984,139
190,0,9.02916717529297,23.2000007629395,-0.5,1929,66.6854095458984,139
190,0,9.02916717529297,23.2000007629395,-0.5,1929,66.6854095458984,139
190,0,9.02916717529297,23.2000007629395,-0.5,1929,66.6854095458984,139
190,1,9.02916717529297,23.2000007629395,-0.5,1929,66.6854095458984,139
190,1,9.02916717529297,23.2000007629395,-0.5,1929,66.6854095458984,139
190,1,9.02916717529297,23.2000007629395,-0.5,1929,66.6854095458984,139
190,1,9.02916717529297,23.2000007629395,-0.5,1929,66.6854095458984,139
190,2,9.02916717529297,23.2000007629395,-0.5,1929,66.6854095458984,139
190,2,9.02916717529297,23.2000007629395,-0.5,1929,66.6854095458984,139
190,2,9.02916717529297,23.2000007629395,-0.5,1929,66.6854095458984,139
190,2,9.02916717529297,23.2000007629395,-0.5,1929,66.6854095458984,139
191,0,8.35000038146973,22.2000007629395,-0.600000023841858,2385,66.744758605957,165
191,0,8.35000038146973,22.2000007629395,-0.600000023841858,2385,66.744758605957,165
191,0,8.35000038146973,22.2000007629395,-0.600000023841858,2385,66.744758605957,165
191,0,8.35000038146973,22.2000007629395,-0.600000023841858,2385,66.744758605957,165
191,1,8.35000038146973,22.2000007629395,-0.600000023841858,2385,66.744758605957,165
191,1,8.35000038146973,22.2000007629395,-0.600000023841858,2385,66.744758605957,165
191,1,8.35000038146973,22.2000007629395,-0.600000023841858,2385,66.744758605957,165
191,1,8.35000038146973,22.2000007629395,-0.600000023841858,2385,66.744758605957,165
191,2,8.35000038146973,22.2000007629395,-0.600000023841858,2385,66.744758605957,165
191,2,8.35000038146973,22.2000007629395,-0.600000023841858,2385,66.744758605957,165
191,2,8.35000038146973,22.2000007629395,-0.600000023841858,2385,66.744758605957,165
191,2,8.35000038146973,22.2000007629395,-0.600000023841858,2385,66.744758605957,165
192,0,8.67916679382324,22.6000003814697,-0.5,2166,66.8894119262695,150
192,0,8.67916679382324,22.6000003814697,-0.5,2166,66.8894119262695,150
192,0,8.67916679382324,22.6000003814697,-0.5,2166,66.8894119262695,150
192,0,8.67916679382324,22.6000003814697,-0.5,2166,66.8894119262695,150
192,1,8.67916679382324,22.6000003814697,-0.5,2166,66.8894119262695,150
192,1,8.67916679382324,22.6000003814697,-0.5,2166,66.8894119262695,150
192,1,8.67916679382324,22.6000003814697,-0.5,2166,66.8894119262695,150
192,1,8.67916679382324,22.6000003814697,-0.5,2166,66.8894119262695,150
192,2,8.67916679382324,22.6000003814697,-0.5,2166,66.8894119262695,150
192,2,8.67916679382324,22.6000003814697,-0.5,2166,66.8894119262695,150
192,2,8.67916679382324,22.6000003814697,-0.5,2166,66.8894119262695,150
192,2,8.67916679382324,22.6000003814697,-0.5,2166,66.8894119262695,150
193,0,5.08333349227905,25.6000003814697,-8.60000038146973,442,33.430606842041,61
193,0,5.08333349227905,25.6000003814697,-8.60000038146973,442,33.430606842041,61
193,0,5.08333349227905,25.6000003814697,-8.60000038146973,442,33.430606842041,61
193,0,5.08333349227905,25.6000003814697,-8.60000038146973,442,33.430606842041,61
193,1,5.08333349227905,25.6000003814697,-8.60000038146973,442,33.430606842041,61
193,1,5.08333349227905,25.6000003814697,-8.60000038146973,442,33.430606842041,61
193,1,5.08333349227905,25.6000003814697,-8.60000038146973,442,33.430606842041,61
193,1,5.08333349227905,25.6000003814697,-8.60000038146973,442,33.430606842041,61
193,2,5.08333349227905,25.6000003814697,-8.60000038146973,442,33.430606842041,61
193,2,5.08333349227905,25.6000003814697,-8.60000038146973,442,33.430606842041,61
193,2,5.08333349227905,25.6000003814697,-8.60000038146973,442,33.430606842041,61
193,2,5.08333349227905,25.6000003814697,-8.60000038146973,442,33.430606842041,61
194,0,5.69583320617676,24.7000007629395,-6.69999980926514,505,37.5759887695313,75
194,0,5.69583320617676,24.7000007629395,-6.69999980926514,505,37.5759887695313,75
194,0,5.69583320617676,24.7000007629395,-6.69999980926514,505,37.5759887695313,75
194,0,5.69583320617676,24.7000007629395,-6.69999980926514,505,37.5759887695313,75
194,1,5.69583320617676,24.7000007629395,-6.69999980926514,505,37.5759887695313,75
194,1,5.69583320617676,24.7000007629395,-6.69999980926514,505,37.5759887695313,75
194,1,5.69583320617676,24.7000007629395,-6.69999980926514,505,37.5759887695313,75
194,1,5.69583320617676,24.7000007629395,-6.69999980926514,505,37.5759887695313,75
194,2,5.69583320617676,24.7000007629395,-6.69999980926514,505,37.5759887695313,75
194,2,5.69583320617676,24.7000007629395,-6.69999980926514,505,37.5759887695313,75
194,2,5.69583320617676,24.7000007629395,-6.69999980926514,505,37.5759887695313,75
194,2,5.69583320617676,24.7000007629395,-6.69999980926514,505,37.5759887695313,75
195,0,10.1291666030884,21.2000007629395,1.39999997615814,2096,62.6450920104981,157
195,0,10.1291666030884,21.2000007629395,1.39999997615814,2096,62.6450920104981,157
195,0,10.1291666030884,21.2000007629395,1.39999997615814,2096,62.6450920104981,157
195,0,10.1291666030884,21.2000007629395,1.39999997615814,2096,62.6450920104981,157
195,1,10.1291666030884,21.2000007629395,1.39999997615814,2096,62.6450920104981,157
195,1,10.1291666030884,21.2000007629395,1.39999997615814,2096,62.6450920104981,157
195,1,10.1291666030884,21.2000007629395,1.39999997615814,2096,62.6450920104981,157
195,1,10.1291666030884,21.2000007629395,1.39999997615814,2096,62.6450920104981,157
195,2,10.1291666030884,21.2000007629395,1.39999997615814,2096,62.6450920104981,157
195,2,10.1291666030884,21.2000007629395,1.39999997615814,2096,62.6450920104981,157
195,2,10.1291666030884,21.2000007629395,1.39999997615814,2096,62.6450920104981,157
195,2,10.1291666030884,21.2000007629395,1.39999997615814,2096,62.6450920104981,157
196,0,9.37916660308838,22.6000003814697,0.100000001490116,2081,64.134162902832,160
196,0,9.37916660308838,22.6000003814697,0.100000001490116,2081,64.134162902832,160
196,0,9.37916660308838,22.6000003814697,0.100000001490116,2081,64.134162902832,160
196,0,9.37916660308838,22.6000003814697,0.100000001490116,2081,64.134162902832,160
196,1,9.37916660308838,22.6000003814697,0.100000001490116,2081,64.134162902832,160
196,1,9.37916660308838,22.6000003814697,0.100000001490116,2081,64.134162902832,160
196,1,9.37916660308838,22.6000003814697,0.100000001490116,2081,64.134162902832,160
196,1,9.37916660308838,22.6000003814697,0.100000001490116,2081,64.134162902832,160
196,2,9.37916660308838,22.6000003814697,0.100000001490116,2081,64.134162902832,160
196,2,9.37916660308838,22.6000003814697,0.100000001490116,2081,64.134162902832,160
196,2,9.37916660308838,22.6000003814697,0.100000001490116,2081,64.134162902832,160
196,2,9.37916660308838,22.6000003814697,0.100000001490116,2081,64.134162902832,160
197,0,9.0625,20,1.20000004768372,2540,62.2404747009277,197
197,0,9.0625,20,1.20000004768372,2540,62.2404747009277,197
197,0,9.0625,20,1.20000004768372,2540,62.2404747009277,197
197,0,9.0625,20,1.20000004768372,2540,62.2404747009277,197
197,1,9.0625,20,1.20000004768372,2540,62.2404747009277,197
197,1,9.0625,20,1.20000004768372,2540,62.2404747009277,197
197,1,9.0625,20,1.20000004768372,2540,62.2404747009277,197
197,1,9.0625,20,1.20000004768372,2540,62.2404747009277,197
197,2,9.0625,20,1.20000004768372,2540,62.2404747009277,197
197,2,9.0625,20,1.20000004768372,2540,62.2404747009277,197
197,2,9.0625,20,1.20000004768372,2540,62.2404747009277,197
197,2,9.0625,20,1.20000004768372,2540,62.2404747009277,197
198,0,9.50416660308838,22.7999992370606,0.600000023841858,2352,69.1077728271484,154
198,0,9.50416660308838,22.7999992370606,0.600000023841858,2352,69.1077728271484,154
198,0,9.50416660308838,22.7999992370606,0.600000023841858,2352,69.1077728271484,154
198,0,9.50416660308838,22.7999992370606,0.600000023841858,2352,69.1077728271484,154
198,1,9.50416660308838,22.7999992370606,0.600000023841858,2352,69.1077728271484,154
198,1,9.50416660308838,22.7999992370606,0.600000023841858,2352,69.1077728271484,154
198,1,9.50416660308838,22.7999992370606,0.600000023841858,2352,69.1077728271484,154
198,1,9.50416660308838,22.7999992370606,0.600000023841858,2352,69.1077728271484,154
198,2,9.50416660308838,22.7999992370606,0.600000023841858,2352,69.1077728271484,154
198,2,9.50416660308838,22.7999992370606,0.600000023841858,2352,69.1077728271484,154
198,2,9.50416660308838,22.7999992370606,0.600000023841858,2352,69.1077728271484,154
198,2,9.50416660308838,22.7999992370606,0.600000023841858,2352,69.1077728271484,154
199,0,8.98750019073486,21.5,0.600000023841858,2688,67.9898300170899,179
199,0,8.98750019073486,21.5,0.600000023841858,2688,67.9898300170899,179
199,0,8.98750019073486,21.5,0.600000023841858,2688,67.9898300170899,179
199,0,8.98750019073486,21.5,0.600000023841858,2688,67.9898300170899,179
199,1,8.98750019073486,21.5,0.600000023841858,2688,67.9898300170899,179
199,1,8.98750019073486,21.5,0.600000023841858,2688,67.9898300170899,179
199,1,8.98750019073486,21.5,0.600000023841858,2688,67.9898300170899,179
199,1,8.98750019073486,21.5,0.600000023841858,2688,67.9898300170899,179
199,2,8.98750019073486,21.5,0.600000023841858,2688,67.9898300170899,179
199,2,8.98750019073486,21.5,0.600000023841858,2688,67.9898300170899,179
199,2,8.98750019073486,21.5,0.600000023841858,2688,67.9898300170899,179
199,2,8.98750019073486,21.5,0.600000023841858,2688,67.9898300170899,179
200,0,9.45833301544189,23.5,-0.300000011920929,1887,64.3648681640625,146
200,0,9.45833301544189,23.5,-0.300000011920929,1887,64.3648681640625,146
200,0,9.45833301544189,23.5,-0.300000011920929,1887,64.3648681640625,146
200,0,9.45833301544189,23.5,-0.300000011920929,1887,64.3648681640625,146
200,1,9.45833301544189,23.5,-0.300000011920929,1887,64.3648681640625,146
200,1,9.45833301544189,23.5,-0.300000011920929,1887,64.3648681640625,146
200,1,9.45833301544189,23.5,-0.300000011920929,1887,64.3648681640625,146
200,1,9.45833301544189,23.5,-0.300000011920929,1887,64.3648681640625,146
200,2,9.45833301544189,23.5,-0.300000011920929,1887,64.3648681640625,146
200,2,9.45833301544189,23.5,-0.300000011920929,1887,64.3648681640625,146
200,2,9.45833301544189,23.5,-0.300000011920929,1887,64.3648681640625,146
200,2,9.45833301544189,23.5,-0.300000011920929,1887,64.3648681640625,146
