species_name,siteID,siteName,patchName,year,SPCD,treeName,dbh,STATUSCD,PREV_TRE_CN,PREV_STATUS_CD,AGENTCD,status,mort_cause,status_before,reg,mort,living,complete,year_before,dbh_before,period_length,dbh_growth,rel_growth,trees,patchID,OrigYear,species
Pinus contorta,1,1_69494,1_69494_1,0,108,1_69494_1_100,13.208,1,,,,new,,,TRUE,,TRUE,TRUE,,,,,,1,1,2002,2
Pinus contorta,1,1_69494,1_69494_1,0,108,1_69494_1_101,17.526,1,,,,new,,,TRUE,,TRUE,TRUE,,,,,,1,1,2002,2
Pinus contorta,1,1_69494,1_69494_1,0,108,1_69494_1_102,15.24,1,,,,new,,,TRUE,,TRUE,TRUE,,,,,,1,1,2002,2
Pinus contorta,1,1_69494,1_69494_1,0,108,1_69494_1_103,12.954,1,,,,new,,,TRUE,,TRUE,TRUE,,,,,,1,1,2002,2
Pinus contorta,1,1_69494,1_69494_1,0,108,1_69494_1_104,19.05,1,,,,new,,,TRUE,,TRUE,TRUE,,,,,,1,1,2002,2
Pinus contorta,1,1_69494,1_69494_1,0,108,1_69494_1_105,16.764,1,,,,new,,,TRUE,,TRUE,TRUE,,,,,,1,1,2002,2
Pinus contorta,1,1_69494,1_69494_1,0,108,1_69494_1_106,12.954,1,,,,new,,,TRUE,,TRUE,TRUE,,,,,,1,1,2002,2
Pinus contorta,1,1_69494,1_69494_1,0,108,1_69494_1_107,16.256,1,,,,new,,,TRUE,,TRUE,TRUE,,,,,,1,1,2002,2
Pinus contorta,1,1_69494,1_69494_1,0,108,1_69494_1_108,19.05,1,,,,new,,,TRUE,,TRUE,TRUE,,,,,,1,1,2002,2
Pinus contorta,1,1_69494,1_69494_1,0,108,1_69494_1_109,15.24,1,,,,new,,,TRUE,,TRUE,TRUE,,,,,,1,1,2002,2
Pinus contorta,1,1_69494,1_69494_1,0,108,1_69494_1_110,13.716,1,,,,new,,,TRUE,,TRUE,TRUE,,,,,,1,1,2002,2
Pinus contorta,1,1_69494,1_69494_1,0,108,1_69494_1_111,17.272,1,,,,new,,,TRUE,,TRUE,TRUE,,,,,,1,1,2002,2
Pinus contorta,1,1_69494,1_69494_2,0,108,1_69494_2_115,17.018,1,,,,new,,,TRUE,,TRUE,TRUE,,,,,,1,2,2002,2
Pinus contorta,1,1_69494,1_69494_2,0,108,1_69494_2_116,15.494,1,,,,new,,,TRUE,,TRUE,TRUE,,,,,,1,2,2002,2
Pinus contorta,1,1_69494,1_69494_2,0,108,1_69494_2_117,13.716,1,,,,new,,,TRUE,,TRUE,TRUE,,,,,,1,2,2002,2
Pinus contorta,1,1_69494,1_69494_2,0,108,1_69494_2_118,14.478,1,,,,new,,,TRUE,,TRUE,TRUE,,,,,,1,2,2002,2
Pinus contorta,1,1_69494,1_69494_2,0,108,1_69494_2_119,12.954,1,,,,new,,,TRUE,,TRUE,TRUE,,,,,,1,2,2002,2
Pinus contorta,1,1_69494,1_69494_2,0,108,1_69494_2_120,17.78,1,,,,new,,,TRUE,,TRUE,TRUE,,,,,,1,2,2002,2
Pinus contorta,1,1_69494,1_69494_2,0,108,1_69494_2_121,14.478,1,,,,new,,,TRUE,,TRUE,TRUE,,,,,,1,2,2002,2
Pinus contorta,1,1_69494,1_69494_2,0,108,1_69494_2_122,18.542,1,,,,new,,,TRUE,,TRUE,TRUE,,,,,,1,2,2002,2
Pinus contorta,1,1_69494,1_69494_2,0,108,1_69494_2_123,15.494,1,,,,new,,,TRUE,,TRUE,TRUE,,,,,,1,2,2002,2
Pinus contorta,1,1_69494,1_69494_2,0,108,1_69494_2_124,15.748,1,,,,new,,,TRUE,,TRUE,TRUE,,,,,,1,2,2002,2
Pinus contorta,1,1_69494,1_69494_2,0,108,1_69494_2_125,13.462,1,,,,new,,,TRUE,,TRUE,TRUE,,,,,,1,2,2002,2
Pinus contorta,1,1_69494,1_69494_2,0,108,1_69494_2_126,15.494,1,,,,new,,,TRUE,,TRUE,TRUE,,,,,,1,2,2002,2
Pinus contorta,1,1_69494,1_69494_3,0,108,1_69494_3_127,19.05,1,,,,new,,,TRUE,,TRUE,TRUE,,,,,,1,3,2002,2
Pinus contorta,1,1_69494,1_69494_3,0,108,1_69494_3_128,16.51,1,,,,new,,,TRUE,,TRUE,TRUE,,,,,,1,3,2002,2
Pinus contorta,1,1_69494,1_69494_3,0,108,1_69494_3_129,15.24,1,,,,new,,,TRUE,,TRUE,TRUE,,,,,,1,3,2002,2
Pinus contorta,1,1_69494,1_69494_3,0,108,1_69494_3_130,16.002,1,,,,new,,,TRUE,,TRUE,TRUE,,,,,,1,3,2002,2
Pinus contorta,1,1_69494,1_69494_3,0,108,1_69494_3_131,13.208,1,,,,new,,,TRUE,,TRUE,TRUE,,,,,,1,3,2002,2
Pinus contorta,1,1_69494,1_69494_3,0,108,1_69494_3_132,15.494,1,,,,new,,,TRUE,,TRUE,TRUE,,,,,,1,3,2002,2
Pinus contorta,1,1_69494,1_69494_3,0,108,1_69494_3_133,15.494,1,,,,new,,,TRUE,,TRUE,TRUE,,,,,,1,3,2002,2
Pinus contorta,1,1_69494,1_69494_3,0,108,1_69494_3_134,15.24,1,,,,new,,,TRUE,,TRUE,TRUE,,,,,,1,3,2002,2
Pinus contorta,1,1_69494,1_69494_3,0,108,1_69494_3_135,16.256,1,,,,new,,,TRUE,,TRUE,TRUE,,,,,,1,3,2002,2
Pinus contorta,1,1_69494,1_69494_3,0,108,1_69494_3_136,16.764,1,,,,new,,,TRUE,,TRUE,TRUE,,,,,,1,3,2002,2
Pinus contorta,1,1_69494,1_69494_3,0,108,1_69494_3_137,17.018,1,,,,new,,,TRUE,,TRUE,TRUE,,,,,,1,3,2002,2
Pinus contorta,1,1_69494,1_69494_3,0,108,1_69494_3_138,17.78,1,,,,new,,,TRUE,,TRUE,TRUE,,,,,,1,3,2002,2
Pinus contorta,1,1_69494,1_69494_3,0,108,1_69494_3_139,21.336,1,,,,new,,,TRUE,,TRUE,TRUE,,,,,,1,3,2002,2
Pinus contorta,1,1_69494,1_69494_3,0,108,1_69494_3_140,14.732,1,,,,new,,,TRUE,,TRUE,TRUE,,,,,,1,3,2002,2
Pinus contorta,1,1_69494,1_69494_4,0,108,1_69494_4_144,13.462,1,,,,new,,,TRUE,,TRUE,TRUE,,,,,,1,4,2002,2
Pinus contorta,1,1_69494,1_69494_4,0,108,1_69494_4_145,15.748,1,,,,new,,,TRUE,,TRUE,TRUE,,,,,,1,4,2002,2
Pinus contorta,1,1_69494,1_69494_4,0,108,1_69494_4_146,16.51,1,,,,new,,,TRUE,,TRUE,TRUE,,,,,,1,4,2002,2
Pinus contorta,1,1_69494,1_69494_4,0,108,1_69494_4_147,14.986,1,,,,new,,,TRUE,,TRUE,TRUE,,,,,,1,4,2002,2
Pinus contorta,1,1_69494,1_69494_4,0,108,1_69494_4_148,16.51,1,,,,new,,,TRUE,,TRUE,TRUE,,,,,,1,4,2002,2
Pinus contorta,1,1_69494,1_69494_4,0,108,1_69494_4_149,31.242,2,,,,dead,,,,,,TRUE,,,,,,,4,2002,2
Pinus contorta,1,1_69494,1_69494_4,0,108,1_69494_4_150,15.748,1,,,,new,,,TRUE,,TRUE,TRUE,,,,,,1,4,2002,2
Pinus contorta,1,1_69494,1_69494_4,0,108,1_69494_4_151,17.018,1,,,,new,,,TRUE,,TRUE,TRUE,,,,,,1,4,2002,2
Pinus contorta,1,1_69494,1_69494_4,0,108,1_69494_4_152,16.764,1,,,,new,,,TRUE,,TRUE,TRUE,,,,,,1,4,2002,2
Pinus contorta,1,1_69494,1_69494_4,0,108,1_69494_4_153,14.732,1,,,,new,,,TRUE,,TRUE,TRUE,,,,,,1,4,2002,2
Pseudotsuga menziesii,2,1_75669,1_75669_1,0,202,1_75669_1_113,49.276,1,,,,new,,,TRUE,,TRUE,TRUE,,,,,,1,1,2001,1
Pinus ponderosa,2,1_75669,1_75669_1,0,122,1_75669_1_114,74.422,1,,,,new,,,TRUE,,TRUE,TRUE,,,,,,1,1,2001,4
Abies grandis,2,1_75669,1_75669_1,0,17,1_75669_1_100,17.78,1,,,,new,,,TRUE,,TRUE,TRUE,,,,,,1,1,2001,5
Abies grandis,2,1_75669,1_75669_1,0,17,1_75669_1_101,31.75,2,,,,dead,,,,,,TRUE,,,,,,,1,2001,5
Abies grandis,2,1_75669,1_75669_1,0,17,1_75669_1_102,13.97,2,,,,dead,,,,,,TRUE,,,,,,,1,2001,5
Abies grandis,2,1_75669,1_75669_1,0,17,1_75669_1_103,27.686,1,,,,new,,,TRUE,,TRUE,TRUE,,,,,,1,1,2001,5
Abies grandis,2,1_75669,1_75669_1,0,17,1_75669_1_104,46.482,1,,,,new,,,TRUE,,TRUE,TRUE,,,,,,1,1,2001,5
Abies grandis,2,1_75669,1_75669_1,0,17,1_75669_1_105,39.116,1,,,,new,,,TRUE,,TRUE,TRUE,,,,,,1,1,2001,5
Abies grandis,2,1_75669,1_75669_1,0,17,1_75669_1_106,24.13,1,,,,new,,,TRUE,,TRUE,TRUE,,,,,,1,1,2001,5
Abies grandis,2,1_75669,1_75669_1,0,17,1_75669_1_107,46.228,1,,,,new,,,TRUE,,TRUE,TRUE,,,,,,1,1,2001,5
Abies grandis,2,1_75669,1_75669_1,0,17,1_75669_1_108,28.448,1,,,,new,,,TRUE,,TRUE,TRUE,,,,,,1,1,2001,5
Abies grandis,2,1_75669,1_75669_1,0,17,1_75669_1_109,21.082,1,,,,new,,,TRUE,,TRUE,TRUE,,,,,,1,1,2001,5
Abies grandis,2,1_75669,1_75669_1,0,17,1_75669_1_110,25.146,1,,,,new,,,TRUE,,TRUE,TRUE,,,,,,1,1,2001,5
Abies grandis,2,1_75669,1_75669_1,0,17,1_75669_1_111,57.658,1,,,,new,,,TRUE,,TRUE,TRUE,,,,,,1,1,2001,5
Abies grandis,2,1_75669,1_75669_1,0,17,1_75669_1_112,19.812,1,,,,new,,,TRUE,,TRUE,TRUE,,,,,,1,1,2001,5
Abies grandis,2,1_75669,1_75669_2,0,17,1_75669_2_120,37.084,1,,,,new,,,TRUE,,TRUE,TRUE,,,,,,1,2,2001,5
Abies grandis,2,1_75669,1_75669_2,0,17,1_75669_2_122,73.152,1,,,,new,,,TRUE,,TRUE,TRUE,,,,,,1,2,2001,5
Abies grandis,2,1_75669,1_75669_2,0,17,1_75669_2_123,62.992,1,,,,new,,,TRUE,,TRUE,TRUE,,,,,,1,2,2001,5
Alnus rubra,2,1_75669,1_75669_2,0,351,1_75669_2_121,32.512,1,,,,new,,,TRUE,,TRUE,TRUE,,,,,,1,2,2001,6
Pseudotsuga menziesii,2,1_75669,1_75669_3,0,202,1_75669_3_135,18.034,1,,,,new,,,TRUE,,TRUE,TRUE,,,,,,1,3,2001,1
Pseudotsuga menziesii,2,1_75669,1_75669_3,0,202,1_75669_3_137,67.564,2,,,,dead,,,,,,TRUE,,,,,,,3,2001,1
Pinus ponderosa,2,1_75669,1_75669_3,0,122,1_75669_3_133,49.276,1,,,,new,,,TRUE,,TRUE,TRUE,,,,,,1,3,2001,4
Pinus ponderosa,2,1_75669,1_75669_3,0,122,1_75669_3_134,35.56,2,,,,dead,,,,,,TRUE,,,,,,,3,2001,4
Abies grandis,2,1_75669,1_75669_3,0,17,1_75669_3_132,82.296,1,,,,new,,,TRUE,,TRUE,TRUE,,,,,,1,3,2001,5
Abies grandis,2,1_75669,1_75669_3,0,17,1_75669_3_136,66.548,1,,,,new,,,TRUE,,TRUE,TRUE,,,,,,1,3,2001,5
Abies grandis,2,1_75669,1_75669_3,0,17,1_75669_3_138,71.628,1,,,,new,,,TRUE,,TRUE,TRUE,,,,,,1,3,2001,5
Abies grandis,2,1_75669,1_75669_4,0,17,1_75669_4_139,46.228,1,,,,new,,,TRUE,,TRUE,TRUE,,,,,,1,4,2001,5
Abies grandis,2,1_75669,1_75669_4,0,17,1_75669_4_140,44.958,1,,,,new,,,TRUE,,TRUE,TRUE,,,,,,1,4,2001,5
Abies grandis,2,1_75669,1_75669_4,0,17,1_75669_4_141,15.748,1,,,,new,,,TRUE,,TRUE,TRUE,,,,,,1,4,2001,5
Abies grandis,2,1_75669,1_75669_4,0,17,1_75669_4_142,66.294,1,,,,new,,,TRUE,,TRUE,TRUE,,,,,,1,4,2001,5
Abies grandis,2,1_75669,1_75669_4,0,17,1_75669_4_143,17.018,2,,,,dead,,,,,,TRUE,,,,,,,4,2001,5
Abies grandis,2,1_75669,1_75669_4,0,17,1_75669_4_144,23.114,1,,,,new,,,TRUE,,TRUE,TRUE,,,,,,1,4,2001,5
Abies grandis,2,1_75669,1_75669_4,0,17,1_75669_4_145,50.292,1,,,,new,,,TRUE,,TRUE,TRUE,,,,,,1,4,2001,5
Abies grandis,2,1_75669,1_75669_4,0,17,1_75669_4_146,51.816,1,,,,new,,,TRUE,,TRUE,TRUE,,,,,,1,4,2001,5
Abies grandis,2,1_75669,1_75669_4,0,17,1_75669_4_147,56.388,1,,,,new,,,TRUE,,TRUE,TRUE,,,,,,1,4,2001,5
Abies grandis,2,1_75669,1_75669_4,0,17,1_75669_4_148,29.718,1,,,,new,,,TRUE,,TRUE,TRUE,,,,,,1,4,2001,5
Abies grandis,2,1_75669,1_75669_4,0,17,1_75669_4_149,51.816,1,,,,new,,,TRUE,,TRUE,TRUE,,,,,,1,4,2001,5
Abies grandis,2,1_75669,1_75669_4,0,17,1_75669_4_150,67.31,1,,,,new,,,TRUE,,TRUE,TRUE,,,,,,1,4,2001,5
Pseudotsuga menziesii,3,1_88768,1_88768_1,0,202,1_88768_1_101,14.224,1,,,,new,,,TRUE,,TRUE,TRUE,,,,,,1,1,2002,1
Pseudotsuga menziesii,3,1_88768,1_88768_1,0,202,1_88768_1_105,37.846,1,,,,new,,,TRUE,,TRUE,TRUE,,,,,,1,1,2002,1
Pseudotsuga menziesii,3,1_88768,1_88768_1,0,202,1_88768_1_107,36.322,1,,,,new,,,TRUE,,TRUE,TRUE,,,,,,1,1,2002,1
Pinus contorta,3,1_88768,1_88768_1,0,108,1_88768_1_100,15.748,1,,,,new,,,TRUE,,TRUE,TRUE,,,,,,1,1,2002,2
Pinus contorta,3,1_88768,1_88768_1,0,108,1_88768_1_104,17.78,2,,,,dead,,,,,,TRUE,,,,,,,1,2002,2
Pinus contorta,3,1_88768,1_88768_1,0,108,1_88768_1_108,19.304,2,,,,dead,,,,,,TRUE,,,,,,,1,2002,2
Abies grandis,3,1_88768,1_88768_1,0,17,1_88768_1_102,20.574,1,,,,new,,,TRUE,,TRUE,TRUE,,,,,,1,1,2002,5
Abies grandis,3,1_88768,1_88768_1,0,17,1_88768_1_103,41.402,1,,,,new,,,TRUE,,TRUE,TRUE,,,,,,1,1,2002,5
Abies grandis,3,1_88768,1_88768_1,0,17,1_88768_1_106,52.324,1,,,,new,,,TRUE,,TRUE,TRUE,,,,,,1,1,2002,5
Abies grandis,3,1_88768,1_88768_1,0,17,1_88768_1_109,29.718,1,,,,new,,,TRUE,,TRUE,TRUE,,,,,,1,1,2002,5
Pseudotsuga menziesii,3,1_88768,1_88768_2,0,202,1_88768_2_115,55.372,1,,,,new,,,TRUE,,TRUE,TRUE,,,,,,1,2,2002,1
Pinus contorta,3,1_88768,1_88768_2,0,108,1_88768_2_111,14.732,1,,,,new,,,TRUE,,TRUE,TRUE,,,,,,1,2,2002,2
Pinus contorta,3,1_88768,1_88768_2,0,108,1_88768_2_116,21.336,1,,,,new,,,TRUE,,TRUE,TRUE,,,,,,1,2,2002,2
Abies grandis,3,1_88768,1_88768_2,0,17,1_88768_2_110,71.882,1,,,,new,,,TRUE,,TRUE,TRUE,,,,,,1,2,2002,5
Abies grandis,3,1_88768,1_88768_2,0,17,1_88768_2_112,16.002,1,,,,new,,,TRUE,,TRUE,TRUE,,,,,,1,2,2002,5
Abies grandis,3,1_88768,1_88768_2,0,17,1_88768_2_113,70.612,1,,,,new,,,TRUE,,TRUE,TRUE,,,,,,1,2,2002,5
Abies grandis,3,1_88768,1_88768_2,0,17,1_88768_2_114,62.484,1,,,,new,,,TRUE,,TRUE,TRUE,,,,,,1,2,2002,5
other,3,1_88768,1_88768_2,0,73,1_88768_2_117,16.002,1,,,,new,,,TRUE,,TRUE,TRUE,,,,,,1,2,2002,11
Pseudotsuga menziesii,3,1_88768,1_88768_3,0,202,1_88768_3_123,50.8,1,,,,new,,,TRUE,,TRUE,TRUE,,,,,,1,3,2002,1
Pinus contorta,3,1_88768,1_88768_3,0,108,1_88768_3_124,19.05,1,,,,new,,,TRUE,,TRUE,TRUE,,,,,,1,3,2002,2
Pinus contorta,3,1_88768,1_88768_3,0,108,1_88768_3_127,27.686,1,,,,new,,,TRUE,,TRUE,TRUE,,,,,,1,3,2002,2
Pinus ponderosa,3,1_88768,1_88768_3,0,122,1_88768_3_131,62.23,1,,,,new,,,TRUE,,TRUE,TRUE,,,,,,1,3,2002,4
Abies grandis,3,1_88768,1_88768_3,0,17,1_88768_3_121,19.812,1,,,,new,,,TRUE,,TRUE,TRUE,,,,,,1,3,2002,5
Abies grandis,3,1_88768,1_88768_3,0,17,1_88768_3_122,19.812,1,,,,new,,,TRUE,,TRUE,TRUE,,,,,,1,3,2002,5
Abies grandis,3,1_88768,1_88768_3,0,17,1_88768_3_125,22.352,1,,,,new,,,TRUE,,TRUE,TRUE,,,,,,1,3,2002,5
Abies grandis,3,1_88768,1_88768_3,0,17,1_88768_3_126,12.954,1,,,,new,,,TRUE,,TRUE,TRUE,,,,,,1,3,2002,5
Abies grandis,3,1_88768,1_88768_3,0,17,1_88768_3_129,13.208,1,,,,new,,,TRUE,,TRUE,TRUE,,,,,,1,3,2002,5
Abies grandis,3,1_88768,1_88768_3,0,17,1_88768_3_130,66.802,1,,,,new,,,TRUE,,TRUE,TRUE,,,,,,1,3,2002,5
Abies grandis,3,1_88768,1_88768_3,0,17,1_88768_3_132,80.772,1,,,,new,,,TRUE,,TRUE,TRUE,,,,,,1,3,2002,5
Pinus contorta,3,1_88768,1_88768_4,0,108,1_88768_4_136,23.114,2,,,,dead,,,,,,TRUE,,,,,,,4,2002,2
Pinus contorta,3,1_88768,1_88768_4,0,108,1_88768_4_139,26.924,1,,,,new,,,TRUE,,TRUE,TRUE,,,,,,1,4,2002,2
Abies grandis,3,1_88768,1_88768_4,0,17,1_88768_4_133,25.146,1,,,,new,,,TRUE,,TRUE,TRUE,,,,,,1,4,2002,5
Abies grandis,3,1_88768,1_88768_4,0,17,1_88768_4_134,37.084,1,,,,new,,,TRUE,,TRUE,TRUE,,,,,,1,4,2002,5
Abies grandis,3,1_88768,1_88768_4,0,17,1_88768_4_135,35.56,1,,,,new,,,TRUE,,TRUE,TRUE,,,,,,1,4,2002,5
Abies grandis,3,1_88768,1_88768_4,0,17,1_88768_4_137,13.208,1,,,,new,,,TRUE,,TRUE,TRUE,,,,,,1,4,2002,5
Abies grandis,3,1_88768,1_88768_4,0,17,1_88768_4_138,16.51,1,,,,new,,,TRUE,,TRUE,TRUE,,,,,,1,4,2002,5
Abies grandis,3,1_88768,1_88768_4,0,17,1_88768_4_141,66.294,1,,,,new,,,TRUE,,TRUE,TRUE,,,,,,1,4,2002,5
other,3,1_88768,1_88768_4,0,73,1_88768_4_140,26.924,1,,,,new,,,TRUE,,TRUE,TRUE,,,,,,1,4,2002,11
Pseudotsuga menziesii,4,15_51578,15_51578_1,0,202,15_51578_1_103,72.39,1,,,,new,,,TRUE,,TRUE,TRUE,,,,,,1,1,2002,1
Pseudotsuga menziesii,4,15_51578,15_51578_1,0,202,15_51578_1_104,109.728,1,,,,new,,,TRUE,,TRUE,TRUE,,,,,,1,1,2002,1
Pseudotsuga menziesii,4,15_51578,15_51578_1,0,202,15_51578_1_105,40.64,1,,,,new,,,TRUE,,TRUE,TRUE,,,,,,1,1,2002,1
Pseudotsuga menziesii,4,15_51578,15_51578_1,0,202,15_51578_1_106,65.278,1,,,,new,,,TRUE,,TRUE,TRUE,,,,,,1,1,2002,1
Pseudotsuga menziesii,4,15_51578,15_51578_1,0,202,15_51578_1_107,74.93,1,,,,new,,,TRUE,,TRUE,TRUE,,,,,,1,1,2002,1
Pseudotsuga menziesii,4,15_51578,15_51578_1,0,202,15_51578_1_110,86.868,1,,,,new,,,TRUE,,TRUE,TRUE,,,,,,1,1,2002,1
Pseudotsuga menziesii,4,15_51578,15_51578_1,0,202,15_51578_1_111,127.254,1,,,,new,,,TRUE,,TRUE,TRUE,,,,,,1,1,2002,1
Pseudotsuga menziesii,4,15_51578,15_51578_1,0,202,15_51578_1_112,97.536,1,,,,new,,,TRUE,,TRUE,TRUE,,,,,,1,1,2002,1
Pseudotsuga menziesii,4,15_51578,15_51578_1,0,202,15_51578_1_113,97.536,1,,,,new,,,TRUE,,TRUE,TRUE,,,,,,1,1,2002,1
Pseudotsuga menziesii,4,15_51578,15_51578_1,0,202,15_51578_1_114,113.538,1,,,,new,,,TRUE,,TRUE,TRUE,,,,,,1,1,2002,1
Pseudotsuga menziesii,4,15_51578,15_51578_1,0,202,15_51578_1_117,83.566,1,,,,new,,,TRUE,,TRUE,TRUE,,,,,,1,1,2002,1
Pseudotsuga menziesii,4,15_51578,15_51578_1,0,202,15_51578_1_119,112.268,1,,,,new,,,TRUE,,TRUE,TRUE,,,,,,1,1,2002,1
Pseudotsuga menziesii,4,15_51578,15_51578_1,0,202,15_51578_1_121,106.172,1,,,,new,,,TRUE,,TRUE,TRUE,,,,,,1,1,2002,1
Lithocarpus densiflorus,4,15_51578,15_51578_1,0,631,15_51578_1_101,12.954,1,,,,new,,,TRUE,,TRUE,TRUE,,,,,,1,1,2002,10
Pseudotsuga menziesii,4,15_51578,15_51578_2,0,202,15_51578_2_124,139.192,1,,,,new,,,TRUE,,TRUE,TRUE,,,,,,1,2,2002,1
Pseudotsuga menziesii,4,15_51578,15_51578_2,0,202,15_51578_2_126,38.608,2,,,,dead,,,,,,TRUE,,,,,,,2,2002,1
Pseudotsuga menziesii,4,15_51578,15_51578_2,0,202,15_51578_2_128,83.312,2,,,,dead,,,,,,TRUE,,,,,,,2,2002,1
Pseudotsuga menziesii,4,15_51578,15_51578_2,0,202,15_51578_2_130,80.772,1,,,,new,,,TRUE,,TRUE,TRUE,,,,,,1,2,2002,1
Pseudotsuga menziesii,4,15_51578,15_51578_2,0,202,15_51578_2_131,109.982,1,,,,new,,,TRUE,,TRUE,TRUE,,,,,,1,2,2002,1
Pseudotsuga menziesii,4,15_51578,15_51578_2,0,202,15_51578_2_132,42.418,2,,,,dead,,,,,,TRUE,,,,,,,2,2002,1
Pseudotsuga menziesii,4,15_51578,15_51578_2,0,202,15_51578_2_134,76.962,1,,,,new,,,TRUE,,TRUE,TRUE,,,,,,1,2,2002,1
Pseudotsuga menziesii,4,15_51578,15_51578_2,0,202,15_51578_2_135,113.284,1,,,,new,,,TRUE,,TRUE,TRUE,,,,,,1,2,2002,1
Pseudotsuga menziesii,4,15_51578,15_51578_2,0,202,15_51578_2_136,77.47,1,,,,new,,,TRUE,,TRUE,TRUE,,,,,,1,2,2002,1
Pseudotsuga menziesii,4,15_51578,15_51578_2,0,202,15_51578_2_137,131.318,1,,,,new,,,TRUE,,TRUE,TRUE,,,,,,1,2,2002,1
Pseudotsuga menziesii,4,15_51578,15_51578_2,0,202,15_51578_2_138,79.248,1,,,,new,,,TRUE,,TRUE,TRUE,,,,,,1,2,2002,1
Pseudotsuga menziesii,4,15_51578,15_51578_2,0,202,15_51578_2_139,96.266,1,,,,new,,,TRUE,,TRUE,TRUE,,,,,,1,2,2002,1
Pseudotsuga menziesii,4,15_51578,15_51578_2,0,202,15_51578_2_141,116.586,1,,,,new,,,TRUE,,TRUE,TRUE,,,,,,1,2,2002,1
Pseudotsuga menziesii,4,15_51578,15_51578_2,0,202,15_51578_2_142,96.52,1,,,,new,,,TRUE,,TRUE,TRUE,,,,,,1,2,2002,1
Pseudotsuga menziesii,4,15_51578,15_51578_2,0,202,15_51578_2_143,77.978,1,,,,new,,,TRUE,,TRUE,TRUE,,,,,,1,2,2002,1
Pseudotsuga menziesii,4,15_51578,15_51578_2,0,202,15_51578_2_144,144.526,1,,,,new,,,TRUE,,TRUE,TRUE,,,,,,1,2,2002,1
Lithocarpus densiflorus,4,15_51578,15_51578_2,0,631,15_51578_2_125,15.494,1,,,,new,,,TRUE,,TRUE,TRUE,,,,,,1,2,2002,10
Lithocarpus densiflorus,4,15_51578,15_51578_2,0,631,15_51578_2_127,29.972,1,,,,new,,,TRUE,,TRUE,TRUE,,,,,,1,2,2002,10
Lithocarpus densiflorus,4,15_51578,15_51578_2,0,631,15_51578_2_129,19.304,1,,,,new,,,TRUE,,TRUE,TRUE,,,,,,1,2,2002,10
Lithocarpus densiflorus,4,15_51578,15_51578_2,0,631,15_51578_2_133,17.78,1,,,,new,,,TRUE,,TRUE,TRUE,,,,,,1,2,2002,10
Pseudotsuga menziesii,4,15_51578,15_51578_3,0,202,15_51578_3_159,181.864,1,,,,new,,,TRUE,,TRUE,TRUE,,,,,,1,3,2002,1
Pseudotsuga menziesii,4,15_51578,15_51578_3,0,202,15_51578_3_160,100.076,1,,,,new,,,TRUE,,TRUE,TRUE,,,,,,1,3,2002,1
Pseudotsuga menziesii,4,15_51578,15_51578_3,0,202,15_51578_3_161,95.25,1,,,,new,,,TRUE,,TRUE,TRUE,,,,,,1,3,2002,1
Pseudotsuga menziesii,4,15_51578,15_51578_3,0,202,15_51578_3_163,139.954,1,,,,new,,,TRUE,,TRUE,TRUE,,,,,,1,3,2002,1
Pseudotsuga menziesii,4,15_51578,15_51578_3,0,202,15_51578_3_164,94.488,1,,,,new,,,TRUE,,TRUE,TRUE,,,,,,1,3,2002,1
Pseudotsuga menziesii,4,15_51578,15_51578_3,0,202,15_51578_3_165,97.282,1,,,,new,,,TRUE,,TRUE,TRUE,,,,,,1,3,2002,1
Lithocarpus densiflorus,4,15_51578,15_51578_3,0,631,15_51578_3_148,17.272,1,,,,new,,,TRUE,,TRUE,TRUE,,,,,,1,3,2002,10
Lithocarpus densiflorus,4,15_51578,15_51578_3,0,631,15_51578_3_149,14.224,1,,,,new,,,TRUE,,TRUE,TRUE,,,,,,1,3,2002,10
Lithocarpus densiflorus,4,15_51578,15_51578_3,0,631,15_51578_3_150,16.51,1,,,,new,,,TRUE,,TRUE,TRUE,,,,,,1,3,2002,10
Lithocarpus densiflorus,4,15_51578,15_51578_3,0,631,15_51578_3_151,22.86,1,,,,new,,,TRUE,,TRUE,TRUE,,,,,,1,3,2002,10
Lithocarpus densiflorus,4,15_51578,15_51578_3,0,631,15_51578_3_152,13.716,2,,,,dead,,,,,,TRUE,,,,,,,3,2002,10
Lithocarpus densiflorus,4,15_51578,15_51578_3,0,631,15_51578_3_153,28.448,1,,,,new,,,TRUE,,TRUE,TRUE,,,,,,1,3,2002,10
Lithocarpus densiflorus,4,15_51578,15_51578_3,0,631,15_51578_3_154,14.224,1,,,,new,,,TRUE,,TRUE,TRUE,,,,,,1,3,2002,10
Lithocarpus densiflorus,4,15_51578,15_51578_3,0,631,15_51578_3_155,17.272,1,,,,new,,,TRUE,,TRUE,TRUE,,,,,,1,3,2002,10
Lithocarpus densiflorus,4,15_51578,15_51578_3,0,631,15_51578_3_156,15.494,1,,,,new,,,TRUE,,TRUE,TRUE,,,,,,1,3,2002,10
Lithocarpus densiflorus,4,15_51578,15_51578_3,0,631,15_51578_3_157,27.178,1,,,,new,,,TRUE,,TRUE,TRUE,,,,,,1,3,2002,10
Lithocarpus densiflorus,4,15_51578,15_51578_3,0,631,15_51578_3_158,20.828,1,,,,new,,,TRUE,,TRUE,TRUE,,,,,,1,3,2002,10
Pseudotsuga menziesii,4,15_51578,15_51578_4,0,202,15_51578_4_173,90.424,1,,,,new,,,TRUE,,TRUE,TRUE,,,,,,1,4,2002,1
Pseudotsuga menziesii,4,15_51578,15_51578_4,0,202,15_51578_4_174,117.856,1,,,,new,,,TRUE,,TRUE,TRUE,,,,,,1,4,2002,1
Pseudotsuga menziesii,4,15_51578,15_51578_4,0,202,15_51578_4_175,30.48,2,,,,dead,,,,,,TRUE,,,,,,,4,2002,1
Pseudotsuga menziesii,4,15_51578,15_51578_4,0,202,15_51578_4_176,117.602,1,,,,new,,,TRUE,,TRUE,TRUE,,,,,,1,4,2002,1
Pseudotsuga menziesii,4,15_51578,15_51578_4,0,202,15_51578_4_178,80.518,1,,,,new,,,TRUE,,TRUE,TRUE,,,,,,1,4,2002,1
Pseudotsuga menziesii,4,15_51578,15_51578_4,0,202,15_51578_4_179,119.888,1,,,,new,,,TRUE,,TRUE,TRUE,,,,,,1,4,2002,1
Pseudotsuga menziesii,4,15_51578,15_51578_4,0,202,15_51578_4_181,118.872,1,,,,new,,,TRUE,,TRUE,TRUE,,,,,,1,4,2002,1
Pseudotsuga menziesii,4,15_51578,15_51578_4,0,202,15_51578_4_182,91.948,1,,,,new,,,TRUE,,TRUE,TRUE,,,,,,1,4,2002,1
Lithocarpus densiflorus,4,15_51578,15_51578_4,0,631,15_51578_4_166,34.036,1,,,,new,,,TRUE,,TRUE,TRUE,,,,,,1,4,2002,10
Lithocarpus densiflorus,4,15_51578,15_51578_4,0,631,15_51578_4_167,14.224,1,,,,new,,,TRUE,,TRUE,TRUE,,,,,,1,4,2002,10
Lithocarpus densiflorus,4,15_51578,15_51578_4,0,631,15_51578_4_169,23.622,1,,,,new,,,TRUE,,TRUE,TRUE,,,,,,1,4,2002,10
Lithocarpus densiflorus,4,15_51578,15_51578_4,0,631,15_51578_4_170,31.75,1,,,,new,,,TRUE,,TRUE,TRUE,,,,,,1,4,2002,10
Lithocarpus densiflorus,4,15_51578,15_51578_4,0,631,15_51578_4_171,19.558,1,,,,new,,,TRUE,,TRUE,TRUE,,,,,,1,4,2002,10
Lithocarpus densiflorus,4,15_51578,15_51578_4,0,631,15_51578_4_172,17.78,1,,,,new,,,TRUE,,TRUE,TRUE,,,,,,1,4,2002,10
Lithocarpus densiflorus,4,15_51578,15_51578_4,0,631,15_51578_4_177,17.018,1,,,,new,,,TRUE,,TRUE,TRUE,,,,,,1,4,2002,10
Pinus contorta,5,17_55577,17_55577_1,0,108,17_55577_1_100,18.542,1,,,,new,,,TRUE,,TRUE,TRUE,,,,,,1,1,2002,2
Pinus contorta,5,17_55577,17_55577_1,0,108,17_55577_1_101,18.796,1,,,,new,,,TRUE,,TRUE,TRUE,,,,,,1,1,2002,2
Pinus contorta,5,17_55577,17_55577_1,0,108,17_55577_1_105,16.764,1,,,,new,,,TRUE,,TRUE,TRUE,,,,,,1,1,2002,2
Tsuga mertensiana,5,17_55577,17_55577_1,0,264,17_55577_1_102,13.462,1,,,,new,,,TRUE,,TRUE,TRUE,,,,,,1,1,2002,7
Tsuga mertensiana,5,17_55577,17_55577_1,0,264,17_55577_1_103,21.082,1,,,,new,,,TRUE,,TRUE,TRUE,,,,,,1,1,2002,7
Tsuga mertensiana,5,17_55577,17_55577_1,0,264,17_55577_1_104,46.482,1,,,,new,,,TRUE,,TRUE,TRUE,,,,,,1,1,2002,7
Pinus contorta,5,17_55577,17_55577_2,0,108,17_55577_2_109,27.432,1,,,,new,,,TRUE,,TRUE,TRUE,,,,,,1,2,2002,2
Tsuga mertensiana,5,17_55577,17_55577_2,0,264,17_55577_2_106,13.208,1,,,,new,,,TRUE,,TRUE,TRUE,,,,,,1,2,2002,7
Tsuga mertensiana,5,17_55577,17_55577_2,0,264,17_55577_2_107,14.732,1,,,,new,,,TRUE,,TRUE,TRUE,,,,,,1,2,2002,7
Tsuga mertensiana,5,17_55577,17_55577_2,0,264,17_55577_2_108,22.86,1,,,,new,,,TRUE,,TRUE,TRUE,,,,,,1,2,2002,7
Pinus contorta,5,17_55577,17_55577_3,0,108,17_55577_3_113,15.748,1,,,,new,,,TRUE,,TRUE,TRUE,,,,,,1,3,2002,2
Pinus contorta,5,17_55577,17_55577_3,0,108,17_55577_3_114,19.304,1,,,,new,,,TRUE,,TRUE,TRUE,,,,,,1,3,2002,2
Pinus contorta,5,17_55577,17_55577_3,0,108,17_55577_3_115,16.256,1,,,,new,,,TRUE,,TRUE,TRUE,,,,,,1,3,2002,2
Pinus contorta,5,17_55577,17_55577_3,0,108,17_55577_3_116,17.78,1,,,,new,,,TRUE,,TRUE,TRUE,,,,,,1,3,2002,2
Pinus contorta,5,17_55577,17_55577_3,0,108,17_55577_3_120,17.526,1,,,,new,,,TRUE,,TRUE,TRUE,,,,,,1,3,2002,2
Tsuga mertensiana,5,17_55577,17_55577_3,0,264,17_55577_3_112,34.29,1,,,,new,,,TRUE,,TRUE,TRUE,,,,,,1,3,2002,7
Tsuga mertensiana,5,17_55577,17_55577_3,0,264,17_55577_3_117,45.974,1,,,,new,,,TRUE,,TRUE,TRUE,,,,,,1,3,2002,7
Tsuga mertensiana,5,17_55577,17_55577_3,0,264,17_55577_3_118,13.716,1,,,,new,,,TRUE,,TRUE,TRUE,,,,,,1,3,2002,7
Tsuga mertensiana,5,17_55577,17_55577_3,0,264,17_55577_3_119,30.48,1,,,,new,,,TRUE,,TRUE,TRUE,,,,,,1,3,2002,7
Pinus contorta,5,17_55577,17_55577_4,0,108,17_55577_4_121,18.542,1,,,,new,,,TRUE,,TRUE,TRUE,,,,,,1,4,2002,2
Pinus contorta,5,17_55577,17_55577_4,0,108,17_55577_4_122,14.224,1,,,,new,,,TRUE,,TRUE,TRUE,,,,,,1,4,2002,2
Pinus contorta,5,17_55577,17_55577_4,0,108,17_55577_4_123,24.13,2,,,,dead,,,,,,TRUE,,,,,,,4,2002,2
Pinus contorta,5,17_55577,17_55577_4,0,108,17_55577_4_125,15.748,1,,,,new,,,TRUE,,TRUE,TRUE,,,,,,1,4,2002,2
Pinus contorta,5,17_55577,17_55577_4,0,108,17_55577_4_126,26.67,1,,,,new,,,TRUE,,TRUE,TRUE,,,,,,1,4,2002,2
Tsuga mertensiana,5,17_55577,17_55577_4,0,264,17_55577_4_124,16.51,1,,,,new,,,TRUE,,TRUE,TRUE,,,,,,1,4,2002,7
Tsuga mertensiana,6,17_84974,17_84974_1,0,264,17_84974_1_100,53.086,2,,,,dead,,,,,,TRUE,,,,,,,1,2001,7
Tsuga mertensiana,6,17_84974,17_84974_1,0,264,17_84974_1_101,49.276,2,,,,dead,,,,,,TRUE,,,,,,,1,2001,7
Tsuga mertensiana,6,17_84974,17_84974_1,0,264,17_84974_1_102,59.436,1,,,,new,,,TRUE,,TRUE,TRUE,,,,,,1,1,2001,7
Tsuga mertensiana,6,17_84974,17_84974_1,0,264,17_84974_1_103,61.214,1,,,,new,,,TRUE,,TRUE,TRUE,,,,,,1,1,2001,7
Tsuga mertensiana,6,17_84974,17_84974_1,0,264,17_84974_1_104,69.088,1,,,,new,,,TRUE,,TRUE,TRUE,,,,,,1,1,2001,7
Tsuga mertensiana,6,17_84974,17_84974_2,0,264,17_84974_2_108,13.462,1,,,,new,,,TRUE,,TRUE,TRUE,,,,,,1,2,2001,7
Tsuga mertensiana,6,17_84974,17_84974_2,0,264,17_84974_2_109,83.82,2,,,,dead,,,,,,TRUE,,,,,,,2,2001,7
Tsuga mertensiana,6,17_84974,17_84974_2,0,264,17_84974_2_111,71.882,1,,,,new,,,TRUE,,TRUE,TRUE,,,,,,1,2,2001,7
Tsuga mertensiana,6,17_84974,17_84974_2,0,264,17_84974_2_112,64.77,2,,,,dead,,,,,,TRUE,,,,,,,2,2001,7
Tsuga mertensiana,6,17_84974,17_84974_2,0,264,17_84974_2_113,64.77,2,,,,dead,,,,,,TRUE,,,,,,,2,2001,7
Tsuga mertensiana,6,17_84974,17_84974_2,0,264,17_84974_2_114,65.532,1,,,,new,,,TRUE,,TRUE,TRUE,,,,,,1,2,2001,7
Tsuga mertensiana,6,17_84974,17_84974_2,0,264,17_84974_2_115,84.328,1,,,,new,,,TRUE,,TRUE,TRUE,,,,,,1,2,2001,7
Tsuga mertensiana,6,17_84974,17_84974_2,0,264,17_84974_2_116,60.96,1,,,,new,,,TRUE,,TRUE,TRUE,,,,,,1,2,2001,7
Tsuga mertensiana,6,17_84974,17_84974_2,0,264,17_84974_2_118,81.28,2,,,,dead,,,,,,TRUE,,,,,,,2,2001,7
Tsuga mertensiana,6,17_84974,17_84974_2,0,264,17_84974_2_119,62.992,1,,,,new,,,TRUE,,TRUE,TRUE,,,,,,1,2,2001,7
Tsuga mertensiana,6,17_84974,17_84974_2,0,264,17_84974_2_120,67.564,1,,,,new,,,TRUE,,TRUE,TRUE,,,,,,1,2,2001,7
Pinus contorta,6,17_84974,17_84974_3,0,108,17_84974_3_131,24.13,1,,,,new,,,TRUE,,TRUE,TRUE,,,,,,1,3,2001,2
Pinus contorta,6,17_84974,17_84974_3,0,108,17_84974_3_132,23.368,1,,,,new,,,TRUE,,TRUE,TRUE,,,,,,1,3,2001,2
Pinus contorta,6,17_84974,17_84974_3,0,108,17_84974_3_134,14.478,1,,,,new,,,TRUE,,TRUE,TRUE,,,,,,1,3,2001,2
Pinus contorta,6,17_84974,17_84974_3,0,108,17_84974_3_135,29.972,1,,,,new,,,TRUE,,TRUE,TRUE,,,,,,1,3,2001,2
Pinus contorta,6,17_84974,17_84974_3,0,108,17_84974_3_136,13.462,1,,,,new,,,TRUE,,TRUE,TRUE,,,,,,1,3,2001,2
Pinus contorta,6,17_84974,17_84974_3,0,108,17_84974_3_137,24.384,1,,,,new,,,TRUE,,TRUE,TRUE,,,,,,1,3,2001,2
Pinus contorta,6,17_84974,17_84974_3,0,108,17_84974_3_140,14.224,1,,,,new,,,TRUE,,TRUE,TRUE,,,,,,1,3,2001,2
other,6,17_84974,17_84974_3,0,21,17_84974_3_133,19.05,1,,,,new,,,TRUE,,TRUE,TRUE,,,,,,1,3,2001,11
other,6,17_84974,17_84974_3,0,119,17_84974_3_138,15.24,1,,,,new,,,TRUE,,TRUE,TRUE,,,,,,1,3,2001,11
other,6,17_84974,17_84974_3,0,119,17_84974_3_139,16.764,1,,,,new,,,TRUE,,TRUE,TRUE,,,,,,1,3,2001,11
Pinus contorta,6,17_84974,17_84974_4,0,108,17_84974_4_145,23.876,1,,,,new,,,TRUE,,TRUE,TRUE,,,,,,1,4,2001,2
Pinus contorta,6,17_84974,17_84974_4,0,108,17_84974_4_147,18.796,1,,,,new,,,TRUE,,TRUE,TRUE,,,,,,1,4,2001,2
Tsuga mertensiana,6,17_84974,17_84974_4,0,264,17_84974_4_142,26.67,1,,,,new,,,TRUE,,TRUE,TRUE,,,,,,1,4,2001,7
Tsuga mertensiana,6,17_84974,17_84974_4,0,264,17_84974_4_143,60.96,2,,,,dead,,,,,,TRUE,,,,,,,4,2001,7
Tsuga mertensiana,6,17_84974,17_84974_4,0,264,17_84974_4_148,14.478,1,,,,new,,,TRUE,,TRUE,TRUE,,,,,,1,4,2001,7
Tsuga mertensiana,6,17_84974,17_84974_4,0,264,17_84974_4_152,76.454,2,,,,dead,,,,,,TRUE,,,,,,,4,2001,7
other,6,17_84974,17_84974_4,0,21,17_84974_4_144,18.542,1,,,,new,,,TRUE,,TRUE,TRUE,,,,,,1,4,2001,11
other,6,17_84974,17_84974_4,0,21,17_84974_4_146,22.86,1,,,,new,,,TRUE,,TRUE,TRUE,,,,,,1,4,2001,11
other,6,17_84974,17_84974_4,0,21,17_84974_4_149,18.034,1,,,,new,,,TRUE,,TRUE,TRUE,,,,,,1,4,2001,11
other,6,17_84974,17_84974_4,0,21,17_84974_4_150,22.352,1,,,,new,,,TRUE,,TRUE,TRUE,,,,,,1,4,2001,11
Pseudotsuga menziesii,7,19_93399,19_93399_1,0,202,19_93399_1_101,114.3,2,,,,dead,,,,,,TRUE,,,,,,,1,2002,1
Pseudotsuga menziesii,7,19_93399,19_93399_1,0,202,19_93399_1_105,80.01,1,,,,new,,,TRUE,,TRUE,TRUE,,,,,,1,1,2002,1
Pseudotsuga menziesii,7,19_93399,19_93399_1,0,202,19_93399_1_115,111.76,2,,,,dead,,,,,,TRUE,,,,,,,1,2002,1
Pseudotsuga menziesii,7,19_93399,19_93399_1,0,202,19_93399_1_119,109.982,2,,,,dead,,,,,,TRUE,,,,,,,1,2002,1
Abies concolor,7,19_93399,19_93399_1,0,15,19_93399_1_107,44.45,1,,,,new,,,TRUE,,TRUE,TRUE,,,,,,1,1,2002,3
Abies concolor,7,19_93399,19_93399_1,0,15,19_93399_1_111,31.75,1,,,,new,,,TRUE,,TRUE,TRUE,,,,,,1,1,2002,3
Abies concolor,7,19_93399,19_93399_1,0,15,19_93399_1_112,27.432,1,,,,new,,,TRUE,,TRUE,TRUE,,,,,,1,1,2002,3
other,7,19_93399,19_93399_1,0,263,19_93399_1_102,17.78,1,,,,new,,,TRUE,,TRUE,TRUE,,,,,,1,1,2002,11
other,7,19_93399,19_93399_1,0,231,19_93399_1_103,13.462,1,,,,new,,,TRUE,,TRUE,TRUE,,,,,,1,1,2002,11
other,7,19_93399,19_93399_1,0,81,19_93399_1_104,24.892,1,,,,new,,,TRUE,,TRUE,TRUE,,,,,,1,1,2002,11
other,7,19_93399,19_93399_1,0,263,19_93399_1_106,17.018,2,,,,dead,,,,,,TRUE,,,,,,,1,2002,11
other,7,19_93399,19_93399_1,0,263,19_93399_1_109,21.082,1,,,,new,,,TRUE,,TRUE,TRUE,,,,,,1,1,2002,11
other,7,19_93399,19_93399_1,0,117,19_93399_1_110,146.558,1,,,,new,,,TRUE,,TRUE,TRUE,,,,,,1,1,2002,11
other,7,19_93399,19_93399_1,0,81,19_93399_1_113,80.01,1,,,,new,,,TRUE,,TRUE,TRUE,,,,,,1,1,2002,11
other,7,19_93399,19_93399_1,0,231,19_93399_1_116,24.638,1,,,,new,,,TRUE,,TRUE,TRUE,,,,,,1,1,2002,11
other,7,19_93399,19_93399_1,0,231,19_93399_1_117,15.748,1,,,,new,,,TRUE,,TRUE,TRUE,,,,,,1,1,2002,11
other,7,19_93399,19_93399_1,0,263,19_93399_1_118,70.612,1,,,,new,,,TRUE,,TRUE,TRUE,,,,,,1,1,2002,11
Pseudotsuga menziesii,7,19_93399,19_93399_2,0,202,19_93399_2_121,102.362,2,,,,dead,,,,,,TRUE,,,,,,,2,2002,1
Pseudotsuga menziesii,7,19_93399,19_93399_2,0,202,19_93399_2_124,87.884,2,,,,dead,,,,,,TRUE,,,,,,,2,2002,1
Pseudotsuga menziesii,7,19_93399,19_93399_2,0,202,19_93399_2_125,65.024,2,,,,dead,,,,,,TRUE,,,,,,,2,2002,1
Pseudotsuga menziesii,7,19_93399,19_93399_2,0,202,19_93399_2_127,104.14,2,,,,dead,,,,,,TRUE,,,,,,,2,2002,1
Pseudotsuga menziesii,7,19_93399,19_93399_2,0,202,19_93399_2_129,96.52,2,,,,dead,,,,,,TRUE,,,,,,,2,2002,1
Pseudotsuga menziesii,7,19_93399,19_93399_2,0,202,19_93399_2_136,77.47,2,,,,dead,,,,,,TRUE,,,,,,,2,2002,1
Pseudotsuga menziesii,7,19_93399,19_93399_2,0,202,19_93399_2_137,87.376,2,,,,dead,,,,,,TRUE,,,,,,,2,2002,1
Abies concolor,7,19_93399,19_93399_2,0,15,19_93399_2_131,14.732,1,,,,new,,,TRUE,,TRUE,TRUE,,,,,,1,2,2002,3
other,7,19_93399,19_93399_2,0,231,19_93399_2_122,22.098,1,,,,new,,,TRUE,,TRUE,TRUE,,,,,,1,2,2002,11
other,7,19_93399,19_93399_2,0,231,19_93399_2_123,17.78,1,,,,new,,,TRUE,,TRUE,TRUE,,,,,,1,2,2002,11
other,7,19_93399,19_93399_2,0,263,19_93399_2_128,34.798,1,,,,new,,,TRUE,,TRUE,TRUE,,,,,,1,2,2002,11
Pseudotsuga menziesii,7,19_93399,19_93399_3,0,202,19_93399_3_142,88.138,1,,,,new,,,TRUE,,TRUE,TRUE,,,,,,1,3,2002,1
Pseudotsuga menziesii,7,19_93399,19_93399_3,0,202,19_93399_3_144,83.312,2,,,,dead,,,,,,TRUE,,,,,,,3,2002,1
other,7,19_93399,19_93399_3,0,263,19_93399_3_138,56.134,1,,,,new,,,TRUE,,TRUE,TRUE,,,,,,1,3,2002,11
other,7,19_93399,19_93399_3,0,263,19_93399_3_139,29.464,1,,,,new,,,TRUE,,TRUE,TRUE,,,,,,1,3,2002,11
other,7,19_93399,19_93399_3,0,263,19_93399_3_140,82.55,2,,,,dead,,,,,,TRUE,,,,,,,3,2002,11
other,7,19_93399,19_93399_3,0,263,19_93399_3_141,79.248,1,,,,new,,,TRUE,,TRUE,TRUE,,,,,,1,3,2002,11
other,7,19_93399,19_93399_3,0,81,19_93399_3_146,22.352,1,,,,new,,,TRUE,,TRUE,TRUE,,,,,,1,3,2002,11
other,7,19_93399,19_93399_3,0,81,19_93399_3_148,86.868,1,,,,new,,,TRUE,,TRUE,TRUE,,,,,,1,3,2002,11
other,7,19_93399,19_93399_3,0,81,19_93399_3_149,84.836,1,,,,new,,,TRUE,,TRUE,TRUE,,,,,,1,3,2002,11
Pseudotsuga menziesii,7,19_93399,19_93399_4,0,202,19_93399_4_158,78.994,1,,,,new,,,TRUE,,TRUE,TRUE,,,,,,1,4,2002,1
other,7,19_93399,19_93399_4,0,231,19_93399_4_154,23.368,1,,,,new,,,TRUE,,TRUE,TRUE,,,,,,1,4,2002,11
other,7,19_93399,19_93399_4,0,231,19_93399_4_156,18.034,1,,,,new,,,TRUE,,TRUE,TRUE,,,,,,1,4,2002,11
other,7,19_93399,19_93399_4,0,81,19_93399_4_157,76.2,2,,,,dead,,,,,,TRUE,,,,,,,4,2002,11
other,7,19_93399,19_93399_4,0,81,19_93399_4_160,17.526,2,,,,dead,,,,,,TRUE,,,,,,,4,2002,11
Pinus ponderosa,8,23_52414,23_52414_1,0,122,23_52414_1_100,22.098,1,,,,new,,,TRUE,,TRUE,TRUE,,,,,,1,1,2002,4
Pinus ponderosa,8,23_52414,23_52414_1,0,122,23_52414_1_101,14.732,1,,,,new,,,TRUE,,TRUE,TRUE,,,,,,1,1,2002,4
Pinus ponderosa,8,23_52414,23_52414_1,0,122,23_52414_1_102,74.93,1,,,,new,,,TRUE,,TRUE,TRUE,,,,,,1,1,2002,4
Pseudotsuga menziesii,8,23_52414,23_52414_2,0,202,23_52414_2_111,77.216,1,,,,new,,,TRUE,,TRUE,TRUE,,,,,,1,2,2002,1
Pinus ponderosa,8,23_52414,23_52414_2,0,122,23_52414_2_105,14.986,1,,,,new,,,TRUE,,TRUE,TRUE,,,,,,1,2,2002,4
Pinus ponderosa,8,23_52414,23_52414_2,0,122,23_52414_2_106,14.986,1,,,,new,,,TRUE,,TRUE,TRUE,,,,,,1,2,2002,4
Pinus ponderosa,8,23_52414,23_52414_2,0,122,23_52414_2_107,21.082,1,,,,new,,,TRUE,,TRUE,TRUE,,,,,,1,2,2002,4
Pinus ponderosa,8,23_52414,23_52414_2,0,122,23_52414_2_108,19.812,1,,,,new,,,TRUE,,TRUE,TRUE,,,,,,1,2,2002,4
Pinus ponderosa,8,23_52414,23_52414_2,0,122,23_52414_2_109,67.31,1,,,,new,,,TRUE,,TRUE,TRUE,,,,,,1,2,2002,4
Pinus ponderosa,8,23_52414,23_52414_2,0,122,23_52414_2_110,63.5,1,,,,new,,,TRUE,,TRUE,TRUE,,,,,,1,2,2002,4
Pseudotsuga menziesii,8,23_52414,23_52414_3,0,202,23_52414_3_113,41.148,1,,,,new,,,TRUE,,TRUE,TRUE,,,,,,1,3,2002,1
Pseudotsuga menziesii,8,23_52414,23_52414_3,0,202,23_52414_3_114,33.02,1,,,,new,,,TRUE,,TRUE,TRUE,,,,,,1,3,2002,1
Pinus ponderosa,8,23_52414,23_52414_3,0,122,23_52414_3_112,17.78,1,,,,new,,,TRUE,,TRUE,TRUE,,,,,,1,3,2002,4
Pinus ponderosa,8,23_52414,23_52414_3,0,122,23_52414_3_115,13.716,1,,,,new,,,TRUE,,TRUE,TRUE,,,,,,1,3,2002,4
Pinus ponderosa,8,23_52414,23_52414_3,0,122,23_52414_3_116,68.072,1,,,,new,,,TRUE,,TRUE,TRUE,,,,,,1,3,2002,4
Pinus ponderosa,8,23_52414,23_52414_3,0,122,23_52414_3_117,80.01,1,,,,new,,,TRUE,,TRUE,TRUE,,,,,,1,3,2002,4
Pinus ponderosa,8,23_52414,23_52414_3,0,122,23_52414_3_118,70.866,1,,,,new,,,TRUE,,TRUE,TRUE,,,,,,1,3,2002,4
Pinus ponderosa,8,23_52414,23_52414_3,0,122,23_52414_3_119,86.106,1,,,,new,,,TRUE,,TRUE,TRUE,,,,,,1,3,2002,4
Pinus ponderosa,8,23_52414,23_52414_3,0,122,23_52414_3_120,80.772,1,,,,new,,,TRUE,,TRUE,TRUE,,,,,,1,3,2002,4
Pinus ponderosa,8,23_52414,23_52414_3,0,122,23_52414_3_121,60.96,1,,,,new,,,TRUE,,TRUE,TRUE,,,,,,1,3,2002,4
Pinus ponderosa,8,23_52414,23_52414_4,0,122,23_52414_4_122,23.876,1,,,,new,,,TRUE,,TRUE,TRUE,,,,,,1,4,2002,4
Pinus ponderosa,8,23_52414,23_52414_4,0,122,23_52414_4_123,13.462,1,,,,new,,,TRUE,,TRUE,TRUE,,,,,,1,4,2002,4
Pinus ponderosa,8,23_52414,23_52414_4,0,122,23_52414_4_124,49.276,2,,,,dead,,,,,,TRUE,,,,,,,4,2002,4
Pinus ponderosa,8,23_52414,23_52414_4,0,122,23_52414_4_125,23.114,1,,,,new,,,TRUE,,TRUE,TRUE,,,,,,1,4,2002,4
Pinus ponderosa,9,23_74370,23_74370_1,0,122,23_74370_1_100,18.288,1,,,,new,,,TRUE,,TRUE,TRUE,,,,,,1,1,2001,4
Pinus ponderosa,9,23_74370,23_74370_2,0,122,23_74370_2_102,27.178,1,,,,new,,,TRUE,,TRUE,TRUE,,,,,,1,2,2001,4
Pinus ponderosa,9,23_74370,23_74370_2,0,122,23_74370_2_103,35.052,1,,,,new,,,TRUE,,TRUE,TRUE,,,,,,1,2,2001,4
Pinus ponderosa,9,23_74370,23_74370_2,0,122,23_74370_2_104,27.178,1,,,,new,,,TRUE,,TRUE,TRUE,,,,,,1,2,2001,4
Pseudotsuga menziesii,9,23_74370,23_74370_3,0,202,23_74370_3_107,19.304,1,,,,new,,,TRUE,,TRUE,TRUE,,,,,,1,3,2001,1
Pseudotsuga menziesii,9,23_74370,23_74370_3,0,202,23_74370_3_108,29.718,1,,,,new,,,TRUE,,TRUE,TRUE,,,,,,1,3,2001,1
Pseudotsuga menziesii,9,23_74370,23_74370_3,0,202,23_74370_3_109,27.178,1,,,,new,,,TRUE,,TRUE,TRUE,,,,,,1,3,2001,1
Pseudotsuga menziesii,9,23_74370,23_74370_3,0,202,23_74370_3_112,27.178,1,,,,new,,,TRUE,,TRUE,TRUE,,,,,,1,3,2001,1
Pseudotsuga menziesii,9,23_74370,23_74370_3,0,202,23_74370_3_113,30.48,1,,,,new,,,TRUE,,TRUE,TRUE,,,,,,1,3,2001,1
Pseudotsuga menziesii,9,23_74370,23_74370_3,0,202,23_74370_3_114,23.622,1,,,,new,,,TRUE,,TRUE,TRUE,,,,,,1,3,2001,1
Pseudotsuga menziesii,9,23_74370,23_74370_3,0,202,23_74370_3_115,37.592,1,,,,new,,,TRUE,,TRUE,TRUE,,,,,,1,3,2001,1
Pseudotsuga menziesii,9,23_74370,23_74370_3,0,202,23_74370_3_116,20.828,1,,,,new,,,TRUE,,TRUE,TRUE,,,,,,1,3,2001,1
Pseudotsuga menziesii,9,23_74370,23_74370_3,0,202,23_74370_3_117,33.02,1,,,,new,,,TRUE,,TRUE,TRUE,,,,,,1,3,2001,1
Pseudotsuga menziesii,9,23_74370,23_74370_3,0,202,23_74370_3_118,29.21,1,,,,new,,,TRUE,,TRUE,TRUE,,,,,,1,3,2001,1
Pseudotsuga menziesii,9,23_74370,23_74370_3,0,202,23_74370_3_119,24.892,1,,,,new,,,TRUE,,TRUE,TRUE,,,,,,1,3,2001,1
Pseudotsuga menziesii,9,23_74370,23_74370_3,0,202,23_74370_3_120,26.67,1,,,,new,,,TRUE,,TRUE,TRUE,,,,,,1,3,2001,1
Pseudotsuga menziesii,9,23_74370,23_74370_3,0,202,23_74370_3_121,30.226,1,,,,new,,,TRUE,,TRUE,TRUE,,,,,,1,3,2001,1
Pseudotsuga menziesii,9,23_74370,23_74370_3,0,202,23_74370_3_122,29.972,1,,,,new,,,TRUE,,TRUE,TRUE,,,,,,1,3,2001,1
Pinus ponderosa,9,23_74370,23_74370_3,0,122,23_74370_3_110,22.098,1,,,,new,,,TRUE,,TRUE,TRUE,,,,,,1,3,2001,4
Pinus ponderosa,9,23_74370,23_74370_3,0,122,23_74370_3_111,25.4,1,,,,new,,,TRUE,,TRUE,TRUE,,,,,,1,3,2001,4
Pseudotsuga menziesii,9,23_74370,23_74370_4,0,202,23_74370_4_124,22.352,1,,,,new,,,TRUE,,TRUE,TRUE,,,,,,1,4,2001,1
Pinus ponderosa,9,23_74370,23_74370_4,0,122,23_74370_4_123,23.114,1,,,,new,,,TRUE,,TRUE,TRUE,,,,,,1,4,2001,4
Pseudotsuga menziesii,10,23_80545,23_80545_1,0,202,23_80545_1_104,23.622,2,,,,dead,,,,,,TRUE,,,,,,,1,2002,1
Abies grandis,10,23_80545,23_80545_1,0,17,23_80545_1_100,23.114,1,,,,new,,,TRUE,,TRUE,TRUE,,,,,,1,1,2002,5
Abies grandis,10,23_80545,23_80545_1,0,17,23_80545_1_102,23.368,1,,,,new,,,TRUE,,TRUE,TRUE,,,,,,1,1,2002,5
Abies grandis,10,23_80545,23_80545_1,0,17,23_80545_1_105,19.304,1,,,,new,,,TRUE,,TRUE,TRUE,,,,,,1,1,2002,5
Abies grandis,10,23_80545,23_80545_1,0,17,23_80545_1_106,28.956,1,,,,new,,,TRUE,,TRUE,TRUE,,,,,,1,1,2002,5
Abies grandis,10,23_80545,23_80545_1,0,17,23_80545_1_107,21.844,1,,,,new,,,TRUE,,TRUE,TRUE,,,,,,1,1,2002,5
Abies grandis,10,23_80545,23_80545_1,0,17,23_80545_1_108,16.002,1,,,,new,,,TRUE,,TRUE,TRUE,,,,,,1,1,2002,5
Abies grandis,10,23_80545,23_80545_1,0,17,23_80545_1_109,14.478,1,,,,new,,,TRUE,,TRUE,TRUE,,,,,,1,1,2002,5
Abies grandis,10,23_80545,23_80545_1,0,17,23_80545_1_110,36.576,1,,,,new,,,TRUE,,TRUE,TRUE,,,,,,1,1,2002,5
Pinus contorta,10,23_80545,23_80545_2,0,108,23_80545_2_124,23.114,1,,,,new,,,TRUE,,TRUE,TRUE,,,,,,1,2,2002,2
Abies grandis,10,23_80545,23_80545_2,0,17,23_80545_2_117,14.986,1,,,,new,,,TRUE,,TRUE,TRUE,,,,,,1,2,2002,5
Abies grandis,10,23_80545,23_80545_2,0,17,23_80545_2_118,23.114,1,,,,new,,,TRUE,,TRUE,TRUE,,,,,,1,2,2002,5
Abies grandis,10,23_80545,23_80545_2,0,17,23_80545_2_119,14.986,1,,,,new,,,TRUE,,TRUE,TRUE,,,,,,1,2,2002,5
Abies grandis,10,23_80545,23_80545_2,0,17,23_80545_2_121,14.478,1,,,,new,,,TRUE,,TRUE,TRUE,,,,,,1,2,2002,5
Abies grandis,10,23_80545,23_80545_2,0,17,23_80545_2_122,13.208,1,,,,new,,,TRUE,,TRUE,TRUE,,,,,,1,2,2002,5
Abies grandis,10,23_80545,23_80545_2,0,17,23_80545_2_123,13.716,1,,,,new,,,TRUE,,TRUE,TRUE,,,,,,1,2,2002,5
Abies grandis,10,23_80545,23_80545_2,0,17,23_80545_2_125,19.558,1,,,,new,,,TRUE,,TRUE,TRUE,,,,,,1,2,2002,5
Abies grandis,10,23_80545,23_80545_2,0,17,23_80545_2_126,16.256,2,,,,dead,,,,,,TRUE,,,,,,,2,2002,5
Abies grandis,10,23_80545,23_80545_2,0,17,23_80545_2_127,22.606,2,,,,dead,,,,,,TRUE,,,,,,,2,2002,5
other,10,23_80545,23_80545_2,0,73,23_80545_2_120,32.512,2,,,,dead,,,,,,TRUE,,,,,,,2,2002,11
Pinus ponderosa,10,23_80545,23_80545_3,0,122,23_80545_3_131,53.34,1,,,,new,,,TRUE,,TRUE,TRUE,,,,,,1,3,2002,4
Abies grandis,10,23_80545,23_80545_3,0,17,23_80545_3_128,22.606,2,,,,dead,,,,,,TRUE,,,,,,,3,2002,5
Abies grandis,10,23_80545,23_80545_3,0,17,23_80545_3_129,23.876,1,,,,new,,,TRUE,,TRUE,TRUE,,,,,,1,3,2002,5
Abies grandis,10,23_80545,23_80545_3,0,17,23_80545_3_130,17.272,1,,,,new,,,TRUE,,TRUE,TRUE,,,,,,1,3,2002,5
Abies grandis,10,23_80545,23_80545_3,0,17,23_80545_3_132,41.402,1,,,,new,,,TRUE,,TRUE,TRUE,,,,,,1,3,2002,5
Pinus ponderosa,10,23_80545,23_80545_4,0,122,23_80545_4_135,19.05,1,,,,new,,,TRUE,,TRUE,TRUE,,,,,,1,4,2002,4
Pinus ponderosa,10,23_80545,23_80545_4,0,122,23_80545_4_136,24.638,1,,,,new,,,TRUE,,TRUE,TRUE,,,,,,1,4,2002,4
Pinus ponderosa,10,23_80545,23_80545_4,0,122,23_80545_4_137,17.272,1,,,,new,,,TRUE,,TRUE,TRUE,,,,,,1,4,2002,4
Abies grandis,10,23_80545,23_80545_4,0,17,23_80545_4_138,63.5,1,,,,new,,,TRUE,,TRUE,TRUE,,,,,,1,4,2002,5
Pinus ponderosa,11,23_89764,23_89764_1,0,122,23_89764_1_100,32.512,1,,,,new,,,TRUE,,TRUE,TRUE,,,,,,1,1,2002,4
Pinus ponderosa,11,23_89764,23_89764_1,0,122,23_89764_1_109,93.98,2,,,,dead,,,,,,TRUE,,,,,,,1,2002,4
other,11,23_89764,23_89764_1,0,64,23_89764_1_102,14.478,1,,,,new,,,TRUE,,TRUE,TRUE,,,,,,1,1,2002,11
other,11,23_89764,23_89764_1,0,64,23_89764_1_103,41.656,1,,,,new,,,TRUE,,TRUE,TRUE,,,,,,1,1,2002,11
other,11,23_89764,23_89764_1,0,64,23_89764_1_104,66.802,1,,,,new,,,TRUE,,TRUE,TRUE,,,,,,1,1,2002,11
Pinus ponderosa,11,23_89764,23_89764_2,0,122,23_89764_2_105,27.686,1,,,,new,,,TRUE,,TRUE,TRUE,,,,,,1,2,2002,4
Pinus ponderosa,11,23_89764,23_89764_2,0,122,23_89764_2_106,63.754,1,,,,new,,,TRUE,,TRUE,TRUE,,,,,,1,2,2002,4
Pinus ponderosa,11,23_89764,23_89764_2,0,122,23_89764_2_107,89.916,1,,,,new,,,TRUE,,TRUE,TRUE,,,,,,1,2,2002,4
Pinus ponderosa,11,23_89764,23_89764_3,0,122,23_89764_3_110,38.354,1,,,,new,,,TRUE,,TRUE,TRUE,,,,,,1,3,2002,4
Pinus ponderosa,11,23_89764,23_89764_3,0,122,23_89764_3_111,29.21,1,,,,new,,,TRUE,,TRUE,TRUE,,,,,,1,3,2002,4
other,11,23_89764,23_89764_3,0,64,23_89764_3_112,24.892,1,,,,new,,,TRUE,,TRUE,TRUE,,,,,,1,3,2002,11
Pinus ponderosa,11,23_89764,23_89764_4,0,122,23_89764_4_119,21.59,1,,,,new,,,TRUE,,TRUE,TRUE,,,,,,1,4,2002,4
Pinus ponderosa,11,23_89764,23_89764_4,0,122,23_89764_4_120,16.002,1,,,,new,,,TRUE,,TRUE,TRUE,,,,,,1,4,2002,4
other,11,23_89764,23_89764_4,0,64,23_89764_4_117,19.812,1,,,,new,,,TRUE,,TRUE,TRUE,,,,,,1,4,2002,11
other,11,23_89764,23_89764_4,0,475,23_89764_4_118,24.13,1,,,,new,,,TRUE,,TRUE,TRUE,,,,,,1,4,2002,11
other,11,23_89764,23_89764_4,0,475,23_89764_4_122,15.24,1,,,,new,,,TRUE,,TRUE,TRUE,,,,,,1,4,2002,11
other,11,23_89764,23_89764_4,0,475,23_89764_4_123,31.242,2,,,,dead,,,,,,TRUE,,,,,,,4,2002,11
other,11,23_89764,23_89764_4,0,64,23_89764_4_124,17.272,1,,,,new,,,TRUE,,TRUE,TRUE,,,,,,1,4,2002,11
Pinus ponderosa,12,23_91264,23_91264_1,0,122,23_91264_1_100,18.542,1,,,,new,,,TRUE,,TRUE,TRUE,,,,,,1,1,2002,4
Pinus ponderosa,12,23_91264,23_91264_1,0,122,23_91264_1_101,12.954,1,,,,new,,,TRUE,,TRUE,TRUE,,,,,,1,1,2002,4
Pinus ponderosa,12,23_91264,23_91264_1,0,122,23_91264_1_102,18.034,1,,,,new,,,TRUE,,TRUE,TRUE,,,,,,1,1,2002,4
Pinus ponderosa,12,23_91264,23_91264_1,0,122,23_91264_1_103,25.654,1,,,,new,,,TRUE,,TRUE,TRUE,,,,,,1,1,2002,4
Pinus ponderosa,12,23_91264,23_91264_1,0,122,23_91264_1_104,15.494,1,,,,new,,,TRUE,,TRUE,TRUE,,,,,,1,1,2002,4
Pinus ponderosa,12,23_91264,23_91264_1,0,122,23_91264_1_105,14.224,1,,,,new,,,TRUE,,TRUE,TRUE,,,,,,1,1,2002,4
Pinus ponderosa,12,23_91264,23_91264_2,0,122,23_91264_2_106,33.782,1,,,,new,,,TRUE,,TRUE,TRUE,,,,,,1,2,2002,4
Pinus ponderosa,12,23_91264,23_91264_2,0,122,23_91264_2_107,16.256,1,,,,new,,,TRUE,,TRUE,TRUE,,,,,,1,2,2002,4
Pinus ponderosa,12,23_91264,23_91264_2,0,122,23_91264_2_108,23.114,1,,,,new,,,TRUE,,TRUE,TRUE,,,,,,1,2,2002,4
Pinus ponderosa,12,23_91264,23_91264_2,0,122,23_91264_2_109,22.86,1,,,,new,,,TRUE,,TRUE,TRUE,,,,,,1,2,2002,4
Pinus ponderosa,12,23_91264,23_91264_2,0,122,23_91264_2_110,18.034,1,,,,new,,,TRUE,,TRUE,TRUE,,,,,,1,2,2002,4
Pinus ponderosa,12,23_91264,23_91264_2,0,122,23_91264_2_111,12.954,1,,,,new,,,TRUE,,TRUE,TRUE,,,,,,1,2,2002,4
Pinus ponderosa,12,23_91264,23_91264_2,0,122,23_91264_2_112,14.224,1,,,,new,,,TRUE,,TRUE,TRUE,,,,,,1,2,2002,4
Pinus ponderosa,12,23_91264,23_91264_2,0,122,23_91264_2_114,14.732,1,,,,new,,,TRUE,,TRUE,TRUE,,,,,,1,2,2002,4
Pinus ponderosa,12,23_91264,23_91264_2,0,122,23_91264_2_115,18.542,1,,,,new,,,TRUE,,TRUE,TRUE,,,,,,1,2,2002,4
Pinus ponderosa,12,23_91264,23_91264_2,0,122,23_91264_2_116,30.734,1,,,,new,,,TRUE,,TRUE,TRUE,,,,,,1,2,2002,4
Pinus ponderosa,12,23_91264,23_91264_3,0,122,23_91264_3_117,21.336,1,,,,new,,,TRUE,,TRUE,TRUE,,,,,,1,3,2002,4
Pinus ponderosa,12,23_91264,23_91264_3,0,122,23_91264_3_118,21.844,1,,,,new,,,TRUE,,TRUE,TRUE,,,,,,1,3,2002,4
Pinus ponderosa,12,23_91264,23_91264_3,0,122,23_91264_3_119,21.082,1,,,,new,,,TRUE,,TRUE,TRUE,,,,,,1,3,2002,4
Pinus ponderosa,12,23_91264,23_91264_3,0,122,23_91264_3_120,36.576,1,,,,new,,,TRUE,,TRUE,TRUE,,,,,,1,3,2002,4
Pinus ponderosa,12,23_91264,23_91264_3,0,122,23_91264_3_121,39.878,1,,,,new,,,TRUE,,TRUE,TRUE,,,,,,1,3,2002,4
Pinus ponderosa,12,23_91264,23_91264_3,0,122,23_91264_3_122,31.496,1,,,,new,,,TRUE,,TRUE,TRUE,,,,,,1,3,2002,4
Pinus ponderosa,12,23_91264,23_91264_3,0,122,23_91264_3_123,24.892,1,,,,new,,,TRUE,,TRUE,TRUE,,,,,,1,3,2002,4
Pinus ponderosa,12,23_91264,23_91264_3,0,122,23_91264_3_124,25.146,1,,,,new,,,TRUE,,TRUE,TRUE,,,,,,1,3,2002,4
Pinus ponderosa,12,23_91264,23_91264_3,0,122,23_91264_3_125,19.304,1,,,,new,,,TRUE,,TRUE,TRUE,,,,,,1,3,2002,4
Pinus ponderosa,12,23_91264,23_91264_3,0,122,23_91264_3_126,21.844,1,,,,new,,,TRUE,,TRUE,TRUE,,,,,,1,3,2002,4
Pinus ponderosa,12,23_91264,23_91264_3,0,122,23_91264_3_127,25.146,1,,,,new,,,TRUE,,TRUE,TRUE,,,,,,1,3,2002,4
Pinus ponderosa,12,23_91264,23_91264_3,0,122,23_91264_3_128,23.114,1,,,,new,,,TRUE,,TRUE,TRUE,,,,,,1,3,2002,4
Pinus ponderosa,12,23_91264,23_91264_4,0,122,23_91264_4_129,20.32,2,,,,dead,,,,,,TRUE,,,,,,,4,2002,4
Pinus ponderosa,12,23_91264,23_91264_4,0,122,23_91264_4_130,33.274,1,,,,new,,,TRUE,,TRUE,TRUE,,,,,,1,4,2002,4
Pinus ponderosa,12,23_91264,23_91264_4,0,122,23_91264_4_131,21.082,1,,,,new,,,TRUE,,TRUE,TRUE,,,,,,1,4,2002,4
Pinus ponderosa,12,23_91264,23_91264_4,0,122,23_91264_4_132,16.764,2,,,,dead,,,,,,TRUE,,,,,,,4,2002,4
Pinus ponderosa,12,23_91264,23_91264_4,0,122,23_91264_4_133,19.812,1,,,,new,,,TRUE,,TRUE,TRUE,,,,,,1,4,2002,4
Pinus ponderosa,12,23_91264,23_91264_4,0,122,23_91264_4_134,80.264,2,,,,dead,,,,,,TRUE,,,,,,,4,2002,4
Pseudotsuga menziesii,13,25_86956,25_86956_1,0,202,25_86956_1_103,68.072,1,,,,new,,,TRUE,,TRUE,TRUE,,,,,,1,1,2001,1
Pinus ponderosa,13,25_86956,25_86956_1,0,122,25_86956_1_100,50.8,1,,,,new,,,TRUE,,TRUE,TRUE,,,,,,1,1,2001,4
Pinus ponderosa,13,25_86956,25_86956_1,0,122,25_86956_1_101,82.296,1,,,,new,,,TRUE,,TRUE,TRUE,,,,,,1,1,2001,4
Pinus ponderosa,13,25_86956,25_86956_1,0,122,25_86956_1_102,70.358,1,,,,new,,,TRUE,,TRUE,TRUE,,,,,,1,1,2001,4
Pinus ponderosa,13,25_86956,25_86956_1,0,122,25_86956_1_104,68.326,1,,,,new,,,TRUE,,TRUE,TRUE,,,,,,1,1,2001,4
Pinus ponderosa,13,25_86956,25_86956_2,0,122,25_86956_2_110,67.564,1,,,,new,,,TRUE,,TRUE,TRUE,,,,,,1,2,2001,4
Pinus ponderosa,13,25_86956,25_86956_2,0,122,25_86956_2_111,67.818,1,,,,new,,,TRUE,,TRUE,TRUE,,,,,,1,2,2001,4
Pinus ponderosa,13,25_86956,25_86956_2,0,122,25_86956_2_112,64.008,1,,,,new,,,TRUE,,TRUE,TRUE,,,,,,1,2,2001,4
other,13,25_86956,25_86956_2,0,475,25_86956_2_107,23.368,1,,,,new,,,TRUE,,TRUE,TRUE,,,,,,1,2,2001,11
other,13,25_86956,25_86956_2,0,475,25_86956_2_108,15.494,1,,,,new,,,TRUE,,TRUE,TRUE,,,,,,1,2,2001,11
other,13,25_86956,25_86956_2,0,475,25_86956_2_109,21.336,1,,,,new,,,TRUE,,TRUE,TRUE,,,,,,1,2,2001,11
Pinus ponderosa,13,25_86956,25_86956_3,0,122,25_86956_3_125,75.438,2,,,,dead,,,,,,TRUE,,,,,,,3,2001,4
Pseudotsuga menziesii,13,25_86956,25_86956_4,0,202,25_86956_4_118,19.558,1,,,,new,,,TRUE,,TRUE,TRUE,,,,,,1,4,2001,1
Pseudotsuga menziesii,13,25_86956,25_86956_4,0,202,25_86956_4_119,42.926,1,,,,new,,,TRUE,,TRUE,TRUE,,,,,,1,4,2001,1
Pseudotsuga menziesii,13,25_86956,25_86956_4,0,202,25_86956_4_121,41.656,1,,,,new,,,TRUE,,TRUE,TRUE,,,,,,1,4,2001,1
Pinus ponderosa,13,25_86956,25_86956_4,0,122,25_86956_4_114,18.288,1,,,,new,,,TRUE,,TRUE,TRUE,,,,,,1,4,2001,4
Pinus ponderosa,13,25_86956,25_86956_4,0,122,25_86956_4_115,41.402,1,,,,new,,,TRUE,,TRUE,TRUE,,,,,,1,4,2001,4
Pinus ponderosa,13,25_86956,25_86956_4,0,122,25_86956_4_116,45.212,1,,,,new,,,TRUE,,TRUE,TRUE,,,,,,1,4,2001,4
Pinus ponderosa,13,25_86956,25_86956_4,0,122,25_86956_4_117,33.274,1,,,,new,,,TRUE,,TRUE,TRUE,,,,,,1,4,2001,4
Pinus ponderosa,13,25_86956,25_86956_4,0,122,25_86956_4_120,39.624,1,,,,new,,,TRUE,,TRUE,TRUE,,,,,,1,4,2001,4
Pinus ponderosa,13,25_86956,25_86956_4,0,122,25_86956_4_122,32.258,1,,,,new,,,TRUE,,TRUE,TRUE,,,,,,1,4,2001,4
Pinus ponderosa,13,25_86956,25_86956_4,0,122,25_86956_4_123,62.738,1,,,,new,,,TRUE,,TRUE,TRUE,,,,,,1,4,2001,4
other,14,29_62548,29_62548_1,0,119,29_62548_1_100,134.366,2,,,,dead,,,,,,TRUE,,,,,,,1,2001,11
other,14,29_62548,29_62548_1,0,119,29_62548_1_101,95.758,2,,,,dead,,,,,,TRUE,,,,,,,1,2001,11
other,14,29_62548,29_62548_1,0,119,29_62548_1_102,85.09,2,,,,dead,,,,,,TRUE,,,,,,,1,2001,11
other,14,29_62548,29_62548_1,0,119,29_62548_1_103,130.81,1,,,,new,,,TRUE,,TRUE,TRUE,,,,,,1,1,2001,11
other,14,29_62548,29_62548_1,0,119,29_62548_1_104,110.236,1,,,,new,,,TRUE,,TRUE,TRUE,,,,,,1,1,2001,11
Abies concolor,14,29_62548,29_62548_2,0,15,29_62548_2_106,19.304,1,,,,new,,,TRUE,,TRUE,TRUE,,,,,,1,2,2001,3
Abies concolor,14,29_62548,29_62548_2,0,15,29_62548_2_107,13.97,1,,,,new,,,TRUE,,TRUE,TRUE,,,,,,1,2,2001,3
Abies concolor,14,29_62548,29_62548_2,0,15,29_62548_2_108,15.494,1,,,,new,,,TRUE,,TRUE,TRUE,,,,,,1,2,2001,3
Abies concolor,14,29_62548,29_62548_2,0,15,29_62548_2_109,23.876,1,,,,new,,,TRUE,,TRUE,TRUE,,,,,,1,2,2001,3
Abies concolor,14,29_62548,29_62548_2,0,15,29_62548_2_110,19.05,1,,,,new,,,TRUE,,TRUE,TRUE,,,,,,1,2,2001,3
other,14,29_62548,29_62548_2,0,119,29_62548_2_105,97.028,2,,,,dead,,,,,,TRUE,,,,,,,2,2001,11
other,14,29_62548,29_62548_2,0,119,29_62548_2_111,135.636,2,,,,dead,,,,,,TRUE,,,,,,,2,2001,11
other,14,29_62548,29_62548_2,0,119,29_62548_2_112,97.028,1,,,,new,,,TRUE,,TRUE,TRUE,,,,,,1,2,2001,11
other,14,29_62548,29_62548_2,0,119,29_62548_2_113,129.794,2,,,,dead,,,,,,TRUE,,,,,,,2,2001,11
other,14,29_62548,29_62548_3,0,19,29_62548_3_114,82.296,1,,,,new,,,TRUE,,TRUE,TRUE,,,,,,1,3,2001,11
other,14,29_62548,29_62548_4,0,21,29_62548_4_117,54.356,1,,,,new,,,TRUE,,TRUE,TRUE,,,,,,1,4,2001,11
other,14,29_62548,29_62548_4,0,119,29_62548_4_118,168.402,1,,,,new,,,TRUE,,TRUE,TRUE,,,,,,1,4,2001,11
Abies concolor,15,29_71307,29_71307_1,0,15,29_71307_1_100,61.468,2,,,,dead,,,,,,TRUE,,,,,,,1,2001,3
Abies concolor,15,29_71307,29_71307_1,0,15,29_71307_1_101,63.5,1,,,,new,,,TRUE,,TRUE,TRUE,,,,,,1,1,2001,3
Pseudotsuga menziesii,15,29_71307,29_71307_2,0,202,29_71307_2_108,31.75,1,,,,new,,,TRUE,,TRUE,TRUE,,,,,,1,2,2001,1
Pseudotsuga menziesii,15,29_71307,29_71307_2,0,202,29_71307_2_109,35.052,1,,,,new,,,TRUE,,TRUE,TRUE,,,,,,1,2,2001,1
Pseudotsuga menziesii,15,29_71307,29_71307_2,0,202,29_71307_2_110,18.288,1,,,,new,,,TRUE,,TRUE,TRUE,,,,,,1,2,2001,1
Pinus ponderosa,15,29_71307,29_71307_2,0,122,29_71307_2_107,32.258,1,,,,new,,,TRUE,,TRUE,TRUE,,,,,,1,2,2001,4
Pseudotsuga menziesii,15,29_71307,29_71307_3,0,202,29_71307_3_135,23.622,1,,,,new,,,TRUE,,TRUE,TRUE,,,,,,1,3,2001,1
Pseudotsuga menziesii,15,29_71307,29_71307_3,0,202,29_71307_3_136,14.478,1,,,,new,,,TRUE,,TRUE,TRUE,,,,,,1,3,2001,1
Pseudotsuga menziesii,15,29_71307,29_71307_3,0,202,29_71307_3_139,36.83,1,,,,new,,,TRUE,,TRUE,TRUE,,,,,,1,3,2001,1
Abies concolor,15,29_71307,29_71307_3,0,15,29_71307_3_133,24.384,1,,,,new,,,TRUE,,TRUE,TRUE,,,,,,1,3,2001,3
Abies concolor,15,29_71307,29_71307_3,0,15,29_71307_3_134,28.702,1,,,,new,,,TRUE,,TRUE,TRUE,,,,,,1,3,2001,3
Pinus ponderosa,15,29_71307,29_71307_3,0,122,29_71307_3_138,33.782,1,,,,new,,,TRUE,,TRUE,TRUE,,,,,,1,3,2001,4
Arbutus menziesii,15,29_71307,29_71307_3,0,361,29_71307_3_137,25.654,1,,,,new,,,TRUE,,TRUE,TRUE,,,,,,1,3,2001,8
Pseudotsuga menziesii,15,29_71307,29_71307_4,0,202,29_71307_4_114,35.052,1,,,,new,,,TRUE,,TRUE,TRUE,,,,,,1,4,2001,1
Pseudotsuga menziesii,15,29_71307,29_71307_4,0,202,29_71307_4_116,30.226,1,,,,new,,,TRUE,,TRUE,TRUE,,,,,,1,4,2001,1
Pseudotsuga menziesii,15,29_71307,29_71307_4,0,202,29_71307_4_118,16.764,1,,,,new,,,TRUE,,TRUE,TRUE,,,,,,1,4,2001,1
Pseudotsuga menziesii,15,29_71307,29_71307_4,0,202,29_71307_4_119,20.574,1,,,,new,,,TRUE,,TRUE,TRUE,,,,,,1,4,2001,1
Pseudotsuga menziesii,15,29_71307,29_71307_4,0,202,29_71307_4_120,18.288,1,,,,new,,,TRUE,,TRUE,TRUE,,,,,,1,4,2001,1
Pseudotsuga menziesii,15,29_71307,29_71307_4,0,202,29_71307_4_121,18.796,1,,,,new,,,TRUE,,TRUE,TRUE,,,,,,1,4,2001,1
Pseudotsuga menziesii,15,29_71307,29_71307_4,0,202,29_71307_4_122,13.716,1,,,,new,,,TRUE,,TRUE,TRUE,,,,,,1,4,2001,1
Pseudotsuga menziesii,15,29_71307,29_71307_4,0,202,29_71307_4_127,14.224,1,,,,new,,,TRUE,,TRUE,TRUE,,,,,,1,4,2001,1
Pseudotsuga menziesii,15,29_71307,29_71307_4,0,202,29_71307_4_128,18.796,1,,,,new,,,TRUE,,TRUE,TRUE,,,,,,1,4,2001,1
Pseudotsuga menziesii,15,29_71307,29_71307_4,0,202,29_71307_4_129,18.542,1,,,,new,,,TRUE,,TRUE,TRUE,,,,,,1,4,2001,1
Pseudotsuga menziesii,15,29_71307,29_71307_4,0,202,29_71307_4_130,29.21,1,,,,new,,,TRUE,,TRUE,TRUE,,,,,,1,4,2001,1
Pseudotsuga menziesii,15,29_71307,29_71307_4,0,202,29_71307_4_131,25.146,1,,,,new,,,TRUE,,TRUE,TRUE,,,,,,1,4,2001,1
Abies concolor,15,29_71307,29_71307_4,0,15,29_71307_4_113,14.478,1,,,,new,,,TRUE,,TRUE,TRUE,,,,,,1,4,2001,3
Abies concolor,15,29_71307,29_71307_4,0,15,29_71307_4_115,13.97,1,,,,new,,,TRUE,,TRUE,TRUE,,,,,,1,4,2001,3
Abies concolor,15,29_71307,29_71307_4,0,15,29_71307_4_123,16.764,1,,,,new,,,TRUE,,TRUE,TRUE,,,,,,1,4,2001,3
Abies concolor,15,29_71307,29_71307_4,0,15,29_71307_4_126,13.97,1,,,,new,,,TRUE,,TRUE,TRUE,,,,,,1,4,2001,3
Pinus ponderosa,15,29_71307,29_71307_4,0,122,29_71307_4_117,89.408,1,,,,new,,,TRUE,,TRUE,TRUE,,,,,,1,4,2001,4
Pinus ponderosa,15,29_71307,29_71307_4,0,122,29_71307_4_125,93.726,2,,,,dead,,,,,,TRUE,,,,,,,4,2001,4
Pinus ponderosa,15,29_71307,29_71307_4,0,122,29_71307_4_132,87.63,1,,,,new,,,TRUE,,TRUE,TRUE,,,,,,1,4,2001,4
other,15,29_71307,29_71307_4,0,431,29_71307_4_124,13.97,2,,,,dead,,,,,,TRUE,,,,,,,4,2001,11
Pseudotsuga menziesii,16,29_78063,29_78063_1,0,202,29_78063_1_103,12.954,1,,,,new,,,TRUE,,TRUE,TRUE,,,,,,1,1,2002,1
Pseudotsuga menziesii,16,29_78063,29_78063_1,0,202,29_78063_1_105,36.068,1,,,,new,,,TRUE,,TRUE,TRUE,,,,,,1,1,2002,1
Pseudotsuga menziesii,16,29_78063,29_78063_1,0,202,29_78063_1_109,19.05,1,,,,new,,,TRUE,,TRUE,TRUE,,,,,,1,1,2002,1
Pinus ponderosa,16,29_78063,29_78063_1,0,122,29_78063_1_108,27.178,1,,,,new,,,TRUE,,TRUE,TRUE,,,,,,1,1,2002,4
Pinus ponderosa,16,29_78063,29_78063_1,0,122,29_78063_1_112,16.764,1,,,,new,,,TRUE,,TRUE,TRUE,,,,,,1,1,2002,4
Arbutus menziesii,16,29_78063,29_78063_1,0,361,29_78063_1_100,17.272,1,,,,new,,,TRUE,,TRUE,TRUE,,,,,,1,1,2002,8
Arbutus menziesii,16,29_78063,29_78063_1,0,361,29_78063_1_101,14.986,1,,,,new,,,TRUE,,TRUE,TRUE,,,,,,1,1,2002,8
Arbutus menziesii,16,29_78063,29_78063_1,0,361,29_78063_1_102,16.256,2,,,,dead,,,,,,TRUE,,,,,,,1,2002,8
Arbutus menziesii,16,29_78063,29_78063_1,0,361,29_78063_1_104,15.748,1,,,,new,,,TRUE,,TRUE,TRUE,,,,,,1,1,2002,8
Arbutus menziesii,16,29_78063,29_78063_1,0,361,29_78063_1_106,15.494,1,,,,new,,,TRUE,,TRUE,TRUE,,,,,,1,1,2002,8
Arbutus menziesii,16,29_78063,29_78063_1,0,361,29_78063_1_107,17.272,1,,,,new,,,TRUE,,TRUE,TRUE,,,,,,1,1,2002,8
Arbutus menziesii,16,29_78063,29_78063_1,0,361,29_78063_1_111,14.478,2,,,,dead,,,,,,TRUE,,,,,,,1,2002,8
other,16,29_78063,29_78063_1,0,81,29_78063_1_110,21.59,1,,,,new,,,TRUE,,TRUE,TRUE,,,,,,1,1,2002,11
Pinus ponderosa,16,29_78063,29_78063_2,0,122,29_78063_2_114,96.012,1,,,,new,,,TRUE,,TRUE,TRUE,,,,,,1,2,2002,4
Pinus ponderosa,16,29_78063,29_78063_2,0,122,29_78063_2_115,73.66,1,,,,new,,,TRUE,,TRUE,TRUE,,,,,,1,2,2002,4
Pseudotsuga menziesii,16,29_78063,29_78063_3,0,202,29_78063_3_116,44.704,1,,,,new,,,TRUE,,TRUE,TRUE,,,,,,1,3,2002,1
Pseudotsuga menziesii,16,29_78063,29_78063_3,0,202,29_78063_3_117,50.038,1,,,,new,,,TRUE,,TRUE,TRUE,,,,,,1,3,2002,1
Pseudotsuga menziesii,16,29_78063,29_78063_3,0,202,29_78063_3_119,42.164,1,,,,new,,,TRUE,,TRUE,TRUE,,,,,,1,3,2002,1
Arbutus menziesii,16,29_78063,29_78063_3,0,361,29_78063_3_118,20.066,1,,,,new,,,TRUE,,TRUE,TRUE,,,,,,1,3,2002,8
other,16,29_78063,29_78063_3,0,81,29_78063_3_120,81.788,1,,,,new,,,TRUE,,TRUE,TRUE,,,,,,1,3,2002,11
Pseudotsuga menziesii,16,29_78063,29_78063_4,0,202,29_78063_4_124,15.494,1,,,,new,,,TRUE,,TRUE,TRUE,,,,,,1,4,2002,1
Pseudotsuga menziesii,16,29_78063,29_78063_4,0,202,29_78063_4_125,44.704,1,,,,new,,,TRUE,,TRUE,TRUE,,,,,,1,4,2002,1
Pseudotsuga menziesii,16,29_78063,29_78063_4,0,202,29_78063_4_127,34.798,1,,,,new,,,TRUE,,TRUE,TRUE,,,,,,1,4,2002,1
Pseudotsuga menziesii,16,29_78063,29_78063_4,0,202,29_78063_4_128,17.526,1,,,,new,,,TRUE,,TRUE,TRUE,,,,,,1,4,2002,1
Pseudotsuga menziesii,16,29_78063,29_78063_4,0,202,29_78063_4_130,15.494,1,,,,new,,,TRUE,,TRUE,TRUE,,,,,,1,4,2002,1
Pseudotsuga menziesii,16,29_78063,29_78063_4,0,202,29_78063_4_131,21.336,1,,,,new,,,TRUE,,TRUE,TRUE,,,,,,1,4,2002,1
Pseudotsuga menziesii,16,29_78063,29_78063_4,0,202,29_78063_4_132,19.304,1,,,,new,,,TRUE,,TRUE,TRUE,,,,,,1,4,2002,1
Pseudotsuga menziesii,16,29_78063,29_78063_4,0,202,29_78063_4_133,14.986,1,,,,new,,,TRUE,,TRUE,TRUE,,,,,,1,4,2002,1
Pseudotsuga menziesii,16,29_78063,29_78063_4,0,202,29_78063_4_134,13.208,1,,,,new,,,TRUE,,TRUE,TRUE,,,,,,1,4,2002,1
Arbutus menziesii,16,29_78063,29_78063_4,0,361,29_78063_4_121,17.526,1,,,,new,,,TRUE,,TRUE,TRUE,,,,,,1,4,2002,8
Arbutus menziesii,16,29_78063,29_78063_4,0,361,29_78063_4_122,17.78,1,,,,new,,,TRUE,,TRUE,TRUE,,,,,,1,4,2002,8
Arbutus menziesii,16,29_78063,29_78063_4,0,361,29_78063_4_126,17.526,1,,,,new,,,TRUE,,TRUE,TRUE,,,,,,1,4,2002,8
other,16,29_78063,29_78063_4,0,81,29_78063_4_123,15.24,1,,,,new,,,TRUE,,TRUE,TRUE,,,,,,1,4,2002,11
other,16,29_78063,29_78063_4,0,81,29_78063_4_135,49.022,1,,,,new,,,TRUE,,TRUE,TRUE,,,,,,1,4,2002,11
Pseudotsuga menziesii,17,29_78382,29_78382_1,0,202,29_78382_1_100,35.052,1,,,,new,,,TRUE,,TRUE,TRUE,,,,,,1,1,2002,1
Pseudotsuga menziesii,17,29_78382,29_78382_1,0,202,29_78382_1_102,25.4,1,,,,new,,,TRUE,,TRUE,TRUE,,,,,,1,1,2002,1
Pseudotsuga menziesii,17,29_78382,29_78382_1,0,202,29_78382_1_105,52.832,1,,,,new,,,TRUE,,TRUE,TRUE,,,,,,1,1,2002,1
Pseudotsuga menziesii,17,29_78382,29_78382_1,0,202,29_78382_1_106,51.054,1,,,,new,,,TRUE,,TRUE,TRUE,,,,,,1,1,2002,1
Abies concolor,17,29_78382,29_78382_1,0,15,29_78382_1_103,55.118,1,,,,new,,,TRUE,,TRUE,TRUE,,,,,,1,1,2002,3
Abies concolor,17,29_78382,29_78382_1,0,15,29_78382_1_104,29.21,1,,,,new,,,TRUE,,TRUE,TRUE,,,,,,1,1,2002,3
other,17,29_78382,29_78382_1,0,81,29_78382_1_101,20.574,1,,,,new,,,TRUE,,TRUE,TRUE,,,,,,1,1,2002,11
Pseudotsuga menziesii,17,29_78382,29_78382_2,0,202,29_78382_2_110,21.844,1,,,,new,,,TRUE,,TRUE,TRUE,,,,,,1,2,2002,1
Pseudotsuga menziesii,17,29_78382,29_78382_2,0,202,29_78382_2_111,60.96,1,,,,new,,,TRUE,,TRUE,TRUE,,,,,,1,2,2002,1
Pseudotsuga menziesii,17,29_78382,29_78382_2,0,202,29_78382_2_112,42.418,1,,,,new,,,TRUE,,TRUE,TRUE,,,,,,1,2,2002,1
Pseudotsuga menziesii,17,29_78382,29_78382_2,0,202,29_78382_2_113,18.542,1,,,,new,,,TRUE,,TRUE,TRUE,,,,,,1,2,2002,1
Pseudotsuga menziesii,17,29_78382,29_78382_2,0,202,29_78382_2_114,49.276,1,,,,new,,,TRUE,,TRUE,TRUE,,,,,,1,2,2002,1
Pseudotsuga menziesii,17,29_78382,29_78382_2,0,202,29_78382_2_115,28.702,1,,,,new,,,TRUE,,TRUE,TRUE,,,,,,1,2,2002,1
Pseudotsuga menziesii,17,29_78382,29_78382_2,0,202,29_78382_2_117,13.97,1,,,,new,,,TRUE,,TRUE,TRUE,,,,,,1,2,2002,1
Pseudotsuga menziesii,17,29_78382,29_78382_2,0,202,29_78382_2_118,49.276,1,,,,new,,,TRUE,,TRUE,TRUE,,,,,,1,2,2002,1
Pseudotsuga menziesii,17,29_78382,29_78382_2,0,202,29_78382_2_119,57.912,1,,,,new,,,TRUE,,TRUE,TRUE,,,,,,1,2,2002,1
Pinus ponderosa,17,29_78382,29_78382_2,0,122,29_78382_2_116,32.004,1,,,,new,,,TRUE,,TRUE,TRUE,,,,,,1,2,2002,4
Pseudotsuga menziesii,17,29_78382,29_78382_3,0,202,29_78382_3_124,29.718,1,,,,new,,,TRUE,,TRUE,TRUE,,,,,,1,3,2002,1
Pseudotsuga menziesii,17,29_78382,29_78382_3,0,202,29_78382_3_125,19.558,1,,,,new,,,TRUE,,TRUE,TRUE,,,,,,1,3,2002,1
Pseudotsuga menziesii,17,29_78382,29_78382_3,0,202,29_78382_3_127,24.892,1,,,,new,,,TRUE,,TRUE,TRUE,,,,,,1,3,2002,1
Abies concolor,17,29_78382,29_78382_3,0,15,29_78382_3_120,24.892,1,,,,new,,,TRUE,,TRUE,TRUE,,,,,,1,3,2002,3
Abies concolor,17,29_78382,29_78382_3,0,15,29_78382_3_126,12.954,2,,,,dead,,,,,,TRUE,,,,,,,3,2002,3
Pinus ponderosa,17,29_78382,29_78382_3,0,122,29_78382_3_121,66.04,2,,,,dead,,,,,,TRUE,,,,,,,3,2002,4
other,17,29_78382,29_78382_3,0,431,29_78382_3_122,13.716,1,,,,new,,,TRUE,,TRUE,TRUE,,,,,,1,3,2002,11
other,17,29_78382,29_78382_3,0,81,29_78382_3_128,78.486,1,,,,new,,,TRUE,,TRUE,TRUE,,,,,,1,3,2002,11
other,17,29_78382,29_78382_3,0,431,29_78382_3_129,20.32,1,,,,new,,,TRUE,,TRUE,TRUE,,,,,,1,3,2002,11
other,17,29_78382,29_78382_3,0,431,29_78382_3_130,20.066,1,,,,new,,,TRUE,,TRUE,TRUE,,,,,,1,3,2002,11
other,17,29_78382,29_78382_3,0,431,29_78382_3_131,17.526,1,,,,new,,,TRUE,,TRUE,TRUE,,,,,,1,3,2002,11
Pseudotsuga menziesii,17,29_78382,29_78382_4,0,202,29_78382_4_133,28.194,1,,,,new,,,TRUE,,TRUE,TRUE,,,,,,1,4,2002,1
Pseudotsuga menziesii,17,29_78382,29_78382_4,0,202,29_78382_4_134,19.05,1,,,,new,,,TRUE,,TRUE,TRUE,,,,,,1,4,2002,1
Pseudotsuga menziesii,17,29_78382,29_78382_4,0,202,29_78382_4_135,28.956,1,,,,new,,,TRUE,,TRUE,TRUE,,,,,,1,4,2002,1
Pseudotsuga menziesii,17,29_78382,29_78382_4,0,202,29_78382_4_136,43.688,1,,,,new,,,TRUE,,TRUE,TRUE,,,,,,1,4,2002,1
Pseudotsuga menziesii,17,29_78382,29_78382_4,0,202,29_78382_4_137,49.53,1,,,,new,,,TRUE,,TRUE,TRUE,,,,,,1,4,2002,1
Pseudotsuga menziesii,17,29_78382,29_78382_4,0,202,29_78382_4_138,94.488,1,,,,new,,,TRUE,,TRUE,TRUE,,,,,,1,4,2002,1
Abies concolor,17,29_78382,29_78382_4,0,15,29_78382_4_132,20.066,1,,,,new,,,TRUE,,TRUE,TRUE,,,,,,1,4,2002,3
Abies concolor,17,29_78382,29_78382_4,0,15,29_78382_4_139,13.97,1,,,,new,,,TRUE,,TRUE,TRUE,,,,,,1,4,2002,3
Pseudotsuga menziesii,18,29_78920,29_78920_1,0,202,29_78920_1_103,66.802,1,,,,new,,,TRUE,,TRUE,TRUE,,,,,,1,1,2002,1
Pseudotsuga menziesii,18,29_78920,29_78920_1,0,202,29_78920_1_104,47.498,1,,,,new,,,TRUE,,TRUE,TRUE,,,,,,1,1,2002,1
Pseudotsuga menziesii,18,29_78920,29_78920_1,0,202,29_78920_1_105,34.29,1,,,,new,,,TRUE,,TRUE,TRUE,,,,,,1,1,2002,1
Pseudotsuga menziesii,18,29_78920,29_78920_1,0,202,29_78920_1_106,59.182,1,,,,new,,,TRUE,,TRUE,TRUE,,,,,,1,1,2002,1
Pseudotsuga menziesii,18,29_78920,29_78920_1,0,202,29_78920_1_107,42.672,1,,,,new,,,TRUE,,TRUE,TRUE,,,,,,1,1,2002,1
Pseudotsuga menziesii,18,29_78920,29_78920_1,0,202,29_78920_1_108,26.924,1,,,,new,,,TRUE,,TRUE,TRUE,,,,,,1,1,2002,1
Pseudotsuga menziesii,18,29_78920,29_78920_1,0,202,29_78920_1_109,22.86,1,,,,new,,,TRUE,,TRUE,TRUE,,,,,,1,1,2002,1
Pseudotsuga menziesii,18,29_78920,29_78920_1,0,202,29_78920_1_110,60.96,1,,,,new,,,TRUE,,TRUE,TRUE,,,,,,1,1,2002,1
Arbutus menziesii,18,29_78920,29_78920_1,0,361,29_78920_1_100,21.59,1,,,,new,,,TRUE,,TRUE,TRUE,,,,,,1,1,2002,8
Arbutus menziesii,18,29_78920,29_78920_1,0,361,29_78920_1_101,30.734,1,,,,new,,,TRUE,,TRUE,TRUE,,,,,,1,1,2002,8
Arbutus menziesii,18,29_78920,29_78920_1,0,361,29_78920_1_102,15.748,2,,,,dead,,,,,,TRUE,,,,,,,1,2002,8
Pseudotsuga menziesii,18,29_78920,29_78920_2,0,202,29_78920_2_138,24.638,1,,,,new,,,TRUE,,TRUE,TRUE,,,,,,1,2,2002,1
Pseudotsuga menziesii,18,29_78920,29_78920_2,0,202,29_78920_2_139,52.832,1,,,,new,,,TRUE,,TRUE,TRUE,,,,,,1,2,2002,1
Pseudotsuga menziesii,18,29_78920,29_78920_2,0,202,29_78920_2_140,67.564,1,,,,new,,,TRUE,,TRUE,TRUE,,,,,,1,2,2002,1
Pseudotsuga menziesii,18,29_78920,29_78920_2,0,202,29_78920_2_143,40.132,1,,,,new,,,TRUE,,TRUE,TRUE,,,,,,1,2,2002,1
Pseudotsuga menziesii,18,29_78920,29_78920_2,0,202,29_78920_2_144,35.052,1,,,,new,,,TRUE,,TRUE,TRUE,,,,,,1,2,2002,1
Arbutus menziesii,18,29_78920,29_78920_2,0,361,29_78920_2_141,17.526,2,,,,dead,,,,,,TRUE,,,,,,,2,2002,8
Arbutus menziesii,18,29_78920,29_78920_2,0,361,29_78920_2_142,30.734,1,,,,new,,,TRUE,,TRUE,TRUE,,,,,,1,2,2002,8
Pseudotsuga menziesii,18,29_78920,29_78920_3,0,202,29_78920_3_121,68.326,1,,,,new,,,TRUE,,TRUE,TRUE,,,,,,1,3,2002,1
Pseudotsuga menziesii,18,29_78920,29_78920_3,0,202,29_78920_3_135,38.1,1,,,,new,,,TRUE,,TRUE,TRUE,,,,,,1,3,2002,1
Arbutus menziesii,18,29_78920,29_78920_3,0,361,29_78920_3_118,22.352,1,,,,new,,,TRUE,,TRUE,TRUE,,,,,,1,3,2002,8
Arbutus menziesii,18,29_78920,29_78920_3,0,361,29_78920_3_119,14.986,1,,,,new,,,TRUE,,TRUE,TRUE,,,,,,1,3,2002,8
Arbutus menziesii,18,29_78920,29_78920_3,0,361,29_78920_3_120,17.018,1,,,,new,,,TRUE,,TRUE,TRUE,,,,,,1,3,2002,8
Arbutus menziesii,18,29_78920,29_78920_3,0,361,29_78920_3_122,12.954,1,,,,new,,,TRUE,,TRUE,TRUE,,,,,,1,3,2002,8
Arbutus menziesii,18,29_78920,29_78920_3,0,361,29_78920_3_123,13.208,2,,,,dead,,,,,,TRUE,,,,,,,3,2002,8
Arbutus menziesii,18,29_78920,29_78920_3,0,361,29_78920_3_124,14.732,1,,,,new,,,TRUE,,TRUE,TRUE,,,,,,1,3,2002,8
Arbutus menziesii,18,29_78920,29_78920_3,0,361,29_78920_3_125,16.256,1,,,,new,,,TRUE,,TRUE,TRUE,,,,,,1,3,2002,8
Arbutus menziesii,18,29_78920,29_78920_3,0,361,29_78920_3_126,17.272,1,,,,new,,,TRUE,,TRUE,TRUE,,,,,,1,3,2002,8
Arbutus menziesii,18,29_78920,29_78920_3,0,361,29_78920_3_127,17.018,1,,,,new,,,TRUE,,TRUE,TRUE,,,,,,1,3,2002,8
Arbutus menziesii,18,29_78920,29_78920_3,0,361,29_78920_3_128,14.732,1,,,,new,,,TRUE,,TRUE,TRUE,,,,,,1,3,2002,8
Arbutus menziesii,18,29_78920,29_78920_3,0,361,29_78920_3_129,16.51,1,,,,new,,,TRUE,,TRUE,TRUE,,,,,,1,3,2002,8
Arbutus menziesii,18,29_78920,29_78920_3,0,361,29_78920_3_130,19.558,1,,,,new,,,TRUE,,TRUE,TRUE,,,,,,1,3,2002,8
Arbutus menziesii,18,29_78920,29_78920_3,0,361,29_78920_3_131,25.654,1,,,,new,,,TRUE,,TRUE,TRUE,,,,,,1,3,2002,8
Arbutus menziesii,18,29_78920,29_78920_3,0,361,29_78920_3_132,13.208,2,,,,dead,,,,,,TRUE,,,,,,,3,2002,8
Arbutus menziesii,18,29_78920,29_78920_3,0,361,29_78920_3_133,17.018,1,,,,new,,,TRUE,,TRUE,TRUE,,,,,,1,3,2002,8
Arbutus menziesii,18,29_78920,29_78920_3,0,361,29_78920_3_134,24.892,1,,,,new,,,TRUE,,TRUE,TRUE,,,,,,1,3,2002,8
Pseudotsuga menziesii,18,29_78920,29_78920_4,0,202,29_78920_4_115,69.342,1,,,,new,,,TRUE,,TRUE,TRUE,,,,,,1,4,2002,1
Pseudotsuga menziesii,18,29_78920,29_78920_4,0,202,29_78920_4_117,47.752,1,,,,new,,,TRUE,,TRUE,TRUE,,,,,,1,4,2002,1
Arbutus menziesii,18,29_78920,29_78920_4,0,361,29_78920_4_111,18.796,2,,,,dead,,,,,,TRUE,,,,,,,4,2002,8
Arbutus menziesii,18,29_78920,29_78920_4,0,361,29_78920_4_112,16.51,1,,,,new,,,TRUE,,TRUE,TRUE,,,,,,1,4,2002,8
Arbutus menziesii,18,29_78920,29_78920_4,0,361,29_78920_4_113,15.494,2,,,,dead,,,,,,TRUE,,,,,,,4,2002,8
Arbutus menziesii,18,29_78920,29_78920_4,0,361,29_78920_4_114,41.402,1,,,,new,,,TRUE,,TRUE,TRUE,,,,,,1,4,2002,8
Arbutus menziesii,18,29_78920,29_78920_4,0,361,29_78920_4_116,26.924,1,,,,new,,,TRUE,,TRUE,TRUE,,,,,,1,4,2002,8
Pseudotsuga menziesii,19,29_95199,29_95199_1,0,202,29_95199_1_101,17.272,1,,,,new,,,TRUE,,TRUE,TRUE,,,,,,1,1,2001,1
Pseudotsuga menziesii,19,29_95199,29_95199_2,0,202,29_95199_2_106,39.878,1,,,,new,,,TRUE,,TRUE,TRUE,,,,,,1,2,2001,1
Pinus ponderosa,19,29_95199,29_95199_2,0,122,29_95199_2_109,19.812,1,,,,new,,,TRUE,,TRUE,TRUE,,,,,,1,2,2001,4
other,19,29_95199,29_95199_2,0,81,29_95199_2_108,14.224,1,,,,new,,,TRUE,,TRUE,TRUE,,,,,,1,2,2001,11
Pinus ponderosa,19,29_95199,29_95199_3,0,122,29_95199_3_111,84.582,1,,,,new,,,TRUE,,TRUE,TRUE,,,,,,1,3,2001,4
Pseudotsuga menziesii,19,29_95199,29_95199_4,0,202,29_95199_4_119,28.702,1,,,,new,,,TRUE,,TRUE,TRUE,,,,,,1,4,2001,1
Pseudotsuga menziesii,19,29_95199,29_95199_4,0,202,29_95199_4_122,27.178,1,,,,new,,,TRUE,,TRUE,TRUE,,,,,,1,4,2001,1
Arbutus menziesii,19,29_95199,29_95199_4,0,361,29_95199_4_116,17.018,1,,,,new,,,TRUE,,TRUE,TRUE,,,,,,1,4,2001,8
other,19,29_95199,29_95199_4,0,431,29_95199_4_115,20.574,1,,,,new,,,TRUE,,TRUE,TRUE,,,,,,1,4,2001,11
other,19,29_95199,29_95199_4,0,431,29_95199_4_117,13.97,1,,,,new,,,TRUE,,TRUE,TRUE,,,,,,1,4,2001,11
Pseudotsuga menziesii,20,3_88586,3_88586_1,0,202,3_88586_1_100,39.116,1,,,,new,,,TRUE,,TRUE,TRUE,,,,,,1,1,2001,1
Pseudotsuga menziesii,20,3_88586,3_88586_1,0,202,3_88586_1_101,22.098,1,,,,new,,,TRUE,,TRUE,TRUE,,,,,,1,1,2001,1
Pseudotsuga menziesii,20,3_88586,3_88586_1,0,202,3_88586_1_102,39.624,1,,,,new,,,TRUE,,TRUE,TRUE,,,,,,1,1,2001,1
Pseudotsuga menziesii,20,3_88586,3_88586_1,0,202,3_88586_1_103,24.892,1,,,,new,,,TRUE,,TRUE,TRUE,,,,,,1,1,2001,1
Pseudotsuga menziesii,20,3_88586,3_88586_1,0,202,3_88586_1_104,29.972,1,,,,new,,,TRUE,,TRUE,TRUE,,,,,,1,1,2001,1
Pseudotsuga menziesii,20,3_88586,3_88586_1,0,202,3_88586_1_105,39.878,1,,,,new,,,TRUE,,TRUE,TRUE,,,,,,1,1,2001,1
Pseudotsuga menziesii,20,3_88586,3_88586_2,0,202,3_88586_2_107,31.242,1,,,,new,,,TRUE,,TRUE,TRUE,,,,,,1,2,2001,1
Pseudotsuga menziesii,20,3_88586,3_88586_2,0,202,3_88586_2_108,31.75,1,,,,new,,,TRUE,,TRUE,TRUE,,,,,,1,2,2001,1
other,20,3_88586,3_88586_2,0,312,3_88586_2_109,44.704,1,,,,new,,,TRUE,,TRUE,TRUE,,,,,,1,2,2001,11
other,20,3_88586,3_88586_2,0,312,3_88586_2_110,22.606,1,,,,new,,,TRUE,,TRUE,TRUE,,,,,,1,2,2001,11
other,20,3_88586,3_88586_2,0,312,3_88586_2_111,22.352,1,,,,new,,,TRUE,,TRUE,TRUE,,,,,,1,2,2001,11
other,20,3_88586,3_88586_2,0,312,3_88586_2_112,40.64,1,,,,new,,,TRUE,,TRUE,TRUE,,,,,,1,2,2001,11
other,20,3_88586,3_88586_2,0,312,3_88586_2_113,47.498,1,,,,new,,,TRUE,,TRUE,TRUE,,,,,,1,2,2001,11
other,20,3_88586,3_88586_2,0,312,3_88586_2_114,19.05,1,,,,new,,,TRUE,,TRUE,TRUE,,,,,,1,2,2001,11
Pseudotsuga menziesii,20,3_88586,3_88586_3,0,202,3_88586_3_116,32.004,1,,,,new,,,TRUE,,TRUE,TRUE,,,,,,1,3,2001,1
Pseudotsuga menziesii,20,3_88586,3_88586_3,0,202,3_88586_3_117,20.066,1,,,,new,,,TRUE,,TRUE,TRUE,,,,,,1,3,2001,1
Pseudotsuga menziesii,20,3_88586,3_88586_3,0,202,3_88586_3_118,17.018,1,,,,new,,,TRUE,,TRUE,TRUE,,,,,,1,3,2001,1
Pseudotsuga menziesii,20,3_88586,3_88586_3,0,202,3_88586_3_119,43.942,1,,,,new,,,TRUE,,TRUE,TRUE,,,,,,1,3,2001,1
Pseudotsuga menziesii,20,3_88586,3_88586_3,0,202,3_88586_3_120,19.812,2,,,,dead,,,,,,TRUE,,,,,,,3,2001,1
Pseudotsuga menziesii,20,3_88586,3_88586_3,0,202,3_88586_3_121,41.402,1,,,,new,,,TRUE,,TRUE,TRUE,,,,,,1,3,2001,1
Pseudotsuga menziesii,20,3_88586,3_88586_3,0,202,3_88586_3_122,25.4,1,,,,new,,,TRUE,,TRUE,TRUE,,,,,,1,3,2001,1
Pseudotsuga menziesii,20,3_88586,3_88586_3,0,202,3_88586_3_123,16.256,1,,,,new,,,TRUE,,TRUE,TRUE,,,,,,1,3,2001,1
Pseudotsuga menziesii,20,3_88586,3_88586_3,0,202,3_88586_3_124,28.956,1,,,,new,,,TRUE,,TRUE,TRUE,,,,,,1,3,2001,1
Pseudotsuga menziesii,20,3_88586,3_88586_3,0,202,3_88586_3_125,49.784,1,,,,new,,,TRUE,,TRUE,TRUE,,,,,,1,3,2001,1
other,20,3_88586,3_88586_3,0,312,3_88586_3_115,15.24,1,,,,new,,,TRUE,,TRUE,TRUE,,,,,,1,3,2001,11
Pseudotsuga menziesii,20,3_88586,3_88586_4,0,202,3_88586_4_130,38.862,1,,,,new,,,TRUE,,TRUE,TRUE,,,,,,1,4,2001,1
Pseudotsuga menziesii,20,3_88586,3_88586_4,0,202,3_88586_4_132,28.956,1,,,,new,,,TRUE,,TRUE,TRUE,,,,,,1,4,2001,1
other,20,3_88586,3_88586_4,0,312,3_88586_4_126,13.208,1,,,,new,,,TRUE,,TRUE,TRUE,,,,,,1,4,2001,11
other,20,3_88586,3_88586_4,0,312,3_88586_4_127,21.336,1,,,,new,,,TRUE,,TRUE,TRUE,,,,,,1,4,2001,11
other,20,3_88586,3_88586_4,0,312,3_88586_4_128,20.32,1,,,,new,,,TRUE,,TRUE,TRUE,,,,,,1,4,2001,11
other,20,3_88586,3_88586_4,0,312,3_88586_4_129,21.844,1,,,,new,,,TRUE,,TRUE,TRUE,,,,,,1,4,2001,11
other,20,3_88586,3_88586_4,0,312,3_88586_4_135,13.97,1,,,,new,,,TRUE,,TRUE,TRUE,,,,,,1,4,2001,11
Pseudotsuga menziesii,21,33_79799,33_79799_1,0,202,33_79799_1_100,17.018,1,,,,new,,,TRUE,,TRUE,TRUE,,,,,,1,1,2001,1
Pseudotsuga menziesii,21,33_79799,33_79799_1,0,202,33_79799_1_101,27.178,1,,,,new,,,TRUE,,TRUE,TRUE,,,,,,1,1,2001,1
Pseudotsuga menziesii,21,33_79799,33_79799_1,0,202,33_79799_1_102,19.812,1,,,,new,,,TRUE,,TRUE,TRUE,,,,,,1,1,2001,1
Pseudotsuga menziesii,21,33_79799,33_79799_1,0,202,33_79799_1_103,30.988,1,,,,new,,,TRUE,,TRUE,TRUE,,,,,,1,1,2001,1
Pseudotsuga menziesii,21,33_79799,33_79799_1,0,202,33_79799_1_105,24.638,1,,,,new,,,TRUE,,TRUE,TRUE,,,,,,1,1,2001,1
Pseudotsuga menziesii,21,33_79799,33_79799_1,0,202,33_79799_1_107,18.796,1,,,,new,,,TRUE,,TRUE,TRUE,,,,,,1,1,2001,1
other,21,33_79799,33_79799_1,0,818,33_79799_1_104,20.066,1,,,,new,,,TRUE,,TRUE,TRUE,,,,,,1,1,2001,11
other,21,33_79799,33_79799_1,0,805,33_79799_1_106,13.716,1,,,,new,,,TRUE,,TRUE,TRUE,,,,,,1,1,2001,11
Pseudotsuga menziesii,21,33_79799,33_79799_2,0,202,33_79799_2_108,13.462,1,,,,new,,,TRUE,,TRUE,TRUE,,,,,,1,2,2001,1
Pseudotsuga menziesii,21,33_79799,33_79799_2,0,202,33_79799_2_109,15.748,1,,,,new,,,TRUE,,TRUE,TRUE,,,,,,1,2,2001,1
Pseudotsuga menziesii,21,33_79799,33_79799_2,0,202,33_79799_2_113,27.686,1,,,,new,,,TRUE,,TRUE,TRUE,,,,,,1,2,2001,1
Pseudotsuga menziesii,21,33_79799,33_79799_2,0,202,33_79799_2_114,13.462,1,,,,new,,,TRUE,,TRUE,TRUE,,,,,,1,2,2001,1
Pseudotsuga menziesii,21,33_79799,33_79799_2,0,202,33_79799_2_116,25.4,1,,,,new,,,TRUE,,TRUE,TRUE,,,,,,1,2,2001,1
Pseudotsuga menziesii,21,33_79799,33_79799_2,0,202,33_79799_2_117,21.59,1,,,,new,,,TRUE,,TRUE,TRUE,,,,,,1,2,2001,1
Pseudotsuga menziesii,21,33_79799,33_79799_2,0,202,33_79799_2_118,18.034,1,,,,new,,,TRUE,,TRUE,TRUE,,,,,,1,2,2001,1
Pinus ponderosa,21,33_79799,33_79799_2,0,122,33_79799_2_110,13.716,1,,,,new,,,TRUE,,TRUE,TRUE,,,,,,1,2,2001,4
Pinus ponderosa,21,33_79799,33_79799_2,0,122,33_79799_2_119,19.558,1,,,,new,,,TRUE,,TRUE,TRUE,,,,,,1,2,2001,4
Arbutus menziesii,21,33_79799,33_79799_2,0,361,33_79799_2_111,15.494,1,,,,new,,,TRUE,,TRUE,TRUE,,,,,,1,2,2001,8
Arbutus menziesii,21,33_79799,33_79799_2,0,361,33_79799_2_112,15.24,1,,,,new,,,TRUE,,TRUE,TRUE,,,,,,1,2,2001,8
Arbutus menziesii,21,33_79799,33_79799_2,0,361,33_79799_2_115,16.51,1,,,,new,,,TRUE,,TRUE,TRUE,,,,,,1,2,2001,8
Pseudotsuga menziesii,21,33_79799,33_79799_3,0,202,33_79799_3_136,20.574,1,,,,new,,,TRUE,,TRUE,TRUE,,,,,,1,3,2001,1
Pseudotsuga menziesii,21,33_79799,33_79799_3,0,202,33_79799_3_137,13.462,1,,,,new,,,TRUE,,TRUE,TRUE,,,,,,1,3,2001,1
Pseudotsuga menziesii,21,33_79799,33_79799_3,0,202,33_79799_3_138,24.638,1,,,,new,,,TRUE,,TRUE,TRUE,,,,,,1,3,2001,1
Pseudotsuga menziesii,21,33_79799,33_79799_3,0,202,33_79799_3_139,22.606,1,,,,new,,,TRUE,,TRUE,TRUE,,,,,,1,3,2001,1
Pseudotsuga menziesii,21,33_79799,33_79799_3,0,202,33_79799_3_140,25.654,1,,,,new,,,TRUE,,TRUE,TRUE,,,,,,1,3,2001,1
Pseudotsuga menziesii,21,33_79799,33_79799_3,0,202,33_79799_3_141,22.86,1,,,,new,,,TRUE,,TRUE,TRUE,,,,,,1,3,2001,1
Pseudotsuga menziesii,21,33_79799,33_79799_3,0,202,33_79799_3_142,18.288,1,,,,new,,,TRUE,,TRUE,TRUE,,,,,,1,3,2001,1
Pseudotsuga menziesii,21,33_79799,33_79799_3,0,202,33_79799_3_144,20.574,1,,,,new,,,TRUE,,TRUE,TRUE,,,,,,1,3,2001,1
Pseudotsuga menziesii,21,33_79799,33_79799_3,0,202,33_79799_3_145,37.084,1,,,,new,,,TRUE,,TRUE,TRUE,,,,,,1,3,2001,1
other,21,33_79799,33_79799_3,0,818,33_79799_3_143,22.86,1,,,,new,,,TRUE,,TRUE,TRUE,,,,,,1,3,2001,11
Pseudotsuga menziesii,21,33_79799,33_79799_4,0,202,33_79799_4_122,18.796,1,,,,new,,,TRUE,,TRUE,TRUE,,,,,,1,4,2001,1
Pseudotsuga menziesii,21,33_79799,33_79799_4,0,202,33_79799_4_123,23.114,1,,,,new,,,TRUE,,TRUE,TRUE,,,,,,1,4,2001,1
Pseudotsuga menziesii,21,33_79799,33_79799_4,0,202,33_79799_4_125,17.526,1,,,,new,,,TRUE,,TRUE,TRUE,,,,,,1,4,2001,1
Pseudotsuga menziesii,21,33_79799,33_79799_4,0,202,33_79799_4_127,32.766,1,,,,new,,,TRUE,,TRUE,TRUE,,,,,,1,4,2001,1
Pseudotsuga menziesii,21,33_79799,33_79799_4,0,202,33_79799_4_128,112.014,1,,,,new,,,TRUE,,TRUE,TRUE,,,,,,1,4,2001,1
Pseudotsuga menziesii,21,33_79799,33_79799_4,0,202,33_79799_4_129,58.166,1,,,,new,,,TRUE,,TRUE,TRUE,,,,,,1,4,2001,1
Pseudotsuga menziesii,21,33_79799,33_79799_4,0,202,33_79799_4_130,29.464,1,,,,new,,,TRUE,,TRUE,TRUE,,,,,,1,4,2001,1
other,21,33_79799,33_79799_4,0,818,33_79799_4_124,40.386,1,,,,new,,,TRUE,,TRUE,TRUE,,,,,,1,4,2001,11
Abies concolor,22,35_51558,35_51558_1,0,15,35_51558_1_100,20.574,1,,,,new,,,TRUE,,TRUE,TRUE,,,,,,1,1,2001,3
Abies concolor,22,35_51558,35_51558_1,0,15,35_51558_1_101,49.784,1,,,,new,,,TRUE,,TRUE,TRUE,,,,,,1,1,2001,3
Abies concolor,22,35_51558,35_51558_1,0,15,35_51558_1_102,53.848,1,,,,new,,,TRUE,,TRUE,TRUE,,,,,,1,1,2001,3
Abies concolor,22,35_51558,35_51558_1,0,15,35_51558_1_103,14.732,1,,,,new,,,TRUE,,TRUE,TRUE,,,,,,1,1,2001,3
Abies concolor,22,35_51558,35_51558_1,0,15,35_51558_1_104,13.97,1,,,,new,,,TRUE,,TRUE,TRUE,,,,,,1,1,2001,3
Abies concolor,22,35_51558,35_51558_1,0,15,35_51558_1_105,71.374,2,,,,dead,,,,,,TRUE,,,,,,,1,2001,3
Abies concolor,22,35_51558,35_51558_1,0,15,35_51558_1_107,19.812,1,,,,new,,,TRUE,,TRUE,TRUE,,,,,,1,1,2001,3
Abies concolor,22,35_51558,35_51558_1,0,15,35_51558_1_108,17.272,1,,,,new,,,TRUE,,TRUE,TRUE,,,,,,1,1,2001,3
Abies concolor,22,35_51558,35_51558_1,0,15,35_51558_1_109,16.764,1,,,,new,,,TRUE,,TRUE,TRUE,,,,,,1,1,2001,3
Abies concolor,22,35_51558,35_51558_1,0,15,35_51558_1_110,48.768,1,,,,new,,,TRUE,,TRUE,TRUE,,,,,,1,1,2001,3
Abies concolor,22,35_51558,35_51558_1,0,15,35_51558_1_111,28.448,1,,,,new,,,TRUE,,TRUE,TRUE,,,,,,1,1,2001,3
Abies concolor,22,35_51558,35_51558_1,0,15,35_51558_1_112,33.528,1,,,,new,,,TRUE,,TRUE,TRUE,,,,,,1,1,2001,3
Abies concolor,22,35_51558,35_51558_1,0,15,35_51558_1_113,39.878,1,,,,new,,,TRUE,,TRUE,TRUE,,,,,,1,1,2001,3
Abies concolor,22,35_51558,35_51558_1,0,15,35_51558_1_114,32.004,1,,,,new,,,TRUE,,TRUE,TRUE,,,,,,1,1,2001,3
Abies concolor,22,35_51558,35_51558_1,0,15,35_51558_1_116,13.97,1,,,,new,,,TRUE,,TRUE,TRUE,,,,,,1,1,2001,3
Pinus contorta,22,35_51558,35_51558_2,0,108,35_51558_2_129,20.828,1,,,,new,,,TRUE,,TRUE,TRUE,,,,,,1,2,2001,2
Abies concolor,22,35_51558,35_51558_2,0,15,35_51558_2_119,22.098,1,,,,new,,,TRUE,,TRUE,TRUE,,,,,,1,2,2001,3
Abies concolor,22,35_51558,35_51558_2,0,15,35_51558_2_120,22.606,1,,,,new,,,TRUE,,TRUE,TRUE,,,,,,1,2,2001,3
Abies concolor,22,35_51558,35_51558_2,0,15,35_51558_2_121,30.734,1,,,,new,,,TRUE,,TRUE,TRUE,,,,,,1,2,2001,3
Abies concolor,22,35_51558,35_51558_2,0,15,35_51558_2_122,29.718,1,,,,new,,,TRUE,,TRUE,TRUE,,,,,,1,2,2001,3
Abies concolor,22,35_51558,35_51558_2,0,15,35_51558_2_123,18.288,1,,,,new,,,TRUE,,TRUE,TRUE,,,,,,1,2,2001,3
Abies concolor,22,35_51558,35_51558_2,0,15,35_51558_2_124,43.688,1,,,,new,,,TRUE,,TRUE,TRUE,,,,,,1,2,2001,3
Abies concolor,22,35_51558,35_51558_2,0,15,35_51558_2_125,24.384,1,,,,new,,,TRUE,,TRUE,TRUE,,,,,,1,2,2001,3
Abies concolor,22,35_51558,35_51558_2,0,15,35_51558_2_126,27.432,1,,,,new,,,TRUE,,TRUE,TRUE,,,,,,1,2,2001,3
Abies concolor,22,35_51558,35_51558_2,0,15,35_51558_2_127,21.336,1,,,,new,,,TRUE,,TRUE,TRUE,,,,,,1,2,2001,3
Abies concolor,22,35_51558,35_51558_2,0,15,35_51558_2_128,26.416,1,,,,new,,,TRUE,,TRUE,TRUE,,,,,,1,2,2001,3
Abies concolor,22,35_51558,35_51558_2,0,15,35_51558_2_130,19.812,1,,,,new,,,TRUE,,TRUE,TRUE,,,,,,1,2,2001,3
Abies concolor,22,35_51558,35_51558_2,0,15,35_51558_2_132,61.976,1,,,,new,,,TRUE,,TRUE,TRUE,,,,,,1,2,2001,3
Abies concolor,22,35_51558,35_51558_2,0,15,35_51558_2_133,28.448,1,,,,new,,,TRUE,,TRUE,TRUE,,,,,,1,2,2001,3
Abies concolor,22,35_51558,35_51558_2,0,15,35_51558_2_134,25.4,1,,,,new,,,TRUE,,TRUE,TRUE,,,,,,1,2,2001,3
Abies concolor,22,35_51558,35_51558_2,0,15,35_51558_2_135,26.924,1,,,,new,,,TRUE,,TRUE,TRUE,,,,,,1,2,2001,3
Abies concolor,22,35_51558,35_51558_2,0,15,35_51558_2_136,23.368,1,,,,new,,,TRUE,,TRUE,TRUE,,,,,,1,2,2001,3
Abies concolor,22,35_51558,35_51558_2,0,15,35_51558_2_137,24.384,1,,,,new,,,TRUE,,TRUE,TRUE,,,,,,1,2,2001,3
Abies concolor,22,35_51558,35_51558_2,0,15,35_51558_2_138,28.448,1,,,,new,,,TRUE,,TRUE,TRUE,,,,,,1,2,2001,3
Abies concolor,22,35_51558,35_51558_2,0,15,35_51558_2_139,64.77,1,,,,new,,,TRUE,,TRUE,TRUE,,,,,,1,2,2001,3
Pinus ponderosa,22,35_51558,35_51558_2,0,122,35_51558_2_131,91.948,1,,,,new,,,TRUE,,TRUE,TRUE,,,,,,1,2,2001,4
other,22,35_51558,35_51558_2,0,299,35_51558_2_118,66.04,2,,,,dead,,,,,,TRUE,,,,,,,2,2001,11
Abies concolor,22,35_51558,35_51558_3,0,15,35_51558_3_160,19.812,1,,,,new,,,TRUE,,TRUE,TRUE,,,,,,1,3,2001,3
Abies concolor,22,35_51558,35_51558_3,0,15,35_51558_3_161,39.624,1,,,,new,,,TRUE,,TRUE,TRUE,,,,,,1,3,2001,3
Abies concolor,22,35_51558,35_51558_3,0,15,35_51558_3_162,19.05,1,,,,new,,,TRUE,,TRUE,TRUE,,,,,,1,3,2001,3
Abies concolor,22,35_51558,35_51558_3,0,15,35_51558_3_163,17.272,1,,,,new,,,TRUE,,TRUE,TRUE,,,,,,1,3,2001,3
Abies concolor,22,35_51558,35_51558_3,0,15,35_51558_3_164,35.306,1,,,,new,,,TRUE,,TRUE,TRUE,,,,,,1,3,2001,3
Abies concolor,22,35_51558,35_51558_4,0,15,35_51558_4_141,15.494,1,,,,new,,,TRUE,,TRUE,TRUE,,,,,,1,4,2001,3
Abies concolor,22,35_51558,35_51558_4,0,15,35_51558_4_142,14.986,1,,,,new,,,TRUE,,TRUE,TRUE,,,,,,1,4,2001,3
Abies concolor,22,35_51558,35_51558_4,0,15,35_51558_4_143,23.876,1,,,,new,,,TRUE,,TRUE,TRUE,,,,,,1,4,2001,3
Abies concolor,22,35_51558,35_51558_4,0,15,35_51558_4_144,12.954,1,,,,new,,,TRUE,,TRUE,TRUE,,,,,,1,4,2001,3
Abies concolor,22,35_51558,35_51558_4,0,15,35_51558_4_147,25.908,1,,,,new,,,TRUE,,TRUE,TRUE,,,,,,1,4,2001,3
Abies concolor,22,35_51558,35_51558_4,0,15,35_51558_4_148,13.208,1,,,,new,,,TRUE,,TRUE,TRUE,,,,,,1,4,2001,3
Abies concolor,22,35_51558,35_51558_4,0,15,35_51558_4_149,22.86,1,,,,new,,,TRUE,,TRUE,TRUE,,,,,,1,4,2001,3
Abies concolor,22,35_51558,35_51558_4,0,15,35_51558_4_150,32.004,1,,,,new,,,TRUE,,TRUE,TRUE,,,,,,1,4,2001,3
Abies concolor,22,35_51558,35_51558_4,0,15,35_51558_4_151,23.876,1,,,,new,,,TRUE,,TRUE,TRUE,,,,,,1,4,2001,3
Abies concolor,22,35_51558,35_51558_4,0,15,35_51558_4_152,13.716,1,,,,new,,,TRUE,,TRUE,TRUE,,,,,,1,4,2001,3
Abies concolor,22,35_51558,35_51558_4,0,15,35_51558_4_153,21.082,1,,,,new,,,TRUE,,TRUE,TRUE,,,,,,1,4,2001,3
Abies concolor,22,35_51558,35_51558_4,0,15,35_51558_4_155,19.05,1,,,,new,,,TRUE,,TRUE,TRUE,,,,,,1,4,2001,3
Abies concolor,22,35_51558,35_51558_4,0,15,35_51558_4_156,40.894,1,,,,new,,,TRUE,,TRUE,TRUE,,,,,,1,4,2001,3
Abies concolor,22,35_51558,35_51558_4,0,15,35_51558_4_157,29.21,1,,,,new,,,TRUE,,TRUE,TRUE,,,,,,1,4,2001,3
Abies concolor,22,35_51558,35_51558_4,0,15,35_51558_4_158,18.288,1,,,,new,,,TRUE,,TRUE,TRUE,,,,,,1,4,2001,3
Abies concolor,22,35_51558,35_51558_4,0,15,35_51558_4_159,24.13,1,,,,new,,,TRUE,,TRUE,TRUE,,,,,,1,4,2001,3
Pinus ponderosa,22,35_51558,35_51558_4,0,122,35_51558_4_145,60.706,1,,,,new,,,TRUE,,TRUE,TRUE,,,,,,1,4,2001,4
Pinus ponderosa,22,35_51558,35_51558_4,0,122,35_51558_4_146,63.754,1,,,,new,,,TRUE,,TRUE,TRUE,,,,,,1,4,2001,4
Pinus ponderosa,22,35_51558,35_51558_4,0,122,35_51558_4_154,114.046,2,,,,dead,,,,,,TRUE,,,,,,,4,2001,4
Abies concolor,23,35_65479,35_65479_1,0,15,35_65479_1_104,48.768,1,,,,new,,,TRUE,,TRUE,TRUE,,,,,,1,1,2001,3
Abies concolor,23,35_65479,35_65479_1,0,15,35_65479_1_105,20.32,1,,,,new,,,TRUE,,TRUE,TRUE,,,,,,1,1,2001,3
Abies concolor,23,35_65479,35_65479_1,0,15,35_65479_1_107,35.56,1,,,,new,,,TRUE,,TRUE,TRUE,,,,,,1,1,2001,3
Abies concolor,23,35_65479,35_65479_1,0,15,35_65479_1_108,27.178,1,,,,new,,,TRUE,,TRUE,TRUE,,,,,,1,1,2001,3
Abies concolor,23,35_65479,35_65479_1,0,15,35_65479_1_109,15.494,1,,,,new,,,TRUE,,TRUE,TRUE,,,,,,1,1,2001,3
Abies concolor,23,35_65479,35_65479_1,0,15,35_65479_1_110,16.002,1,,,,new,,,TRUE,,TRUE,TRUE,,,,,,1,1,2001,3
Abies concolor,23,35_65479,35_65479_1,0,15,35_65479_1_111,34.29,1,,,,new,,,TRUE,,TRUE,TRUE,,,,,,1,1,2001,3
Abies concolor,23,35_65479,35_65479_1,0,15,35_65479_1_112,18.796,1,,,,new,,,TRUE,,TRUE,TRUE,,,,,,1,1,2001,3
Abies concolor,23,35_65479,35_65479_1,0,15,35_65479_1_113,13.462,1,,,,new,,,TRUE,,TRUE,TRUE,,,,,,1,1,2001,3
Abies concolor,23,35_65479,35_65479_1,0,15,35_65479_1_114,29.464,1,,,,new,,,TRUE,,TRUE,TRUE,,,,,,1,1,2001,3
Abies concolor,23,35_65479,35_65479_1,0,15,35_65479_1_115,14.478,1,,,,new,,,TRUE,,TRUE,TRUE,,,,,,1,1,2001,3
Abies concolor,23,35_65479,35_65479_1,0,15,35_65479_1_116,29.21,1,,,,new,,,TRUE,,TRUE,TRUE,,,,,,1,1,2001,3
Abies concolor,23,35_65479,35_65479_1,0,15,35_65479_1_118,12.954,1,,,,new,,,TRUE,,TRUE,TRUE,,,,,,1,1,2001,3
Abies concolor,23,35_65479,35_65479_1,0,15,35_65479_1_119,47.752,1,,,,new,,,TRUE,,TRUE,TRUE,,,,,,1,1,2001,3
Abies concolor,23,35_65479,35_65479_1,0,15,35_65479_1_121,25.4,1,,,,new,,,TRUE,,TRUE,TRUE,,,,,,1,1,2001,3
Pinus ponderosa,23,35_65479,35_65479_1,0,122,35_65479_1_102,114.3,2,,,,dead,,,,,,TRUE,,,,,,,1,2001,4
Pinus ponderosa,23,35_65479,35_65479_1,0,122,35_65479_1_117,67.818,1,,,,new,,,TRUE,,TRUE,TRUE,,,,,,1,1,2001,4
Pinus ponderosa,23,35_65479,35_65479_1,0,122,35_65479_1_120,23.622,1,,,,new,,,TRUE,,TRUE,TRUE,,,,,,1,1,2001,4
Abies concolor,23,35_65479,35_65479_2,0,15,35_65479_2_126,13.97,1,,,,new,,,TRUE,,TRUE,TRUE,,,,,,1,2,2001,3
Abies concolor,23,35_65479,35_65479_2,0,15,35_65479_2_128,17.018,1,,,,new,,,TRUE,,TRUE,TRUE,,,,,,1,2,2001,3
Abies concolor,23,35_65479,35_65479_2,0,15,35_65479_2_129,19.05,1,,,,new,,,TRUE,,TRUE,TRUE,,,,,,1,2,2001,3
Abies concolor,23,35_65479,35_65479_2,0,15,35_65479_2_130,22.098,1,,,,new,,,TRUE,,TRUE,TRUE,,,,,,1,2,2001,3
Abies concolor,23,35_65479,35_65479_2,0,15,35_65479_2_131,14.224,1,,,,new,,,TRUE,,TRUE,TRUE,,,,,,1,2,2001,3
Abies concolor,23,35_65479,35_65479_2,0,15,35_65479_2_132,20.828,1,,,,new,,,TRUE,,TRUE,TRUE,,,,,,1,2,2001,3
Abies concolor,23,35_65479,35_65479_2,0,15,35_65479_2_133,20.828,1,,,,new,,,TRUE,,TRUE,TRUE,,,,,,1,2,2001,3
Abies concolor,23,35_65479,35_65479_2,0,15,35_65479_2_135,13.97,1,,,,new,,,TRUE,,TRUE,TRUE,,,,,,1,2,2001,3
Abies concolor,23,35_65479,35_65479_2,0,15,35_65479_2_136,17.018,1,,,,new,,,TRUE,,TRUE,TRUE,,,,,,1,2,2001,3
Abies concolor,23,35_65479,35_65479_2,0,15,35_65479_2_138,14.986,1,,,,new,,,TRUE,,TRUE,TRUE,,,,,,1,2,2001,3
Abies concolor,23,35_65479,35_65479_2,0,15,35_65479_2_139,18.288,1,,,,new,,,TRUE,,TRUE,TRUE,,,,,,1,2,2001,3
Pinus ponderosa,23,35_65479,35_65479_2,0,122,35_65479_2_122,111.76,1,,,,new,,,TRUE,,TRUE,TRUE,,,,,,1,2,2001,4
Pinus ponderosa,23,35_65479,35_65479_2,0,122,35_65479_2_123,99.822,1,,,,new,,,TRUE,,TRUE,TRUE,,,,,,1,2,2001,4
Pinus ponderosa,23,35_65479,35_65479_2,0,122,35_65479_2_125,112.268,1,,,,new,,,TRUE,,TRUE,TRUE,,,,,,1,2,2001,4
Pinus ponderosa,23,35_65479,35_65479_2,0,122,35_65479_2_127,14.478,1,,,,new,,,TRUE,,TRUE,TRUE,,,,,,1,2,2001,4
Pinus ponderosa,23,35_65479,35_65479_2,0,122,35_65479_2_134,95.504,1,,,,new,,,TRUE,,TRUE,TRUE,,,,,,1,2,2001,4
Abies concolor,23,35_65479,35_65479_3,0,15,35_65479_3_143,38.862,1,,,,new,,,TRUE,,TRUE,TRUE,,,,,,1,3,2001,3
Abies concolor,23,35_65479,35_65479_3,0,15,35_65479_3_144,32.766,1,,,,new,,,TRUE,,TRUE,TRUE,,,,,,1,3,2001,3
Abies concolor,23,35_65479,35_65479_3,0,15,35_65479_3_145,21.336,1,,,,new,,,TRUE,,TRUE,TRUE,,,,,,1,3,2001,3
Abies concolor,23,35_65479,35_65479_3,0,15,35_65479_3_146,16.764,2,,,,dead,,,,,,TRUE,,,,,,,3,2001,3
Abies concolor,23,35_65479,35_65479_3,0,15,35_65479_3_147,22.352,2,,,,dead,,,,,,TRUE,,,,,,,3,2001,3
Abies concolor,23,35_65479,35_65479_3,0,15,35_65479_3_148,16.256,1,,,,new,,,TRUE,,TRUE,TRUE,,,,,,1,3,2001,3
Abies concolor,23,35_65479,35_65479_3,0,15,35_65479_3_149,16.256,1,,,,new,,,TRUE,,TRUE,TRUE,,,,,,1,3,2001,3
Abies concolor,23,35_65479,35_65479_3,0,15,35_65479_3_150,30.226,1,,,,new,,,TRUE,,TRUE,TRUE,,,,,,1,3,2001,3
Abies concolor,23,35_65479,35_65479_3,0,15,35_65479_3_151,20.32,1,,,,new,,,TRUE,,TRUE,TRUE,,,,,,1,3,2001,3
Abies concolor,23,35_65479,35_65479_3,0,15,35_65479_3_152,13.716,1,,,,new,,,TRUE,,TRUE,TRUE,,,,,,1,3,2001,3
Abies concolor,23,35_65479,35_65479_3,0,15,35_65479_3_153,36.068,1,,,,new,,,TRUE,,TRUE,TRUE,,,,,,1,3,2001,3
Abies concolor,23,35_65479,35_65479_3,0,15,35_65479_3_154,15.748,1,,,,new,,,TRUE,,TRUE,TRUE,,,,,,1,3,2001,3
Abies concolor,23,35_65479,35_65479_3,0,15,35_65479_3_155,22.352,1,,,,new,,,TRUE,,TRUE,TRUE,,,,,,1,3,2001,3
Abies concolor,23,35_65479,35_65479_3,0,15,35_65479_3_157,17.78,1,,,,new,,,TRUE,,TRUE,TRUE,,,,,,1,3,2001,3
Abies concolor,23,35_65479,35_65479_3,0,15,35_65479_3_158,15.494,1,,,,new,,,TRUE,,TRUE,TRUE,,,,,,1,3,2001,3
Abies concolor,23,35_65479,35_65479_3,0,15,35_65479_3_159,12.954,1,,,,new,,,TRUE,,TRUE,TRUE,,,,,,1,3,2001,3
Abies concolor,23,35_65479,35_65479_3,0,15,35_65479_3_160,47.498,1,,,,new,,,TRUE,,TRUE,TRUE,,,,,,1,3,2001,3
Abies concolor,23,35_65479,35_65479_3,0,15,35_65479_3_161,40.64,1,,,,new,,,TRUE,,TRUE,TRUE,,,,,,1,3,2001,3
Abies concolor,23,35_65479,35_65479_3,0,15,35_65479_3_162,30.226,2,,,,dead,,,,,,TRUE,,,,,,,3,2001,3
Abies concolor,23,35_65479,35_65479_3,0,15,35_65479_3_163,14.224,1,,,,new,,,TRUE,,TRUE,TRUE,,,,,,1,3,2001,3
Abies concolor,23,35_65479,35_65479_3,0,15,35_65479_3_164,40.386,1,,,,new,,,TRUE,,TRUE,TRUE,,,,,,1,3,2001,3
Pinus ponderosa,23,35_65479,35_65479_3,0,122,35_65479_3_141,21.59,1,,,,new,,,TRUE,,TRUE,TRUE,,,,,,1,3,2001,4
Pinus ponderosa,23,35_65479,35_65479_3,0,122,35_65479_3_156,68.326,1,,,,new,,,TRUE,,TRUE,TRUE,,,,,,1,3,2001,4
Abies concolor,23,35_65479,35_65479_4,0,15,35_65479_4_166,20.828,1,,,,new,,,TRUE,,TRUE,TRUE,,,,,,1,4,2001,3
Abies concolor,23,35_65479,35_65479_4,0,15,35_65479_4_167,20.32,1,,,,new,,,TRUE,,TRUE,TRUE,,,,,,1,4,2001,3
Abies concolor,23,35_65479,35_65479_4,0,15,35_65479_4_168,48.26,1,,,,new,,,TRUE,,TRUE,TRUE,,,,,,1,4,2001,3
Abies concolor,23,35_65479,35_65479_4,0,15,35_65479_4_169,71.882,2,,,,dead,,,,,,TRUE,,,,,,,4,2001,3
Abies concolor,23,35_65479,35_65479_4,0,15,35_65479_4_170,60.96,1,,,,new,,,TRUE,,TRUE,TRUE,,,,,,1,4,2001,3
Abies concolor,23,35_65479,35_65479_4,0,15,35_65479_4_172,15.748,1,,,,new,,,TRUE,,TRUE,TRUE,,,,,,1,4,2001,3
Abies concolor,23,35_65479,35_65479_4,0,15,35_65479_4_173,17.018,1,,,,new,,,TRUE,,TRUE,TRUE,,,,,,1,4,2001,3
Abies concolor,23,35_65479,35_65479_4,0,15,35_65479_4_174,23.114,1,,,,new,,,TRUE,,TRUE,TRUE,,,,,,1,4,2001,3
Abies concolor,23,35_65479,35_65479_4,0,15,35_65479_4_178,69.088,1,,,,new,,,TRUE,,TRUE,TRUE,,,,,,1,4,2001,3
Abies concolor,23,35_65479,35_65479_4,0,15,35_65479_4_179,33.274,1,,,,new,,,TRUE,,TRUE,TRUE,,,,,,1,4,2001,3
Abies concolor,23,35_65479,35_65479_4,0,15,35_65479_4_181,76.962,1,,,,new,,,TRUE,,TRUE,TRUE,,,,,,1,4,2001,3
Abies concolor,23,35_65479,35_65479_4,0,15,35_65479_4_182,15.494,1,,,,new,,,TRUE,,TRUE,TRUE,,,,,,1,4,2001,3
Pinus ponderosa,23,35_65479,35_65479_4,0,122,35_65479_4_171,52.832,1,,,,new,,,TRUE,,TRUE,TRUE,,,,,,1,4,2001,4
Pinus ponderosa,23,35_65479,35_65479_4,0,122,35_65479_4_175,68.834,1,,,,new,,,TRUE,,TRUE,TRUE,,,,,,1,4,2001,4
Pinus contorta,24,35_71346,35_71346_1,0,108,35_71346_1_101,24.892,1,,,,new,,,TRUE,,TRUE,TRUE,,,,,,1,1,2001,2
Pinus contorta,24,35_71346,35_71346_1,0,108,35_71346_1_102,34.544,1,,,,new,,,TRUE,,TRUE,TRUE,,,,,,1,1,2001,2
Pinus contorta,24,35_71346,35_71346_1,0,108,35_71346_1_103,23.622,1,,,,new,,,TRUE,,TRUE,TRUE,,,,,,1,1,2001,2
Pinus contorta,24,35_71346,35_71346_1,0,108,35_71346_1_104,18.034,1,,,,new,,,TRUE,,TRUE,TRUE,,,,,,1,1,2001,2
Pinus contorta,24,35_71346,35_71346_1,0,108,35_71346_1_105,29.972,1,,,,new,,,TRUE,,TRUE,TRUE,,,,,,1,1,2001,2
Pinus contorta,24,35_71346,35_71346_1,0,108,35_71346_1_106,13.208,1,,,,new,,,TRUE,,TRUE,TRUE,,,,,,1,1,2001,2
Pinus contorta,24,35_71346,35_71346_2,0,108,35_71346_2_112,13.716,1,,,,new,,,TRUE,,TRUE,TRUE,,,,,,1,2,2001,2
Pinus ponderosa,24,35_71346,35_71346_2,0,122,35_71346_2_111,15.494,1,,,,new,,,TRUE,,TRUE,TRUE,,,,,,1,2,2001,4
Pinus ponderosa,24,35_71346,35_71346_2,0,122,35_71346_2_113,17.272,1,,,,new,,,TRUE,,TRUE,TRUE,,,,,,1,2,2001,4
Pinus contorta,24,35_71346,35_71346_3,0,108,35_71346_3_115,21.844,1,,,,new,,,TRUE,,TRUE,TRUE,,,,,,1,3,2001,2
Pinus contorta,24,35_71346,35_71346_3,0,108,35_71346_3_116,26.162,1,,,,new,,,TRUE,,TRUE,TRUE,,,,,,1,3,2001,2
Pinus contorta,24,35_71346,35_71346_3,0,108,35_71346_3_117,23.876,1,,,,new,,,TRUE,,TRUE,TRUE,,,,,,1,3,2001,2
Pinus contorta,24,35_71346,35_71346_3,0,108,35_71346_3_118,13.716,2,,,,dead,,,,,,TRUE,,,,,,,3,2001,2
Pinus contorta,24,35_71346,35_71346_3,0,108,35_71346_3_119,20.574,1,,,,new,,,TRUE,,TRUE,TRUE,,,,,,1,3,2001,2
Pinus contorta,24,35_71346,35_71346_3,0,108,35_71346_3_120,26.924,1,,,,new,,,TRUE,,TRUE,TRUE,,,,,,1,3,2001,2
Pinus contorta,24,35_71346,35_71346_3,0,108,35_71346_3_121,30.988,1,,,,new,,,TRUE,,TRUE,TRUE,,,,,,1,3,2001,2
Pinus contorta,24,35_71346,35_71346_3,0,108,35_71346_3_122,22.352,1,,,,new,,,TRUE,,TRUE,TRUE,,,,,,1,3,2001,2
Pinus contorta,24,35_71346,35_71346_3,0,108,35_71346_3_123,25.146,1,,,,new,,,TRUE,,TRUE,TRUE,,,,,,1,3,2001,2
Pinus contorta,24,35_71346,35_71346_4,0,108,35_71346_4_124,23.876,1,,,,new,,,TRUE,,TRUE,TRUE,,,,,,1,4,2001,2
Pinus contorta,24,35_71346,35_71346_4,0,108,35_71346_4_125,24.384,1,,,,new,,,TRUE,,TRUE,TRUE,,,,,,1,4,2001,2
Pinus contorta,24,35_71346,35_71346_4,0,108,35_71346_4_126,17.78,1,,,,new,,,TRUE,,TRUE,TRUE,,,,,,1,4,2001,2
Pinus contorta,24,35_71346,35_71346_4,0,108,35_71346_4_127,13.208,1,,,,new,,,TRUE,,TRUE,TRUE,,,,,,1,4,2001,2
Pinus contorta,24,35_71346,35_71346_4,0,108,35_71346_4_128,20.574,1,,,,new,,,TRUE,,TRUE,TRUE,,,,,,1,4,2001,2
Pinus contorta,24,35_71346,35_71346_4,0,108,35_71346_4_129,20.32,1,,,,new,,,TRUE,,TRUE,TRUE,,,,,,1,4,2001,2
Pinus contorta,24,35_71346,35_71346_4,0,108,35_71346_4_130,19.304,1,,,,new,,,TRUE,,TRUE,TRUE,,,,,,1,4,2001,2
Pinus contorta,24,35_71346,35_71346_4,0,108,35_71346_4_131,19.304,2,,,,dead,,,,,,TRUE,,,,,,,4,2001,2
Pinus contorta,24,35_71346,35_71346_4,0,108,35_71346_4_132,14.986,1,,,,new,,,TRUE,,TRUE,TRUE,,,,,,1,4,2001,2
Pinus contorta,25,35_90216,35_90216_1,0,108,35_90216_1_113,27.432,2,,,,dead,,,,,,TRUE,,,,,,,1,2001,2
Pinus contorta,25,35_90216,35_90216_1,0,108,35_90216_1_114,23.876,1,,,,new,,,TRUE,,TRUE,TRUE,,,,,,1,1,2001,2
Pinus contorta,25,35_90216,35_90216_1,0,108,35_90216_1_116,25.908,1,,,,new,,,TRUE,,TRUE,TRUE,,,,,,1,1,2001,2
Tsuga mertensiana,25,35_90216,35_90216_1,0,264,35_90216_1_100,43.434,1,,,,new,,,TRUE,,TRUE,TRUE,,,,,,1,1,2001,7
Tsuga mertensiana,25,35_90216,35_90216_1,0,264,35_90216_1_102,24.384,1,,,,new,,,TRUE,,TRUE,TRUE,,,,,,1,1,2001,7
Tsuga mertensiana,25,35_90216,35_90216_1,0,264,35_90216_1_103,41.656,1,,,,new,,,TRUE,,TRUE,TRUE,,,,,,1,1,2001,7
Tsuga mertensiana,25,35_90216,35_90216_1,0,264,35_90216_1_104,29.718,2,,,,dead,,,,,,TRUE,,,,,,,1,2001,7
Tsuga mertensiana,25,35_90216,35_90216_1,0,264,35_90216_1_106,22.606,1,,,,new,,,TRUE,,TRUE,TRUE,,,,,,1,1,2001,7
Tsuga mertensiana,25,35_90216,35_90216_1,0,264,35_90216_1_107,36.83,1,,,,new,,,TRUE,,TRUE,TRUE,,,,,,1,1,2001,7
Tsuga mertensiana,25,35_90216,35_90216_1,0,264,35_90216_1_109,32.004,1,,,,new,,,TRUE,,TRUE,TRUE,,,,,,1,1,2001,7
Tsuga mertensiana,25,35_90216,35_90216_1,0,264,35_90216_1_115,38.354,1,,,,new,,,TRUE,,TRUE,TRUE,,,,,,1,1,2001,7
Tsuga mertensiana,25,35_90216,35_90216_1,0,264,35_90216_1_117,45.212,1,,,,new,,,TRUE,,TRUE,TRUE,,,,,,1,1,2001,7
other,25,35_90216,35_90216_1,0,119,35_90216_1_101,42.418,1,,,,new,,,TRUE,,TRUE,TRUE,,,,,,1,1,2001,11
other,25,35_90216,35_90216_1,0,21,35_90216_1_105,66.294,1,,,,new,,,TRUE,,TRUE,TRUE,,,,,,1,1,2001,11
other,25,35_90216,35_90216_1,0,21,35_90216_1_108,66.802,1,,,,new,,,TRUE,,TRUE,TRUE,,,,,,1,1,2001,11
other,25,35_90216,35_90216_1,0,21,35_90216_1_111,16.764,1,,,,new,,,TRUE,,TRUE,TRUE,,,,,,1,1,2001,11
other,25,35_90216,35_90216_1,0,21,35_90216_1_112,20.574,1,,,,new,,,TRUE,,TRUE,TRUE,,,,,,1,1,2001,11
Pinus contorta,25,35_90216,35_90216_2,0,108,35_90216_2_120,24.892,1,,,,new,,,TRUE,,TRUE,TRUE,,,,,,1,2,2001,2
Pinus contorta,25,35_90216,35_90216_2,0,108,35_90216_2_121,28.448,1,,,,new,,,TRUE,,TRUE,TRUE,,,,,,1,2,2001,2
Pinus contorta,25,35_90216,35_90216_2,0,108,35_90216_2_126,14.224,1,,,,new,,,TRUE,,TRUE,TRUE,,,,,,1,2,2001,2
Tsuga mertensiana,25,35_90216,35_90216_2,0,264,35_90216_2_125,17.526,1,,,,new,,,TRUE,,TRUE,TRUE,,,,,,1,2,2001,7
other,25,35_90216,35_90216_2,0,21,35_90216_2_119,15.24,1,,,,new,,,TRUE,,TRUE,TRUE,,,,,,1,2,2001,11
other,25,35_90216,35_90216_2,0,19,35_90216_2_122,14.986,1,,,,new,,,TRUE,,TRUE,TRUE,,,,,,1,2,2001,11
other,25,35_90216,35_90216_2,0,21,35_90216_2_123,73.914,1,,,,new,,,TRUE,,TRUE,TRUE,,,,,,1,2,2001,11
other,25,35_90216,35_90216_2,0,21,35_90216_2_124,17.272,1,,,,new,,,TRUE,,TRUE,TRUE,,,,,,1,2,2001,11
Pinus contorta,25,35_90216,35_90216_3,0,108,35_90216_3_127,19.05,2,,,,dead,,,,,,TRUE,,,,,,,3,2001,2
Pinus contorta,25,35_90216,35_90216_3,0,108,35_90216_3_128,32.004,1,,,,new,,,TRUE,,TRUE,TRUE,,,,,,1,3,2001,2
Pinus contorta,25,35_90216,35_90216_3,0,108,35_90216_3_130,15.494,1,,,,new,,,TRUE,,TRUE,TRUE,,,,,,1,3,2001,2
Pinus contorta,25,35_90216,35_90216_3,0,108,35_90216_3_131,37.084,1,,,,new,,,TRUE,,TRUE,TRUE,,,,,,1,3,2001,2
Pinus contorta,25,35_90216,35_90216_3,0,108,35_90216_3_133,21.59,1,,,,new,,,TRUE,,TRUE,TRUE,,,,,,1,3,2001,2
Pinus contorta,25,35_90216,35_90216_3,0,108,35_90216_3_134,30.48,1,,,,new,,,TRUE,,TRUE,TRUE,,,,,,1,3,2001,2
Tsuga mertensiana,25,35_90216,35_90216_3,0,264,35_90216_3_136,37.084,1,,,,new,,,TRUE,,TRUE,TRUE,,,,,,1,3,2001,7
Tsuga mertensiana,25,35_90216,35_90216_3,0,264,35_90216_3_137,29.972,2,,,,dead,,,,,,TRUE,,,,,,,3,2001,7
Tsuga mertensiana,25,35_90216,35_90216_3,0,264,35_90216_3_138,29.718,2,,,,dead,,,,,,TRUE,,,,,,,3,2001,7
Tsuga mertensiana,25,35_90216,35_90216_3,0,264,35_90216_3_139,38.354,1,,,,new,,,TRUE,,TRUE,TRUE,,,,,,1,3,2001,7
other,25,35_90216,35_90216_3,0,21,35_90216_3_129,25.146,2,,,,dead,,,,,,TRUE,,,,,,,3,2001,11
other,25,35_90216,35_90216_3,0,21,35_90216_3_132,69.342,1,,,,new,,,TRUE,,TRUE,TRUE,,,,,,1,3,2001,11
other,25,35_90216,35_90216_3,0,21,35_90216_3_135,18.288,1,,,,new,,,TRUE,,TRUE,TRUE,,,,,,1,3,2001,11
Pinus contorta,25,35_90216,35_90216_4,0,108,35_90216_4_141,17.272,1,,,,new,,,TRUE,,TRUE,TRUE,,,,,,1,4,2001,2
Tsuga mertensiana,25,35_90216,35_90216_4,0,264,35_90216_4_140,24.13,1,,,,new,,,TRUE,,TRUE,TRUE,,,,,,1,4,2001,7
Tsuga mertensiana,25,35_90216,35_90216_4,0,264,35_90216_4_143,38.354,1,,,,new,,,TRUE,,TRUE,TRUE,,,,,,1,4,2001,7
Tsuga mertensiana,25,35_90216,35_90216_4,0,264,35_90216_4_144,24.13,1,,,,new,,,TRUE,,TRUE,TRUE,,,,,,1,4,2001,7
Tsuga mertensiana,25,35_90216,35_90216_4,0,264,35_90216_4_145,17.018,1,,,,new,,,TRUE,,TRUE,TRUE,,,,,,1,4,2001,7
Tsuga mertensiana,25,35_90216,35_90216_4,0,264,35_90216_4_146,14.478,1,,,,new,,,TRUE,,TRUE,TRUE,,,,,,1,4,2001,7
Tsuga mertensiana,25,35_90216,35_90216_4,0,264,35_90216_4_147,26.416,1,,,,new,,,TRUE,,TRUE,TRUE,,,,,,1,4,2001,7
other,25,35_90216,35_90216_4,0,21,35_90216_4_142,14.732,1,,,,new,,,TRUE,,TRUE,TRUE,,,,,,1,4,2001,11
Pinus contorta,26,35_93622,35_93622_1,0,108,35_93622_1_100,22.86,1,,,,new,,,TRUE,,TRUE,TRUE,,,,,,1,1,2001,2
Pinus contorta,26,35_93622,35_93622_1,0,108,35_93622_1_101,30.48,1,,,,new,,,TRUE,,TRUE,TRUE,,,,,,1,1,2001,2
Pinus contorta,26,35_93622,35_93622_1,0,108,35_93622_1_102,13.462,1,,,,new,,,TRUE,,TRUE,TRUE,,,,,,1,1,2001,2
Pinus contorta,26,35_93622,35_93622_1,0,108,35_93622_1_103,13.462,1,,,,new,,,TRUE,,TRUE,TRUE,,,,,,1,1,2001,2
Pinus contorta,26,35_93622,35_93622_1,0,108,35_93622_1_104,23.622,1,,,,new,,,TRUE,,TRUE,TRUE,,,,,,1,1,2001,2
Pinus contorta,26,35_93622,35_93622_1,0,108,35_93622_1_105,17.018,1,,,,new,,,TRUE,,TRUE,TRUE,,,,,,1,1,2001,2
Pinus contorta,26,35_93622,35_93622_1,0,108,35_93622_1_106,22.098,1,,,,new,,,TRUE,,TRUE,TRUE,,,,,,1,1,2001,2
Pinus contorta,26,35_93622,35_93622_1,0,108,35_93622_1_107,16.256,1,,,,new,,,TRUE,,TRUE,TRUE,,,,,,1,1,2001,2
Pinus contorta,26,35_93622,35_93622_1,0,108,35_93622_1_108,23.622,1,,,,new,,,TRUE,,TRUE,TRUE,,,,,,1,1,2001,2
Pinus contorta,26,35_93622,35_93622_1,0,108,35_93622_1_109,21.082,1,,,,new,,,TRUE,,TRUE,TRUE,,,,,,1,1,2001,2
Pinus contorta,26,35_93622,35_93622_1,0,108,35_93622_1_110,18.796,1,,,,new,,,TRUE,,TRUE,TRUE,,,,,,1,1,2001,2
Pinus contorta,26,35_93622,35_93622_1,0,108,35_93622_1_111,16.51,1,,,,new,,,TRUE,,TRUE,TRUE,,,,,,1,1,2001,2
Pinus contorta,26,35_93622,35_93622_1,0,108,35_93622_1_112,19.05,1,,,,new,,,TRUE,,TRUE,TRUE,,,,,,1,1,2001,2
Pinus contorta,26,35_93622,35_93622_4,0,108,35_93622_4_131,24.892,1,,,,new,,,TRUE,,TRUE,TRUE,,,,,,1,4,2001,2
Pinus contorta,26,35_93622,35_93622_4,0,108,35_93622_4_132,14.224,1,,,,new,,,TRUE,,TRUE,TRUE,,,,,,1,4,2001,2
Pinus contorta,26,35_93622,35_93622_4,0,108,35_93622_4_133,19.304,1,,,,new,,,TRUE,,TRUE,TRUE,,,,,,1,4,2001,2
Pinus contorta,26,35_93622,35_93622_4,0,108,35_93622_4_134,14.732,1,,,,new,,,TRUE,,TRUE,TRUE,,,,,,1,4,2001,2
Pseudotsuga menziesii,27,39_79715,39_79715_1,0,202,39_79715_1_107,96.012,1,,,,new,,,TRUE,,TRUE,TRUE,,,,,,1,1,2002,1
Pinus contorta,27,39_79715,39_79715_1,0,108,39_79715_1_102,23.876,2,,,,dead,,,,,,TRUE,,,,,,,1,2002,2
Pinus contorta,27,39_79715,39_79715_1,0,108,39_79715_1_104,31.75,2,,,,dead,,,,,,TRUE,,,,,,,1,2002,2
Tsuga mertensiana,27,39_79715,39_79715_1,0,264,39_79715_1_105,13.462,1,,,,new,,,TRUE,,TRUE,TRUE,,,,,,1,1,2002,7
other,27,39_79715,39_79715_1,0,19,39_79715_1_103,16.764,1,,,,new,,,TRUE,,TRUE,TRUE,,,,,,1,1,2002,11
other,27,39_79715,39_79715_1,0,19,39_79715_1_106,18.034,2,,,,dead,,,,,,TRUE,,,,,,,1,2002,11
Pseudotsuga menziesii,27,39_79715,39_79715_2,0,202,39_79715_2_110,87.376,1,,,,new,,,TRUE,,TRUE,TRUE,,,,,,1,2,2002,1
Pseudotsuga menziesii,27,39_79715,39_79715_2,0,202,39_79715_2_114,33.274,1,,,,new,,,TRUE,,TRUE,TRUE,,,,,,1,2,2002,1
Pseudotsuga menziesii,27,39_79715,39_79715_2,0,202,39_79715_2_117,43.942,1,,,,new,,,TRUE,,TRUE,TRUE,,,,,,1,2,2002,1
Pseudotsuga menziesii,27,39_79715,39_79715_2,0,202,39_79715_2_123,67.056,1,,,,new,,,TRUE,,TRUE,TRUE,,,,,,1,2,2002,1
Pseudotsuga menziesii,27,39_79715,39_79715_2,0,202,39_79715_2_124,77.47,1,,,,new,,,TRUE,,TRUE,TRUE,,,,,,1,2,2002,1
Tsuga mertensiana,27,39_79715,39_79715_2,0,264,39_79715_2_111,31.496,1,,,,new,,,TRUE,,TRUE,TRUE,,,,,,1,2,2002,7
Tsuga mertensiana,27,39_79715,39_79715_2,0,264,39_79715_2_113,15.748,1,,,,new,,,TRUE,,TRUE,TRUE,,,,,,1,2,2002,7
Tsuga mertensiana,27,39_79715,39_79715_2,0,264,39_79715_2_115,31.75,1,,,,new,,,TRUE,,TRUE,TRUE,,,,,,1,2,2002,7
Tsuga mertensiana,27,39_79715,39_79715_2,0,264,39_79715_2_118,20.574,1,,,,new,,,TRUE,,TRUE,TRUE,,,,,,1,2,2002,7
Tsuga mertensiana,27,39_79715,39_79715_2,0,264,39_79715_2_119,18.796,1,,,,new,,,TRUE,,TRUE,TRUE,,,,,,1,2,2002,7
Tsuga mertensiana,27,39_79715,39_79715_2,0,264,39_79715_2_120,18.796,1,,,,new,,,TRUE,,TRUE,TRUE,,,,,,1,2,2002,7
Tsuga mertensiana,27,39_79715,39_79715_2,0,264,39_79715_2_121,34.798,1,,,,new,,,TRUE,,TRUE,TRUE,,,,,,1,2,2002,7
other,27,39_79715,39_79715_2,0,19,39_79715_2_108,14.732,2,,,,dead,,,,,,TRUE,,,,,,,2,2002,11
other,27,39_79715,39_79715_2,0,119,39_79715_2_109,45.72,2,,,,dead,,,,,,TRUE,,,,,,,2,2002,11
other,27,39_79715,39_79715_2,0,119,39_79715_2_112,54.102,2,,,,dead,,,,,,TRUE,,,,,,,2,2002,11
other,27,39_79715,39_79715_2,0,299,39_79715_2_122,21.844,2,,,,dead,,,,,,TRUE,,,,,,,2,2002,11
Pseudotsuga menziesii,27,39_79715,39_79715_3,0,202,39_79715_3_125,22.606,1,,,,new,,,TRUE,,TRUE,TRUE,,,,,,1,3,2002,1
Pinus contorta,27,39_79715,39_79715_3,0,108,39_79715_3_127,33.528,2,,,,dead,,,,,,TRUE,,,,,,,3,2002,2
Pinus contorta,27,39_79715,39_79715_3,0,108,39_79715_3_129,19.05,2,,,,dead,,,,,,TRUE,,,,,,,3,2002,2
Pinus contorta,27,39_79715,39_79715_3,0,108,39_79715_3_131,22.352,2,,,,dead,,,,,,TRUE,,,,,,,3,2002,2
Tsuga mertensiana,27,39_79715,39_79715_3,0,264,39_79715_3_126,27.94,1,,,,new,,,TRUE,,TRUE,TRUE,,,,,,1,3,2002,7
Tsuga mertensiana,27,39_79715,39_79715_3,0,264,39_79715_3_128,30.734,1,,,,new,,,TRUE,,TRUE,TRUE,,,,,,1,3,2002,7
Tsuga mertensiana,27,39_79715,39_79715_3,0,264,39_79715_3_130,24.13,1,,,,new,,,TRUE,,TRUE,TRUE,,,,,,1,3,2002,7
other,27,39_79715,39_79715_3,0,22,39_79715_3_132,68.834,1,,,,new,,,TRUE,,TRUE,TRUE,,,,,,1,3,2002,11
Pinus contorta,27,39_79715,39_79715_4,0,108,39_79715_4_135,34.29,1,,,,new,,,TRUE,,TRUE,TRUE,,,,,,1,4,2002,2
Pinus contorta,27,39_79715,39_79715_4,0,108,39_79715_4_141,24.892,2,,,,dead,,,,,,TRUE,,,,,,,4,2002,2
Tsuga mertensiana,27,39_79715,39_79715_4,0,264,39_79715_4_136,17.272,1,,,,new,,,TRUE,,TRUE,TRUE,,,,,,1,4,2002,7
Tsuga mertensiana,27,39_79715,39_79715_4,0,264,39_79715_4_137,36.83,1,,,,new,,,TRUE,,TRUE,TRUE,,,,,,1,4,2002,7
Tsuga mertensiana,27,39_79715,39_79715_4,0,264,39_79715_4_138,46.228,1,,,,new,,,TRUE,,TRUE,TRUE,,,,,,1,4,2002,7
Tsuga mertensiana,27,39_79715,39_79715_4,0,264,39_79715_4_139,53.848,1,,,,new,,,TRUE,,TRUE,TRUE,,,,,,1,4,2002,7
other,27,39_79715,39_79715_4,0,19,39_79715_4_134,17.018,2,,,,dead,,,,,,TRUE,,,,,,,4,2002,11
other,27,39_79715,39_79715_4,0,119,39_79715_4_140,31.496,2,,,,dead,,,,,,TRUE,,,,,,,4,2002,11
Pseudotsuga menziesii,28,41_58228,41_58228_1,0,202,41_58228_1_101,46.99,1,,,,new,,,TRUE,,TRUE,TRUE,,,,,,1,1,2002,1
Pseudotsuga menziesii,28,41_58228,41_58228_1,0,202,41_58228_1_102,43.942,1,,,,new,,,TRUE,,TRUE,TRUE,,,,,,1,1,2002,1
Pseudotsuga menziesii,28,41_58228,41_58228_1,0,202,41_58228_1_103,55.118,1,,,,new,,,TRUE,,TRUE,TRUE,,,,,,1,1,2002,1
Pseudotsuga menziesii,28,41_58228,41_58228_1,0,202,41_58228_1_104,26.67,1,,,,new,,,TRUE,,TRUE,TRUE,,,,,,1,1,2002,1
Pseudotsuga menziesii,28,41_58228,41_58228_1,0,202,41_58228_1_106,37.084,1,,,,new,,,TRUE,,TRUE,TRUE,,,,,,1,1,2002,1
Alnus rubra,28,41_58228,41_58228_1,0,351,41_58228_1_100,14.732,1,,,,new,,,TRUE,,TRUE,TRUE,,,,,,1,1,2002,6
Alnus rubra,28,41_58228,41_58228_1,0,351,41_58228_1_105,18.034,1,,,,new,,,TRUE,,TRUE,TRUE,,,,,,1,1,2002,6
Pseudotsuga menziesii,28,41_58228,41_58228_2,0,202,41_58228_2_108,32.766,1,,,,new,,,TRUE,,TRUE,TRUE,,,,,,1,2,2002,1
Pseudotsuga menziesii,28,41_58228,41_58228_2,0,202,41_58228_2_109,48.514,1,,,,new,,,TRUE,,TRUE,TRUE,,,,,,1,2,2002,1
Pseudotsuga menziesii,28,41_58228,41_58228_2,0,202,41_58228_2_110,43.688,1,,,,new,,,TRUE,,TRUE,TRUE,,,,,,1,2,2002,1
Alnus rubra,28,41_58228,41_58228_2,0,351,41_58228_2_107,23.876,1,,,,new,,,TRUE,,TRUE,TRUE,,,,,,1,2,2002,6
Pseudotsuga menziesii,28,41_58228,41_58228_3,0,202,41_58228_3_117,39.37,1,,,,new,,,TRUE,,TRUE,TRUE,,,,,,1,3,2002,1
Pseudotsuga menziesii,28,41_58228,41_58228_3,0,202,41_58228_3_118,34.544,1,,,,new,,,TRUE,,TRUE,TRUE,,,,,,1,3,2002,1
Pseudotsuga menziesii,28,41_58228,41_58228_3,0,202,41_58228_3_122,42.672,1,,,,new,,,TRUE,,TRUE,TRUE,,,,,,1,3,2002,1
Pseudotsuga menziesii,28,41_58228,41_58228_3,0,202,41_58228_3_125,27.94,1,,,,new,,,TRUE,,TRUE,TRUE,,,,,,1,3,2002,1
Alnus rubra,28,41_58228,41_58228_3,0,351,41_58228_3_120,13.208,1,,,,new,,,TRUE,,TRUE,TRUE,,,,,,1,3,2002,6
Alnus rubra,28,41_58228,41_58228_3,0,351,41_58228_3_121,34.798,1,,,,new,,,TRUE,,TRUE,TRUE,,,,,,1,3,2002,6
Alnus rubra,28,41_58228,41_58228_3,0,351,41_58228_3_123,21.336,1,,,,new,,,TRUE,,TRUE,TRUE,,,,,,1,3,2002,6
Alnus rubra,28,41_58228,41_58228_3,0,351,41_58228_3_124,14.224,1,,,,new,,,TRUE,,TRUE,TRUE,,,,,,1,3,2002,6
Alnus rubra,28,41_58228,41_58228_3,0,351,41_58228_3_126,16.764,1,,,,new,,,TRUE,,TRUE,TRUE,,,,,,1,3,2002,6
other,28,41_58228,41_58228_3,0,768,41_58228_3_119,13.716,1,,,,new,,,TRUE,,TRUE,TRUE,,,,,,1,3,2002,11
Pseudotsuga menziesii,28,41_58228,41_58228_4,0,202,41_58228_4_111,42.164,1,,,,new,,,TRUE,,TRUE,TRUE,,,,,,1,4,2002,1
Pseudotsuga menziesii,28,41_58228,41_58228_4,0,202,41_58228_4_112,41.656,1,,,,new,,,TRUE,,TRUE,TRUE,,,,,,1,4,2002,1
Pseudotsuga menziesii,28,41_58228,41_58228_4,0,202,41_58228_4_113,38.1,1,,,,new,,,TRUE,,TRUE,TRUE,,,,,,1,4,2002,1
Pseudotsuga menziesii,28,41_58228,41_58228_4,0,202,41_58228_4_114,40.894,1,,,,new,,,TRUE,,TRUE,TRUE,,,,,,1,4,2002,1
Pseudotsuga menziesii,28,41_58228,41_58228_4,0,202,41_58228_4_115,39.624,1,,,,new,,,TRUE,,TRUE,TRUE,,,,,,1,4,2002,1
Alnus rubra,28,41_58228,41_58228_4,0,351,41_58228_4_116,34.544,1,,,,new,,,TRUE,,TRUE,TRUE,,,,,,1,4,2002,6
Alnus rubra,29,43_57823,43_57823_1,0,351,43_57823_1_100,22.352,1,,,,new,,,TRUE,,TRUE,TRUE,,,,,,1,1,2002,6
Alnus rubra,29,43_57823,43_57823_1,0,351,43_57823_1_101,17.78,2,,,,dead,,,,,,TRUE,,,,,,,1,2002,6
Alnus rubra,29,43_57823,43_57823_1,0,351,43_57823_1_102,27.94,1,,,,new,,,TRUE,,TRUE,TRUE,,,,,,1,1,2002,6
Alnus rubra,29,43_57823,43_57823_1,0,351,43_57823_1_103,22.606,1,,,,new,,,TRUE,,TRUE,TRUE,,,,,,1,1,2002,6
Alnus rubra,29,43_57823,43_57823_1,0,351,43_57823_1_104,19.05,2,,,,dead,,,,,,TRUE,,,,,,,1,2002,6
Alnus rubra,29,43_57823,43_57823_1,0,351,43_57823_1_105,32.766,1,,,,new,,,TRUE,,TRUE,TRUE,,,,,,1,1,2002,6
Alnus rubra,29,43_57823,43_57823_1,0,351,43_57823_1_106,25.4,1,,,,new,,,TRUE,,TRUE,TRUE,,,,,,1,1,2002,6
Alnus rubra,29,43_57823,43_57823_1,0,351,43_57823_1_107,30.226,1,,,,new,,,TRUE,,TRUE,TRUE,,,,,,1,1,2002,6
Alnus rubra,29,43_57823,43_57823_1,0,351,43_57823_1_108,22.098,1,,,,new,,,TRUE,,TRUE,TRUE,,,,,,1,1,2002,6
Alnus rubra,29,43_57823,43_57823_1,0,351,43_57823_1_109,22.86,1,,,,new,,,TRUE,,TRUE,TRUE,,,,,,1,1,2002,6
Alnus rubra,29,43_57823,43_57823_1,0,351,43_57823_1_110,19.812,2,,,,dead,,,,,,TRUE,,,,,,,1,2002,6
other,29,43_57823,43_57823_2,0,263,43_57823_2_111,40.64,2,,,,dead,,,,,,TRUE,,,,,,,2,2002,11
Alnus rubra,29,43_57823,43_57823_3,0,351,43_57823_3_126,21.844,1,,,,new,,,TRUE,,TRUE,TRUE,,,,,,1,3,2002,6
Alnus rubra,29,43_57823,43_57823_3,0,351,43_57823_3_127,33.528,1,,,,new,,,TRUE,,TRUE,TRUE,,,,,,1,3,2002,6
Alnus rubra,29,43_57823,43_57823_3,0,351,43_57823_3_128,26.416,1,,,,new,,,TRUE,,TRUE,TRUE,,,,,,1,3,2002,6
Alnus rubra,29,43_57823,43_57823_3,0,351,43_57823_3_129,20.066,1,,,,new,,,TRUE,,TRUE,TRUE,,,,,,1,3,2002,6
Alnus rubra,29,43_57823,43_57823_3,0,351,43_57823_3_130,21.844,1,,,,new,,,TRUE,,TRUE,TRUE,,,,,,1,3,2002,6
Alnus rubra,29,43_57823,43_57823_3,0,351,43_57823_3_131,18.034,2,,,,dead,,,,,,TRUE,,,,,,,3,2002,6
Alnus rubra,29,43_57823,43_57823_3,0,351,43_57823_3_132,35.814,1,,,,new,,,TRUE,,TRUE,TRUE,,,,,,1,3,2002,6
Alnus rubra,29,43_57823,43_57823_3,0,351,43_57823_3_133,26.162,1,,,,new,,,TRUE,,TRUE,TRUE,,,,,,1,3,2002,6
Alnus rubra,29,43_57823,43_57823_3,0,351,43_57823_3_134,22.352,1,,,,new,,,TRUE,,TRUE,TRUE,,,,,,1,3,2002,6
Alnus rubra,29,43_57823,43_57823_3,0,351,43_57823_3_135,29.21,1,,,,new,,,TRUE,,TRUE,TRUE,,,,,,1,3,2002,6
Alnus rubra,29,43_57823,43_57823_3,0,351,43_57823_3_137,19.558,2,,,,dead,,,,,,TRUE,,,,,,,3,2002,6
Alnus rubra,29,43_57823,43_57823_3,0,351,43_57823_3_138,27.686,2,,,,dead,,,,,,TRUE,,,,,,,3,2002,6
Alnus rubra,29,43_57823,43_57823_3,0,351,43_57823_3_140,17.018,1,,,,new,,,TRUE,,TRUE,TRUE,,,,,,1,3,2002,6
Alnus rubra,29,43_57823,43_57823_3,0,351,43_57823_3_141,25.4,1,,,,new,,,TRUE,,TRUE,TRUE,,,,,,1,3,2002,6
Alnus rubra,29,43_57823,43_57823_3,0,351,43_57823_3_142,20.828,1,,,,new,,,TRUE,,TRUE,TRUE,,,,,,1,3,2002,6
other,29,43_57823,43_57823_3,0,312,43_57823_3_139,34.29,1,,,,new,,,TRUE,,TRUE,TRUE,,,,,,1,3,2002,11
Alnus rubra,29,43_57823,43_57823_4,0,351,43_57823_4_121,22.098,1,,,,new,,,TRUE,,TRUE,TRUE,,,,,,1,4,2002,6
Alnus rubra,29,43_57823,43_57823_4,0,351,43_57823_4_123,37.592,1,,,,new,,,TRUE,,TRUE,TRUE,,,,,,1,4,2002,6
Alnus rubra,29,43_57823,43_57823_4,0,351,43_57823_4_124,31.496,1,,,,new,,,TRUE,,TRUE,TRUE,,,,,,1,4,2002,6
other,29,43_57823,43_57823_4,0,263,43_57823_4_119,20.32,1,,,,new,,,TRUE,,TRUE,TRUE,,,,,,1,4,2002,11
other,29,43_57823,43_57823_4,0,263,43_57823_4_120,29.464,1,,,,new,,,TRUE,,TRUE,TRUE,,,,,,1,4,2002,11
other,29,43_57823,43_57823_4,0,312,43_57823_4_122,22.606,1,,,,new,,,TRUE,,TRUE,TRUE,,,,,,1,4,2002,11
Pseudotsuga menziesii,30,5_65499,5_65499_1,0,202,5_65499_1_101,51.308,1,,,,new,,,TRUE,,TRUE,TRUE,,,,,,1,1,2001,1
Pseudotsuga menziesii,30,5_65499,5_65499_1,0,202,5_65499_1_102,12.954,1,,,,new,,,TRUE,,TRUE,TRUE,,,,,,1,1,2001,1
Pseudotsuga menziesii,30,5_65499,5_65499_1,0,202,5_65499_1_103,51.054,1,,,,new,,,TRUE,,TRUE,TRUE,,,,,,1,1,2001,1
Pseudotsuga menziesii,30,5_65499,5_65499_1,0,202,5_65499_1_104,47.498,1,,,,new,,,TRUE,,TRUE,TRUE,,,,,,1,1,2001,1
Pseudotsuga menziesii,30,5_65499,5_65499_1,0,202,5_65499_1_105,20.32,1,,,,new,,,TRUE,,TRUE,TRUE,,,,,,1,1,2001,1
Pseudotsuga menziesii,30,5_65499,5_65499_1,0,202,5_65499_1_106,46.228,1,,,,new,,,TRUE,,TRUE,TRUE,,,,,,1,1,2001,1
Pseudotsuga menziesii,30,5_65499,5_65499_1,0,202,5_65499_1_107,120.65,1,,,,new,,,TRUE,,TRUE,TRUE,,,,,,1,1,2001,1
other,30,5_65499,5_65499_1,0,263,5_65499_1_100,28.702,1,,,,new,,,TRUE,,TRUE,TRUE,,,,,,1,1,2001,11
Pseudotsuga menziesii,30,5_65499,5_65499_2,0,202,5_65499_2_110,45.212,1,,,,new,,,TRUE,,TRUE,TRUE,,,,,,1,2,2001,1
Pseudotsuga menziesii,30,5_65499,5_65499_2,0,202,5_65499_2_111,34.036,1,,,,new,,,TRUE,,TRUE,TRUE,,,,,,1,2,2001,1
Pseudotsuga menziesii,30,5_65499,5_65499_2,0,202,5_65499_2_112,14.732,1,,,,new,,,TRUE,,TRUE,TRUE,,,,,,1,2,2001,1
Pseudotsuga menziesii,30,5_65499,5_65499_2,0,202,5_65499_2_113,55.372,1,,,,new,,,TRUE,,TRUE,TRUE,,,,,,1,2,2001,1
Pseudotsuga menziesii,30,5_65499,5_65499_2,0,202,5_65499_2_114,95.504,1,,,,new,,,TRUE,,TRUE,TRUE,,,,,,1,2,2001,1
Pseudotsuga menziesii,30,5_65499,5_65499_2,0,202,5_65499_2_115,78.994,1,,,,new,,,TRUE,,TRUE,TRUE,,,,,,1,2,2001,1
Pseudotsuga menziesii,30,5_65499,5_65499_2,0,202,5_65499_2_117,89.408,1,,,,new,,,TRUE,,TRUE,TRUE,,,,,,1,2,2001,1
Pseudotsuga menziesii,30,5_65499,5_65499_2,0,202,5_65499_2_118,112.522,1,,,,new,,,TRUE,,TRUE,TRUE,,,,,,1,2,2001,1
Pseudotsuga menziesii,30,5_65499,5_65499_2,0,202,5_65499_2_119,114.046,1,,,,new,,,TRUE,,TRUE,TRUE,,,,,,1,2,2001,1
Pseudotsuga menziesii,30,5_65499,5_65499_2,0,202,5_65499_2_120,99.314,1,,,,new,,,TRUE,,TRUE,TRUE,,,,,,1,2,2001,1
Pseudotsuga menziesii,30,5_65499,5_65499_3,0,202,5_65499_3_122,127.508,1,,,,new,,,TRUE,,TRUE,TRUE,,,,,,1,3,2001,1
Pseudotsuga menziesii,30,5_65499,5_65499_4,0,202,5_65499_4_125,17.78,2,,,,dead,,,,,,TRUE,,,,,,,4,2001,1
Pseudotsuga menziesii,30,5_65499,5_65499_4,0,202,5_65499_4_126,125.73,1,,,,new,,,TRUE,,TRUE,TRUE,,,,,,1,4,2001,1
Pseudotsuga menziesii,30,5_65499,5_65499_4,0,202,5_65499_4_127,97.79,1,,,,new,,,TRUE,,TRUE,TRUE,,,,,,1,4,2001,1
Pseudotsuga menziesii,30,5_65499,5_65499_4,0,202,5_65499_4_128,98.806,1,,,,new,,,TRUE,,TRUE,TRUE,,,,,,1,4,2001,1
Pseudotsuga menziesii,31,53_97305,53_97305_1,0,202,53_97305_1_100,16.256,1,,,,new,,,TRUE,,TRUE,TRUE,,,,,,1,1,2002,1
Pseudotsuga menziesii,31,53_97305,53_97305_1,0,202,53_97305_1_101,13.97,1,,,,new,,,TRUE,,TRUE,TRUE,,,,,,1,1,2002,1
Pseudotsuga menziesii,31,53_97305,53_97305_1,0,202,53_97305_1_102,17.526,1,,,,new,,,TRUE,,TRUE,TRUE,,,,,,1,1,2002,1
Pseudotsuga menziesii,31,53_97305,53_97305_1,0,202,53_97305_1_103,16.256,1,,,,new,,,TRUE,,TRUE,TRUE,,,,,,1,1,2002,1
Pseudotsuga menziesii,31,53_97305,53_97305_1,0,202,53_97305_1_104,13.97,1,,,,new,,,TRUE,,TRUE,TRUE,,,,,,1,1,2002,1
Alnus rubra,31,53_97305,53_97305_2,0,351,53_97305_2_130,16.764,1,,,,new,,,TRUE,,TRUE,TRUE,,,,,,1,2,2002,6
Alnus rubra,31,53_97305,53_97305_2,0,351,53_97305_2_131,15.24,1,,,,new,,,TRUE,,TRUE,TRUE,,,,,,1,2,2002,6
Alnus rubra,31,53_97305,53_97305_2,0,351,53_97305_2_132,17.018,1,,,,new,,,TRUE,,TRUE,TRUE,,,,,,1,2,2002,6
Alnus rubra,31,53_97305,53_97305_2,0,351,53_97305_2_134,21.59,1,,,,new,,,TRUE,,TRUE,TRUE,,,,,,1,2,2002,6
Alnus rubra,31,53_97305,53_97305_2,0,351,53_97305_2_136,14.986,1,,,,new,,,TRUE,,TRUE,TRUE,,,,,,1,2,2002,6
Alnus rubra,31,53_97305,53_97305_2,0,351,53_97305_2_138,13.208,1,,,,new,,,TRUE,,TRUE,TRUE,,,,,,1,2,2002,6
Alnus rubra,31,53_97305,53_97305_2,0,351,53_97305_2_139,13.208,1,,,,new,,,TRUE,,TRUE,TRUE,,,,,,1,2,2002,6
other,31,53_97305,53_97305_2,0,263,53_97305_2_133,24.638,1,,,,new,,,TRUE,,TRUE,TRUE,,,,,,1,2,2002,11
other,31,53_97305,53_97305_2,0,263,53_97305_2_135,19.05,1,,,,new,,,TRUE,,TRUE,TRUE,,,,,,1,2,2002,11
Pseudotsuga menziesii,31,53_97305,53_97305_3,0,202,53_97305_3_105,13.97,1,,,,new,,,TRUE,,TRUE,TRUE,,,,,,1,3,2002,1
Pseudotsuga menziesii,31,53_97305,53_97305_3,0,202,53_97305_3_109,14.732,1,,,,new,,,TRUE,,TRUE,TRUE,,,,,,1,3,2002,1
Pseudotsuga menziesii,31,53_97305,53_97305_3,0,202,53_97305_3_110,15.494,1,,,,new,,,TRUE,,TRUE,TRUE,,,,,,1,3,2002,1
Pseudotsuga menziesii,31,53_97305,53_97305_3,0,202,53_97305_3_111,13.97,1,,,,new,,,TRUE,,TRUE,TRUE,,,,,,1,3,2002,1
Pseudotsuga menziesii,31,53_97305,53_97305_3,0,202,53_97305_3_112,19.304,1,,,,new,,,TRUE,,TRUE,TRUE,,,,,,1,3,2002,1
Pseudotsuga menziesii,31,53_97305,53_97305_3,0,202,53_97305_3_113,16.002,1,,,,new,,,TRUE,,TRUE,TRUE,,,,,,1,3,2002,1
Pseudotsuga menziesii,31,53_97305,53_97305_3,0,202,53_97305_3_114,19.558,1,,,,new,,,TRUE,,TRUE,TRUE,,,,,,1,3,2002,1
other,31,53_97305,53_97305_3,0,263,53_97305_3_106,24.892,1,,,,new,,,TRUE,,TRUE,TRUE,,,,,,1,3,2002,11
other,31,53_97305,53_97305_3,0,242,53_97305_3_107,26.924,1,,,,new,,,TRUE,,TRUE,TRUE,,,,,,1,3,2002,11
other,31,53_97305,53_97305_3,0,263,53_97305_3_108,24.638,1,,,,new,,,TRUE,,TRUE,TRUE,,,,,,1,3,2002,11
Alnus rubra,31,53_97305,53_97305_4,0,351,53_97305_4_116,13.208,1,,,,new,,,TRUE,,TRUE,TRUE,,,,,,1,4,2002,6
Alnus rubra,31,53_97305,53_97305_4,0,351,53_97305_4_117,12.954,1,,,,new,,,TRUE,,TRUE,TRUE,,,,,,1,4,2002,6
Alnus rubra,31,53_97305,53_97305_4,0,351,53_97305_4_118,16.51,1,,,,new,,,TRUE,,TRUE,TRUE,,,,,,1,4,2002,6
Alnus rubra,31,53_97305,53_97305_4,0,351,53_97305_4_119,14.224,1,,,,new,,,TRUE,,TRUE,TRUE,,,,,,1,4,2002,6
Alnus rubra,31,53_97305,53_97305_4,0,351,53_97305_4_120,14.224,1,,,,new,,,TRUE,,TRUE,TRUE,,,,,,1,4,2002,6
Alnus rubra,31,53_97305,53_97305_4,0,351,53_97305_4_121,13.97,1,,,,new,,,TRUE,,TRUE,TRUE,,,,,,1,4,2002,6
Alnus rubra,31,53_97305,53_97305_4,0,351,53_97305_4_122,13.97,1,,,,new,,,TRUE,,TRUE,TRUE,,,,,,1,4,2002,6
Alnus rubra,31,53_97305,53_97305_4,0,351,53_97305_4_123,15.494,1,,,,new,,,TRUE,,TRUE,TRUE,,,,,,1,4,2002,6
Alnus rubra,31,53_97305,53_97305_4,0,351,53_97305_4_124,17.78,1,,,,new,,,TRUE,,TRUE,TRUE,,,,,,1,4,2002,6
Alnus rubra,31,53_97305,53_97305_4,0,351,53_97305_4_125,19.05,1,,,,new,,,TRUE,,TRUE,TRUE,,,,,,1,4,2002,6
Alnus rubra,31,53_97305,53_97305_4,0,351,53_97305_4_126,17.018,1,,,,new,,,TRUE,,TRUE,TRUE,,,,,,1,4,2002,6
Alnus rubra,31,53_97305,53_97305_4,0,351,53_97305_4_128,13.716,1,,,,new,,,TRUE,,TRUE,TRUE,,,,,,1,4,2002,6
Pseudotsuga menziesii,32,61_54789,61_54789_1,0,202,61_54789_1_100,33.02,1,,,,new,,,TRUE,,TRUE,TRUE,,,,,,1,1,2002,1
Pinus ponderosa,32,61_54789,61_54789_1,0,122,61_54789_1_101,60.96,1,,,,new,,,TRUE,,TRUE,TRUE,,,,,,1,1,2002,4
Pseudotsuga menziesii,32,61_54789,61_54789_2,0,202,61_54789_2_104,32.512,1,,,,new,,,TRUE,,TRUE,TRUE,,,,,,1,2,2002,1
Pseudotsuga menziesii,32,61_54789,61_54789_2,0,202,61_54789_2_106,31.496,1,,,,new,,,TRUE,,TRUE,TRUE,,,,,,1,2,2002,1
Pseudotsuga menziesii,32,61_54789,61_54789_2,0,202,61_54789_2_107,16.51,1,,,,new,,,TRUE,,TRUE,TRUE,,,,,,1,2,2002,1
Pseudotsuga menziesii,32,61_54789,61_54789_2,0,202,61_54789_2_108,37.338,1,,,,new,,,TRUE,,TRUE,TRUE,,,,,,1,2,2002,1
Pseudotsuga menziesii,32,61_54789,61_54789_2,0,202,61_54789_2_109,33.528,1,,,,new,,,TRUE,,TRUE,TRUE,,,,,,1,2,2002,1
Pseudotsuga menziesii,32,61_54789,61_54789_2,0,202,61_54789_2_110,34.544,1,,,,new,,,TRUE,,TRUE,TRUE,,,,,,1,2,2002,1
Pseudotsuga menziesii,32,61_54789,61_54789_2,0,202,61_54789_2_111,21.59,1,,,,new,,,TRUE,,TRUE,TRUE,,,,,,1,2,2002,1
Pseudotsuga menziesii,32,61_54789,61_54789_2,0,202,61_54789_2_113,18.288,1,,,,new,,,TRUE,,TRUE,TRUE,,,,,,1,2,2002,1
Pseudotsuga menziesii,32,61_54789,61_54789_2,0,202,61_54789_2_115,21.59,1,,,,new,,,TRUE,,TRUE,TRUE,,,,,,1,2,2002,1
Pseudotsuga menziesii,32,61_54789,61_54789_2,0,202,61_54789_2_116,17.018,1,,,,new,,,TRUE,,TRUE,TRUE,,,,,,1,2,2002,1
Pseudotsuga menziesii,32,61_54789,61_54789_2,0,202,61_54789_2_118,29.464,1,,,,new,,,TRUE,,TRUE,TRUE,,,,,,1,2,2002,1
Pinus contorta,32,61_54789,61_54789_2,0,108,61_54789_2_103,18.034,1,,,,new,,,TRUE,,TRUE,TRUE,,,,,,1,2,2002,2
Pinus contorta,32,61_54789,61_54789_2,0,108,61_54789_2_112,17.526,1,,,,new,,,TRUE,,TRUE,TRUE,,,,,,1,2,2002,2
Pinus ponderosa,32,61_54789,61_54789_2,0,122,61_54789_2_117,35.052,1,,,,new,,,TRUE,,TRUE,TRUE,,,,,,1,2,2002,4
Abies grandis,32,61_54789,61_54789_2,0,17,61_54789_2_114,19.05,1,,,,new,,,TRUE,,TRUE,TRUE,,,,,,1,2,2002,5
Pinus ponderosa,32,61_54789,61_54789_3,0,122,61_54789_3_121,73.152,2,,,,dead,,,,,,TRUE,,,,,,,3,2002,4
Pinus ponderosa,32,61_54789,61_54789_3,0,122,61_54789_3_123,22.86,1,,,,new,,,TRUE,,TRUE,TRUE,,,,,,1,3,2002,4
Pinus ponderosa,32,61_54789,61_54789_3,0,122,61_54789_3_124,62.992,1,,,,new,,,TRUE,,TRUE,TRUE,,,,,,1,3,2002,4
Pseudotsuga menziesii,32,61_54789,61_54789_4,0,202,61_54789_4_126,29.718,1,,,,new,,,TRUE,,TRUE,TRUE,,,,,,1,4,2002,1
Pseudotsuga menziesii,32,61_54789,61_54789_4,0,202,61_54789_4_127,33.528,1,,,,new,,,TRUE,,TRUE,TRUE,,,,,,1,4,2002,1
Pseudotsuga menziesii,32,61_54789,61_54789_4,0,202,61_54789_4_128,54.102,1,,,,new,,,TRUE,,TRUE,TRUE,,,,,,1,4,2002,1
Pinus ponderosa,32,61_54789,61_54789_4,0,122,61_54789_4_125,60.96,1,,,,new,,,TRUE,,TRUE,TRUE,,,,,,1,4,2002,4
Pinus contorta,33,61_55972,61_55972_1,0,108,61_55972_1_101,17.526,1,,,,new,,,TRUE,,TRUE,TRUE,,,,,,1,1,2001,2
Pinus contorta,33,61_55972,61_55972_1,0,108,61_55972_1_104,17.526,2,,,,dead,,,,,,TRUE,,,,,,,1,2001,2
Pinus contorta,33,61_55972,61_55972_1,0,108,61_55972_1_111,19.304,2,,,,dead,,,,,,TRUE,,,,,,,1,2001,2
Picea engelmannii,33,61_55972,61_55972_1,0,93,61_55972_1_102,14.986,1,,,,new,,,TRUE,,TRUE,TRUE,,,,,,1,1,2001,9
Picea engelmannii,33,61_55972,61_55972_1,0,93,61_55972_1_103,16.002,1,,,,new,,,TRUE,,TRUE,TRUE,,,,,,1,1,2001,9
Picea engelmannii,33,61_55972,61_55972_1,0,93,61_55972_1_105,21.844,1,,,,new,,,TRUE,,TRUE,TRUE,,,,,,1,1,2001,9
Picea engelmannii,33,61_55972,61_55972_1,0,93,61_55972_1_106,24.13,1,,,,new,,,TRUE,,TRUE,TRUE,,,,,,1,1,2001,9
Picea engelmannii,33,61_55972,61_55972_1,0,93,61_55972_1_108,13.462,1,,,,new,,,TRUE,,TRUE,TRUE,,,,,,1,1,2001,9
Picea engelmannii,33,61_55972,61_55972_1,0,93,61_55972_1_109,75.946,1,,,,new,,,TRUE,,TRUE,TRUE,,,,,,1,1,2001,9
Picea engelmannii,33,61_55972,61_55972_1,0,93,61_55972_1_110,61.468,1,,,,new,,,TRUE,,TRUE,TRUE,,,,,,1,1,2001,9
Picea engelmannii,33,61_55972,61_55972_1,0,93,61_55972_1_112,67.056,1,,,,new,,,TRUE,,TRUE,TRUE,,,,,,1,1,2001,9
other,33,61_55972,61_55972_1,0,19,61_55972_1_100,20.32,1,,,,new,,,TRUE,,TRUE,TRUE,,,,,,1,1,2001,11
other,33,61_55972,61_55972_1,0,19,61_55972_1_107,13.716,1,,,,new,,,TRUE,,TRUE,TRUE,,,,,,1,1,2001,11
Pinus contorta,33,61_55972,61_55972_2,0,108,61_55972_2_119,18.288,1,,,,new,,,TRUE,,TRUE,TRUE,,,,,,1,2,2001,2
Picea engelmannii,33,61_55972,61_55972_2,0,93,61_55972_2_116,56.388,1,,,,new,,,TRUE,,TRUE,TRUE,,,,,,1,2,2001,9
Picea engelmannii,33,61_55972,61_55972_2,0,93,61_55972_2_120,16.002,1,,,,new,,,TRUE,,TRUE,TRUE,,,,,,1,2,2001,9
Picea engelmannii,33,61_55972,61_55972_2,0,93,61_55972_2_121,75.692,1,,,,new,,,TRUE,,TRUE,TRUE,,,,,,1,2,2001,9
other,33,61_55972,61_55972_2,0,19,61_55972_2_115,23.368,1,,,,new,,,TRUE,,TRUE,TRUE,,,,,,1,2,2001,11
other,33,61_55972,61_55972_2,0,19,61_55972_2_117,19.558,1,,,,new,,,TRUE,,TRUE,TRUE,,,,,,1,2,2001,11
other,33,61_55972,61_55972_2,0,19,61_55972_2_118,20.066,1,,,,new,,,TRUE,,TRUE,TRUE,,,,,,1,2,2001,11
Picea engelmannii,33,61_55972,61_55972_3,0,93,61_55972_3_123,14.732,1,,,,new,,,TRUE,,TRUE,TRUE,,,,,,1,3,2001,9
Picea engelmannii,33,61_55972,61_55972_4,0,93,61_55972_4_128,13.97,1,,,,new,,,TRUE,,TRUE,TRUE,,,,,,1,4,2001,9
Picea engelmannii,33,61_55972,61_55972_4,0,93,61_55972_4_129,13.462,1,,,,new,,,TRUE,,TRUE,TRUE,,,,,,1,4,2001,9
Picea engelmannii,33,61_55972,61_55972_4,0,93,61_55972_4_130,15.24,1,,,,new,,,TRUE,,TRUE,TRUE,,,,,,1,4,2001,9
Picea engelmannii,33,61_55972,61_55972_4,0,93,61_55972_4_132,68.326,1,,,,new,,,TRUE,,TRUE,TRUE,,,,,,1,4,2001,9
Picea engelmannii,33,61_55972,61_55972_4,0,93,61_55972_4_134,62.738,1,,,,new,,,TRUE,,TRUE,TRUE,,,,,,1,4,2001,9
Picea engelmannii,33,61_55972,61_55972_4,0,93,61_55972_4_135,75.184,1,,,,new,,,TRUE,,TRUE,TRUE,,,,,,1,4,2001,9
Picea engelmannii,33,61_55972,61_55972_4,0,93,61_55972_4_136,76.962,2,,,,dead,,,,,,TRUE,,,,,,,4,2001,9
other,33,61_55972,61_55972_4,0,19,61_55972_4_127,13.208,1,,,,new,,,TRUE,,TRUE,TRUE,,,,,,1,4,2001,11
other,33,61_55972,61_55972_4,0,19,61_55972_4_131,14.986,1,,,,new,,,TRUE,,TRUE,TRUE,,,,,,1,4,2001,11
other,33,61_55972,61_55972_4,0,19,61_55972_4_133,26.924,2,,,,dead,,,,,,TRUE,,,,,,,4,2001,11
Pinus contorta,34,61_80171,61_80171_1,0,108,61_80171_1_100,12.954,1,,,,new,,,TRUE,,TRUE,TRUE,,,,,,1,1,2002,2
Pinus contorta,34,61_80171,61_80171_1,0,108,61_80171_1_101,13.208,1,,,,new,,,TRUE,,TRUE,TRUE,,,,,,1,1,2002,2
other,34,61_80171,61_80171_1,0,73,61_80171_1_102,22.86,1,,,,new,,,TRUE,,TRUE,TRUE,,,,,,1,1,2002,11
Pinus contorta,34,61_80171,61_80171_2,0,108,61_80171_2_105,16.256,1,,,,new,,,TRUE,,TRUE,TRUE,,,,,,1,2,2002,2
Pinus contorta,34,61_80171,61_80171_2,0,108,61_80171_2_106,14.478,1,,,,new,,,TRUE,,TRUE,TRUE,,,,,,1,2,2002,2
Pinus contorta,34,61_80171,61_80171_2,0,108,61_80171_2_107,13.97,1,,,,new,,,TRUE,,TRUE,TRUE,,,,,,1,2,2002,2
Pinus contorta,34,61_80171,61_80171_2,0,108,61_80171_2_109,13.716,1,,,,new,,,TRUE,,TRUE,TRUE,,,,,,1,2,2002,2
other,34,61_80171,61_80171_2,0,73,61_80171_2_110,16.764,1,,,,new,,,TRUE,,TRUE,TRUE,,,,,,1,2,2002,11
Pinus contorta,34,61_80171,61_80171_3,0,108,61_80171_3_114,14.732,1,,,,new,,,TRUE,,TRUE,TRUE,,,,,,1,3,2002,2
Pinus contorta,34,61_80171,61_80171_3,0,108,61_80171_3_115,17.018,1,,,,new,,,TRUE,,TRUE,TRUE,,,,,,1,3,2002,2
Pinus contorta,34,61_80171,61_80171_3,0,108,61_80171_3_116,15.24,1,,,,new,,,TRUE,,TRUE,TRUE,,,,,,1,3,2002,2
Pinus contorta,34,61_80171,61_80171_3,0,108,61_80171_3_117,15.494,1,,,,new,,,TRUE,,TRUE,TRUE,,,,,,1,3,2002,2
Pinus contorta,34,61_80171,61_80171_3,0,108,61_80171_3_118,13.208,1,,,,new,,,TRUE,,TRUE,TRUE,,,,,,1,3,2002,2
Pinus contorta,34,61_80171,61_80171_3,0,108,61_80171_3_119,16.764,1,,,,new,,,TRUE,,TRUE,TRUE,,,,,,1,3,2002,2
Pinus contorta,34,61_80171,61_80171_4,0,108,61_80171_4_122,17.78,2,,,,dead,,,,,,TRUE,,,,,,,4,2002,2
other,34,61_80171,61_80171_4,0,73,61_80171_4_121,38.862,1,,,,new,,,TRUE,,TRUE,TRUE,,,,,,1,4,2002,11
other,34,61_80171,61_80171_4,0,73,61_80171_4_123,41.656,1,,,,new,,,TRUE,,TRUE,TRUE,,,,,,1,4,2002,11
other,34,61_80171,61_80171_4,0,73,61_80171_4_124,24.892,1,,,,new,,,TRUE,,TRUE,TRUE,,,,,,1,4,2002,11
Pseudotsuga menziesii,35,63_59287,63_59287_1,0,202,63_59287_1_100,19.812,1,,,,new,,,TRUE,,TRUE,TRUE,,,,,,1,1,2001,1
Pseudotsuga menziesii,35,63_59287,63_59287_1,0,202,63_59287_1_101,35.814,1,,,,new,,,TRUE,,TRUE,TRUE,,,,,,1,1,2001,1
Pseudotsuga menziesii,35,63_59287,63_59287_1,0,202,63_59287_1_103,28.448,1,,,,new,,,TRUE,,TRUE,TRUE,,,,,,1,1,2001,1
Pseudotsuga menziesii,35,63_59287,63_59287_1,0,202,63_59287_1_104,16.256,2,,,,dead,,,,,,TRUE,,,,,,,1,2001,1
Pseudotsuga menziesii,35,63_59287,63_59287_1,0,202,63_59287_1_106,22.606,1,,,,new,,,TRUE,,TRUE,TRUE,,,,,,1,1,2001,1
Pseudotsuga menziesii,35,63_59287,63_59287_1,0,202,63_59287_1_107,19.05,1,,,,new,,,TRUE,,TRUE,TRUE,,,,,,1,1,2001,1
Pseudotsuga menziesii,35,63_59287,63_59287_1,0,202,63_59287_1_108,83.82,1,,,,new,,,TRUE,,TRUE,TRUE,,,,,,1,1,2001,1
Abies grandis,35,63_59287,63_59287_1,0,17,63_59287_1_102,66.802,1,,,,new,,,TRUE,,TRUE,TRUE,,,,,,1,1,2001,5
other,35,63_59287,63_59287_1,0,73,63_59287_1_105,17.272,1,,,,new,,,TRUE,,TRUE,TRUE,,,,,,1,1,2001,11
Pseudotsuga menziesii,35,63_59287,63_59287_2,0,202,63_59287_2_109,25.654,1,,,,new,,,TRUE,,TRUE,TRUE,,,,,,1,2,2001,1
Pseudotsuga menziesii,35,63_59287,63_59287_2,0,202,63_59287_2_112,13.97,1,,,,new,,,TRUE,,TRUE,TRUE,,,,,,1,2,2001,1
Abies concolor,35,63_59287,63_59287_2,0,15,63_59287_2_110,14.986,1,,,,new,,,TRUE,,TRUE,TRUE,,,,,,1,2,2001,3
other,35,63_59287,63_59287_2,0,73,63_59287_2_111,24.638,1,,,,new,,,TRUE,,TRUE,TRUE,,,,,,1,2,2001,11
Abies grandis,35,63_59287,63_59287_3,0,17,63_59287_3_114,24.384,1,,,,new,,,TRUE,,TRUE,TRUE,,,,,,1,3,2001,5
Pseudotsuga menziesii,35,63_59287,63_59287_4,0,202,63_59287_4_119,53.086,1,,,,new,,,TRUE,,TRUE,TRUE,,,,,,1,4,2001,1
Pseudotsuga menziesii,35,63_59287,63_59287_4,0,202,63_59287_4_121,14.732,2,,,,dead,,,,,,TRUE,,,,,,,4,2001,1
Pseudotsuga menziesii,35,63_59287,63_59287_4,0,202,63_59287_4_123,37.592,1,,,,new,,,TRUE,,TRUE,TRUE,,,,,,1,4,2001,1
Pinus ponderosa,35,63_59287,63_59287_4,0,122,63_59287_4_120,25.4,1,,,,new,,,TRUE,,TRUE,TRUE,,,,,,1,4,2001,4
Pinus ponderosa,35,63_59287,63_59287_4,0,122,63_59287_4_122,81.026,1,,,,new,,,TRUE,,TRUE,TRUE,,,,,,1,4,2001,4
Pinus ponderosa,35,63_59287,63_59287_4,0,122,63_59287_4_124,26.162,2,,,,dead,,,,,,TRUE,,,,,,,4,2001,4
Pseudotsuga menziesii,36,65_97189,65_97189_1,0,202,65_97189_1_100,67.818,1,,,,new,,,TRUE,,TRUE,TRUE,,,,,,1,1,2002,1
Pseudotsuga menziesii,36,65_97189,65_97189_1,0,202,65_97189_1_101,66.04,1,,,,new,,,TRUE,,TRUE,TRUE,,,,,,1,1,2002,1
Pseudotsuga menziesii,36,65_97189,65_97189_1,0,202,65_97189_1_102,52.07,1,,,,new,,,TRUE,,TRUE,TRUE,,,,,,1,1,2002,1
Pseudotsuga menziesii,36,65_97189,65_97189_1,0,202,65_97189_1_103,68.834,1,,,,new,,,TRUE,,TRUE,TRUE,,,,,,1,1,2002,1
Pseudotsuga menziesii,36,65_97189,65_97189_1,0,202,65_97189_1_105,61.214,1,,,,new,,,TRUE,,TRUE,TRUE,,,,,,1,1,2002,1
Pseudotsuga menziesii,36,65_97189,65_97189_1,0,202,65_97189_1_106,64.516,1,,,,new,,,TRUE,,TRUE,TRUE,,,,,,1,1,2002,1
Pinus ponderosa,36,65_97189,65_97189_1,0,122,65_97189_1_104,91.44,1,,,,new,,,TRUE,,TRUE,TRUE,,,,,,1,1,2002,4
Pseudotsuga menziesii,36,65_97189,65_97189_2,0,202,65_97189_2_107,13.716,1,,,,new,,,TRUE,,TRUE,TRUE,,,,,,1,2,2002,1
Pseudotsuga menziesii,36,65_97189,65_97189_2,0,202,65_97189_2_109,61.722,1,,,,new,,,TRUE,,TRUE,TRUE,,,,,,1,2,2002,1
Pseudotsuga menziesii,36,65_97189,65_97189_2,0,202,65_97189_2_110,72.136,1,,,,new,,,TRUE,,TRUE,TRUE,,,,,,1,2,2002,1
Pseudotsuga menziesii,36,65_97189,65_97189_2,0,202,65_97189_2_111,74.168,1,,,,new,,,TRUE,,TRUE,TRUE,,,,,,1,2,2002,1
Pseudotsuga menziesii,36,65_97189,65_97189_2,0,202,65_97189_2_113,87.884,1,,,,new,,,TRUE,,TRUE,TRUE,,,,,,1,2,2002,1
Pseudotsuga menziesii,36,65_97189,65_97189_2,0,202,65_97189_2_114,74.168,1,,,,new,,,TRUE,,TRUE,TRUE,,,,,,1,2,2002,1
Pinus ponderosa,36,65_97189,65_97189_2,0,122,65_97189_2_108,69.088,1,,,,new,,,TRUE,,TRUE,TRUE,,,,,,1,2,2002,4
Pinus ponderosa,36,65_97189,65_97189_2,0,122,65_97189_2_112,64.516,1,,,,new,,,TRUE,,TRUE,TRUE,,,,,,1,2,2002,4
Pinus ponderosa,36,65_97189,65_97189_2,0,122,65_97189_2_115,63.246,1,,,,new,,,TRUE,,TRUE,TRUE,,,,,,1,2,2002,4
Pseudotsuga menziesii,36,65_97189,65_97189_3,0,202,65_97189_3_128,43.18,1,,,,new,,,TRUE,,TRUE,TRUE,,,,,,1,3,2002,1
Pseudotsuga menziesii,36,65_97189,65_97189_3,0,202,65_97189_3_129,68.58,1,,,,new,,,TRUE,,TRUE,TRUE,,,,,,1,3,2002,1
Pinus ponderosa,36,65_97189,65_97189_3,0,122,65_97189_3_127,79.248,1,,,,new,,,TRUE,,TRUE,TRUE,,,,,,1,3,2002,4
Pinus ponderosa,36,65_97189,65_97189_3,0,122,65_97189_3_130,84.582,1,,,,new,,,TRUE,,TRUE,TRUE,,,,,,1,3,2002,4
Pseudotsuga menziesii,36,65_97189,65_97189_4,0,202,65_97189_4_116,60.452,1,,,,new,,,TRUE,,TRUE,TRUE,,,,,,1,4,2002,1
Pseudotsuga menziesii,36,65_97189,65_97189_4,0,202,65_97189_4_117,62.992,1,,,,new,,,TRUE,,TRUE,TRUE,,,,,,1,4,2002,1
Pseudotsuga menziesii,36,65_97189,65_97189_4,0,202,65_97189_4_122,65.024,1,,,,new,,,TRUE,,TRUE,TRUE,,,,,,1,4,2002,1
Pinus ponderosa,36,65_97189,65_97189_4,0,122,65_97189_4_119,69.342,1,,,,new,,,TRUE,,TRUE,TRUE,,,,,,1,4,2002,4
Pinus ponderosa,36,65_97189,65_97189_4,0,122,65_97189_4_123,73.406,1,,,,new,,,TRUE,,TRUE,TRUE,,,,,,1,4,2002,4
Abies grandis,36,65_97189,65_97189_4,0,17,65_97189_4_118,13.462,1,,,,new,,,TRUE,,TRUE,TRUE,,,,,,1,4,2002,5
Abies grandis,36,65_97189,65_97189_4,0,17,65_97189_4_120,14.224,1,,,,new,,,TRUE,,TRUE,TRUE,,,,,,1,4,2002,5
Abies grandis,36,65_97189,65_97189_4,0,17,65_97189_4_121,22.352,1,,,,new,,,TRUE,,TRUE,TRUE,,,,,,1,4,2002,5
Pseudotsuga menziesii,37,67_87575,67_87575_1,0,202,67_87575_1_100,17.018,1,,,,new,,,TRUE,,TRUE,TRUE,,,,,,1,1,2002,1
Pseudotsuga menziesii,37,67_87575,67_87575_1,0,202,67_87575_1_101,38.862,1,,,,new,,,TRUE,,TRUE,TRUE,,,,,,1,1,2002,1
Pseudotsuga menziesii,37,67_87575,67_87575_1,0,202,67_87575_1_102,28.702,1,,,,new,,,TRUE,,TRUE,TRUE,,,,,,1,1,2002,1
Pseudotsuga menziesii,37,67_87575,67_87575_1,0,202,67_87575_1_103,26.67,2,,,,dead,,,,,,TRUE,,,,,,,1,2002,1
Pseudotsuga menziesii,37,67_87575,67_87575_1,0,202,67_87575_1_104,35.814,1,,,,new,,,TRUE,,TRUE,TRUE,,,,,,1,1,2002,1
Pseudotsuga menziesii,37,67_87575,67_87575_1,0,202,67_87575_1_105,30.226,1,,,,new,,,TRUE,,TRUE,TRUE,,,,,,1,1,2002,1
Pseudotsuga menziesii,37,67_87575,67_87575_1,0,202,67_87575_1_106,13.208,2,,,,dead,,,,,,TRUE,,,,,,,1,2002,1
Pseudotsuga menziesii,37,67_87575,67_87575_1,0,202,67_87575_1_107,14.224,1,,,,new,,,TRUE,,TRUE,TRUE,,,,,,1,1,2002,1
Pseudotsuga menziesii,37,67_87575,67_87575_1,0,202,67_87575_1_108,41.402,1,,,,new,,,TRUE,,TRUE,TRUE,,,,,,1,1,2002,1
Pseudotsuga menziesii,37,67_87575,67_87575_1,0,202,67_87575_1_109,60.452,1,,,,new,,,TRUE,,TRUE,TRUE,,,,,,1,1,2002,1
Pseudotsuga menziesii,37,67_87575,67_87575_1,0,202,67_87575_1_110,27.432,2,,,,dead,,,,,,TRUE,,,,,,,1,2002,1
Pseudotsuga menziesii,37,67_87575,67_87575_1,0,202,67_87575_1_111,34.798,1,,,,new,,,TRUE,,TRUE,TRUE,,,,,,1,1,2002,1
Pseudotsuga menziesii,37,67_87575,67_87575_2,0,202,67_87575_2_130,36.068,1,,,,new,,,TRUE,,TRUE,TRUE,,,,,,1,2,2002,1
Pseudotsuga menziesii,37,67_87575,67_87575_2,0,202,67_87575_2_131,52.07,1,,,,new,,,TRUE,,TRUE,TRUE,,,,,,1,2,2002,1
Pseudotsuga menziesii,37,67_87575,67_87575_2,0,202,67_87575_2_132,79.248,2,,,,dead,,,,,,TRUE,,,,,,,2,2002,1
Pseudotsuga menziesii,37,67_87575,67_87575_2,0,202,67_87575_2_133,34.29,2,,,,dead,,,,,,TRUE,,,,,,,2,2002,1
Pseudotsuga menziesii,37,67_87575,67_87575_2,0,202,67_87575_2_134,28.702,1,,,,new,,,TRUE,,TRUE,TRUE,,,,,,1,2,2002,1
Pseudotsuga menziesii,37,67_87575,67_87575_2,0,202,67_87575_2_135,46.99,1,,,,new,,,TRUE,,TRUE,TRUE,,,,,,1,2,2002,1
Pseudotsuga menziesii,37,67_87575,67_87575_2,0,202,67_87575_2_136,82.55,2,,,,dead,,,,,,TRUE,,,,,,,2,2002,1
Pseudotsuga menziesii,37,67_87575,67_87575_2,0,202,67_87575_2_138,32.258,1,,,,new,,,TRUE,,TRUE,TRUE,,,,,,1,2,2002,1
Pseudotsuga menziesii,37,67_87575,67_87575_2,0,202,67_87575_2_139,65.024,1,,,,new,,,TRUE,,TRUE,TRUE,,,,,,1,2,2002,1
Pseudotsuga menziesii,37,67_87575,67_87575_2,0,202,67_87575_2_140,20.066,1,,,,new,,,TRUE,,TRUE,TRUE,,,,,,1,2,2002,1
Alnus rubra,37,67_87575,67_87575_2,0,351,67_87575_2_129,20.828,2,,,,dead,,,,,,TRUE,,,,,,,2,2002,6
Alnus rubra,37,67_87575,67_87575_2,0,351,67_87575_2_137,24.638,1,,,,new,,,TRUE,,TRUE,TRUE,,,,,,1,2,2002,6
Pseudotsuga menziesii,37,67_87575,67_87575_3,0,202,67_87575_3_120,91.186,2,,,,dead,,,,,,TRUE,,,,,,,3,2002,1
Pseudotsuga menziesii,37,67_87575,67_87575_3,0,202,67_87575_3_121,28.702,1,,,,new,,,TRUE,,TRUE,TRUE,,,,,,1,3,2002,1
Pseudotsuga menziesii,37,67_87575,67_87575_3,0,202,67_87575_3_122,54.864,1,,,,new,,,TRUE,,TRUE,TRUE,,,,,,1,3,2002,1
Pseudotsuga menziesii,37,67_87575,67_87575_3,0,202,67_87575_3_123,22.352,1,,,,new,,,TRUE,,TRUE,TRUE,,,,,,1,3,2002,1
Pseudotsuga menziesii,37,67_87575,67_87575_3,0,202,67_87575_3_124,14.732,2,,,,dead,,,,,,TRUE,,,,,,,3,2002,1
Pseudotsuga menziesii,37,67_87575,67_87575_3,0,202,67_87575_3_125,22.098,2,,,,dead,,,,,,TRUE,,,,,,,3,2002,1
Pseudotsuga menziesii,37,67_87575,67_87575_3,0,202,67_87575_3_126,49.022,1,,,,new,,,TRUE,,TRUE,TRUE,,,,,,1,3,2002,1
Pseudotsuga menziesii,37,67_87575,67_87575_3,0,202,67_87575_3_127,21.844,1,,,,new,,,TRUE,,TRUE,TRUE,,,,,,1,3,2002,1
Pseudotsuga menziesii,37,67_87575,67_87575_3,0,202,67_87575_3_128,27.178,1,,,,new,,,TRUE,,TRUE,TRUE,,,,,,1,3,2002,1
Pseudotsuga menziesii,37,67_87575,67_87575_4,0,202,67_87575_4_112,13.716,2,,,,dead,,,,,,TRUE,,,,,,,4,2002,1
Pseudotsuga menziesii,37,67_87575,67_87575_4,0,202,67_87575_4_113,42.926,1,,,,new,,,TRUE,,TRUE,TRUE,,,,,,1,4,2002,1
Pseudotsuga menziesii,37,67_87575,67_87575_4,0,202,67_87575_4_114,46.736,1,,,,new,,,TRUE,,TRUE,TRUE,,,,,,1,4,2002,1
Pseudotsuga menziesii,37,67_87575,67_87575_4,0,202,67_87575_4_115,35.052,1,,,,new,,,TRUE,,TRUE,TRUE,,,,,,1,4,2002,1
Pseudotsuga menziesii,37,67_87575,67_87575_4,0,202,67_87575_4_117,42.418,1,,,,new,,,TRUE,,TRUE,TRUE,,,,,,1,4,2002,1
Pseudotsuga menziesii,37,67_87575,67_87575_4,0,202,67_87575_4_118,34.798,1,,,,new,,,TRUE,,TRUE,TRUE,,,,,,1,4,2002,1
Pseudotsuga menziesii,37,67_87575,67_87575_4,0,202,67_87575_4_119,27.178,2,,,,dead,,,,,,TRUE,,,,,,,4,2002,1
other,37,67_87575,67_87575_4,0,312,67_87575_4_116,20.828,1,,,,new,,,TRUE,,TRUE,TRUE,,,,,,1,4,2002,11
Pseudotsuga menziesii,38,7_96120,7_96120_1,0,202,7_96120_1_105,18.288,1,,,,new,,,TRUE,,TRUE,TRUE,,,,,,1,1,2002,1
Pseudotsuga menziesii,38,7_96120,7_96120_1,0,202,7_96120_1_107,26.924,1,,,,new,,,TRUE,,TRUE,TRUE,,,,,,1,1,2002,1
Pseudotsuga menziesii,38,7_96120,7_96120_1,0,202,7_96120_1_108,25.908,1,,,,new,,,TRUE,,TRUE,TRUE,,,,,,1,1,2002,1
Pseudotsuga menziesii,38,7_96120,7_96120_1,0,202,7_96120_1_111,22.352,1,,,,new,,,TRUE,,TRUE,TRUE,,,,,,1,1,2002,1
Pseudotsuga menziesii,38,7_96120,7_96120_1,0,202,7_96120_1_112,22.352,1,,,,new,,,TRUE,,TRUE,TRUE,,,,,,1,1,2002,1
Pseudotsuga menziesii,38,7_96120,7_96120_1,0,202,7_96120_1_114,23.114,1,,,,new,,,TRUE,,TRUE,TRUE,,,,,,1,1,2002,1
Pseudotsuga menziesii,38,7_96120,7_96120_1,0,202,7_96120_1_115,36.576,1,,,,new,,,TRUE,,TRUE,TRUE,,,,,,1,1,2002,1
Pseudotsuga menziesii,38,7_96120,7_96120_1,0,202,7_96120_1_116,21.844,1,,,,new,,,TRUE,,TRUE,TRUE,,,,,,1,1,2002,1
Pseudotsuga menziesii,38,7_96120,7_96120_1,0,202,7_96120_1_117,23.876,1,,,,new,,,TRUE,,TRUE,TRUE,,,,,,1,1,2002,1
other,38,7_96120,7_96120_1,0,263,7_96120_1_106,16.51,1,,,,new,,,TRUE,,TRUE,TRUE,,,,,,1,1,2002,11
other,38,7_96120,7_96120_1,0,263,7_96120_1_109,17.018,1,,,,new,,,TRUE,,TRUE,TRUE,,,,,,1,1,2002,11
other,38,7_96120,7_96120_1,0,263,7_96120_1_110,20.828,1,,,,new,,,TRUE,,TRUE,TRUE,,,,,,1,1,2002,11
other,38,7_96120,7_96120_1,0,263,7_96120_1_113,13.462,1,,,,new,,,TRUE,,TRUE,TRUE,,,,,,1,1,2002,11
Pseudotsuga menziesii,38,7_96120,7_96120_2,0,202,7_96120_2_159,14.986,1,,,,new,,,TRUE,,TRUE,TRUE,,,,,,1,2,2002,1
Pseudotsuga menziesii,38,7_96120,7_96120_2,0,202,7_96120_2_160,17.526,1,,,,new,,,TRUE,,TRUE,TRUE,,,,,,1,2,2002,1
Pseudotsuga menziesii,38,7_96120,7_96120_2,0,202,7_96120_2_161,25.908,1,,,,new,,,TRUE,,TRUE,TRUE,,,,,,1,2,2002,1
Pseudotsuga menziesii,38,7_96120,7_96120_2,0,202,7_96120_2_162,23.622,1,,,,new,,,TRUE,,TRUE,TRUE,,,,,,1,2,2002,1
Pseudotsuga menziesii,38,7_96120,7_96120_2,0,202,7_96120_2_163,16.256,1,,,,new,,,TRUE,,TRUE,TRUE,,,,,,1,2,2002,1
Pseudotsuga menziesii,38,7_96120,7_96120_2,0,202,7_96120_2_164,16.256,1,,,,new,,,TRUE,,TRUE,TRUE,,,,,,1,2,2002,1
Pseudotsuga menziesii,38,7_96120,7_96120_2,0,202,7_96120_2_165,15.24,1,,,,new,,,TRUE,,TRUE,TRUE,,,,,,1,2,2002,1
Pseudotsuga menziesii,38,7_96120,7_96120_2,0,202,7_96120_2_166,19.05,1,,,,new,,,TRUE,,TRUE,TRUE,,,,,,1,2,2002,1
Pseudotsuga menziesii,38,7_96120,7_96120_2,0,202,7_96120_2_167,23.876,1,,,,new,,,TRUE,,TRUE,TRUE,,,,,,1,2,2002,1
Pseudotsuga menziesii,38,7_96120,7_96120_2,0,202,7_96120_2_168,18.034,1,,,,new,,,TRUE,,TRUE,TRUE,,,,,,1,2,2002,1
Pseudotsuga menziesii,38,7_96120,7_96120_2,0,202,7_96120_2_169,17.78,1,,,,new,,,TRUE,,TRUE,TRUE,,,,,,1,2,2002,1
Pseudotsuga menziesii,38,7_96120,7_96120_2,0,202,7_96120_2_170,25.4,1,,,,new,,,TRUE,,TRUE,TRUE,,,,,,1,2,2002,1
Pseudotsuga menziesii,38,7_96120,7_96120_2,0,202,7_96120_2_171,18.542,1,,,,new,,,TRUE,,TRUE,TRUE,,,,,,1,2,2002,1
Pseudotsuga menziesii,38,7_96120,7_96120_2,0,202,7_96120_2_172,20.32,1,,,,new,,,TRUE,,TRUE,TRUE,,,,,,1,2,2002,1
Pseudotsuga menziesii,38,7_96120,7_96120_2,0,202,7_96120_2_173,18.796,1,,,,new,,,TRUE,,TRUE,TRUE,,,,,,1,2,2002,1
Pseudotsuga menziesii,38,7_96120,7_96120_2,0,202,7_96120_2_174,20.32,1,,,,new,,,TRUE,,TRUE,TRUE,,,,,,1,2,2002,1
Pseudotsuga menziesii,38,7_96120,7_96120_2,0,202,7_96120_2_175,15.494,1,,,,new,,,TRUE,,TRUE,TRUE,,,,,,1,2,2002,1
Pseudotsuga menziesii,38,7_96120,7_96120_2,0,202,7_96120_2_176,13.208,1,,,,new,,,TRUE,,TRUE,TRUE,,,,,,1,2,2002,1
Pseudotsuga menziesii,38,7_96120,7_96120_2,0,202,7_96120_2_177,17.526,1,,,,new,,,TRUE,,TRUE,TRUE,,,,,,1,2,2002,1
Alnus rubra,38,7_96120,7_96120_2,0,351,7_96120_2_158,16.764,1,,,,new,,,TRUE,,TRUE,TRUE,,,,,,1,2,2002,6
Pseudotsuga menziesii,38,7_96120,7_96120_3,0,202,7_96120_3_141,14.224,1,,,,new,,,TRUE,,TRUE,TRUE,,,,,,1,3,2002,1
Pseudotsuga menziesii,38,7_96120,7_96120_3,0,202,7_96120_3_142,24.892,1,,,,new,,,TRUE,,TRUE,TRUE,,,,,,1,3,2002,1
Pseudotsuga menziesii,38,7_96120,7_96120_3,0,202,7_96120_3_143,21.59,1,,,,new,,,TRUE,,TRUE,TRUE,,,,,,1,3,2002,1
Pseudotsuga menziesii,38,7_96120,7_96120_3,0,202,7_96120_3_144,18.796,1,,,,new,,,TRUE,,TRUE,TRUE,,,,,,1,3,2002,1
Pseudotsuga menziesii,38,7_96120,7_96120_3,0,202,7_96120_3_145,22.86,1,,,,new,,,TRUE,,TRUE,TRUE,,,,,,1,3,2002,1
Pseudotsuga menziesii,38,7_96120,7_96120_3,0,202,7_96120_3_146,16.002,1,,,,new,,,TRUE,,TRUE,TRUE,,,,,,1,3,2002,1
Pseudotsuga menziesii,38,7_96120,7_96120_3,0,202,7_96120_3_147,21.59,1,,,,new,,,TRUE,,TRUE,TRUE,,,,,,1,3,2002,1
Pseudotsuga menziesii,38,7_96120,7_96120_3,0,202,7_96120_3_148,21.59,1,,,,new,,,TRUE,,TRUE,TRUE,,,,,,1,3,2002,1
Pseudotsuga menziesii,38,7_96120,7_96120_3,0,202,7_96120_3_149,22.352,1,,,,new,,,TRUE,,TRUE,TRUE,,,,,,1,3,2002,1
Pseudotsuga menziesii,38,7_96120,7_96120_3,0,202,7_96120_3_150,19.05,1,,,,new,,,TRUE,,TRUE,TRUE,,,,,,1,3,2002,1
Pseudotsuga menziesii,38,7_96120,7_96120_3,0,202,7_96120_3_151,16.002,1,,,,new,,,TRUE,,TRUE,TRUE,,,,,,1,3,2002,1
Pseudotsuga menziesii,38,7_96120,7_96120_3,0,202,7_96120_3_152,17.78,1,,,,new,,,TRUE,,TRUE,TRUE,,,,,,1,3,2002,1
Pseudotsuga menziesii,38,7_96120,7_96120_3,0,202,7_96120_3_153,19.05,1,,,,new,,,TRUE,,TRUE,TRUE,,,,,,1,3,2002,1
Pseudotsuga menziesii,38,7_96120,7_96120_3,0,202,7_96120_3_154,17.526,1,,,,new,,,TRUE,,TRUE,TRUE,,,,,,1,3,2002,1
Pseudotsuga menziesii,38,7_96120,7_96120_3,0,202,7_96120_3_155,20.574,1,,,,new,,,TRUE,,TRUE,TRUE,,,,,,1,3,2002,1
Pseudotsuga menziesii,38,7_96120,7_96120_3,0,202,7_96120_3_156,17.018,1,,,,new,,,TRUE,,TRUE,TRUE,,,,,,1,3,2002,1
Pseudotsuga menziesii,38,7_96120,7_96120_4,0,202,7_96120_4_120,19.05,1,,,,new,,,TRUE,,TRUE,TRUE,,,,,,1,4,2002,1
Pseudotsuga menziesii,38,7_96120,7_96120_4,0,202,7_96120_4_121,16.256,1,,,,new,,,TRUE,,TRUE,TRUE,,,,,,1,4,2002,1
Pseudotsuga menziesii,38,7_96120,7_96120_4,0,202,7_96120_4_122,30.988,1,,,,new,,,TRUE,,TRUE,TRUE,,,,,,1,4,2002,1
Pseudotsuga menziesii,38,7_96120,7_96120_4,0,202,7_96120_4_123,16.002,1,,,,new,,,TRUE,,TRUE,TRUE,,,,,,1,4,2002,1
Pseudotsuga menziesii,38,7_96120,7_96120_4,0,202,7_96120_4_124,18.034,1,,,,new,,,TRUE,,TRUE,TRUE,,,,,,1,4,2002,1
Pseudotsuga menziesii,38,7_96120,7_96120_4,0,202,7_96120_4_125,19.558,1,,,,new,,,TRUE,,TRUE,TRUE,,,,,,1,4,2002,1
Pseudotsuga menziesii,38,7_96120,7_96120_4,0,202,7_96120_4_127,22.606,1,,,,new,,,TRUE,,TRUE,TRUE,,,,,,1,4,2002,1
Pseudotsuga menziesii,38,7_96120,7_96120_4,0,202,7_96120_4_128,20.574,1,,,,new,,,TRUE,,TRUE,TRUE,,,,,,1,4,2002,1
Pseudotsuga menziesii,38,7_96120,7_96120_4,0,202,7_96120_4_129,15.494,1,,,,new,,,TRUE,,TRUE,TRUE,,,,,,1,4,2002,1
Pseudotsuga menziesii,38,7_96120,7_96120_4,0,202,7_96120_4_130,19.812,1,,,,new,,,TRUE,,TRUE,TRUE,,,,,,1,4,2002,1
Pseudotsuga menziesii,38,7_96120,7_96120_4,0,202,7_96120_4_131,15.24,1,,,,new,,,TRUE,,TRUE,TRUE,,,,,,1,4,2002,1
Pseudotsuga menziesii,38,7_96120,7_96120_4,0,202,7_96120_4_132,21.59,1,,,,new,,,TRUE,,TRUE,TRUE,,,,,,1,4,2002,1
Pseudotsuga menziesii,38,7_96120,7_96120_4,0,202,7_96120_4_133,14.478,1,,,,new,,,TRUE,,TRUE,TRUE,,,,,,1,4,2002,1
Pseudotsuga menziesii,38,7_96120,7_96120_4,0,202,7_96120_4_135,18.542,1,,,,new,,,TRUE,,TRUE,TRUE,,,,,,1,4,2002,1
Pseudotsuga menziesii,38,7_96120,7_96120_4,0,202,7_96120_4_136,20.32,1,,,,new,,,TRUE,,TRUE,TRUE,,,,,,1,4,2002,1
Pseudotsuga menziesii,38,7_96120,7_96120_4,0,202,7_96120_4_137,21.844,1,,,,new,,,TRUE,,TRUE,TRUE,,,,,,1,4,2002,1
Pseudotsuga menziesii,38,7_96120,7_96120_4,0,202,7_96120_4_138,23.876,1,,,,new,,,TRUE,,TRUE,TRUE,,,,,,1,4,2002,1
Pseudotsuga menziesii,38,7_96120,7_96120_4,0,202,7_96120_4_139,20.828,1,,,,new,,,TRUE,,TRUE,TRUE,,,,,,1,4,2002,1
Pseudotsuga menziesii,38,7_96120,7_96120_4,0,202,7_96120_4_140,14.732,1,,,,new,,,TRUE,,TRUE,TRUE,,,,,,1,4,2002,1
other,38,7_96120,7_96120_4,0,263,7_96120_4_134,20.574,1,,,,new,,,TRUE,,TRUE,TRUE,,,,,,1,4,2002,11
Pseudotsuga menziesii,39,71_61466,71_61466_1,0,202,71_61466_1_100,115.062,1,,,,new,,,TRUE,,TRUE,TRUE,,,,,,1,1,2002,1
Pseudotsuga menziesii,39,71_61466,71_61466_1,0,202,71_61466_1_101,99.314,1,,,,new,,,TRUE,,TRUE,TRUE,,,,,,1,1,2002,1
Pseudotsuga menziesii,39,71_61466,71_61466_1,0,202,71_61466_1_102,122.174,1,,,,new,,,TRUE,,TRUE,TRUE,,,,,,1,1,2002,1
Pseudotsuga menziesii,39,71_61466,71_61466_1,0,202,71_61466_1_103,22.352,1,,,,new,,,TRUE,,TRUE,TRUE,,,,,,1,1,2002,1
Pseudotsuga menziesii,39,71_61466,71_61466_1,0,202,71_61466_1_105,122.174,1,,,,new,,,TRUE,,TRUE,TRUE,,,,,,1,1,2002,1
Pseudotsuga menziesii,39,71_61466,71_61466_1,0,202,71_61466_1_106,127.762,1,,,,new,,,TRUE,,TRUE,TRUE,,,,,,1,1,2002,1
Pseudotsuga menziesii,39,71_61466,71_61466_1,0,202,71_61466_1_107,128.524,1,,,,new,,,TRUE,,TRUE,TRUE,,,,,,1,1,2002,1
Pseudotsuga menziesii,39,71_61466,71_61466_1,0,202,71_61466_1_108,127.254,1,,,,new,,,TRUE,,TRUE,TRUE,,,,,,1,1,2002,1
Alnus rubra,39,71_61466,71_61466_1,0,351,71_61466_1_104,34.29,1,,,,new,,,TRUE,,TRUE,TRUE,,,,,,1,1,2002,6
Pseudotsuga menziesii,39,71_61466,71_61466_2,0,202,71_61466_2_109,116.332,1,,,,new,,,TRUE,,TRUE,TRUE,,,,,,1,2,2002,1
Pseudotsuga menziesii,39,71_61466,71_61466_2,0,202,71_61466_2_110,118.872,1,,,,new,,,TRUE,,TRUE,TRUE,,,,,,1,2,2002,1
Pseudotsuga menziesii,39,71_61466,71_61466_2,0,202,71_61466_2_111,95.25,1,,,,new,,,TRUE,,TRUE,TRUE,,,,,,1,2,2002,1
Pseudotsuga menziesii,39,71_61466,71_61466_2,0,202,71_61466_2_112,18.288,1,,,,new,,,TRUE,,TRUE,TRUE,,,,,,1,2,2002,1
Pseudotsuga menziesii,39,71_61466,71_61466_2,0,202,71_61466_2_113,118.872,1,,,,new,,,TRUE,,TRUE,TRUE,,,,,,1,2,2002,1
Pseudotsuga menziesii,39,71_61466,71_61466_2,0,202,71_61466_2_114,154.94,1,,,,new,,,TRUE,,TRUE,TRUE,,,,,,1,2,2002,1
other,39,71_61466,71_61466_2,0,312,71_61466_2_115,95.25,1,,,,new,,,TRUE,,TRUE,TRUE,,,,,,1,2,2002,11
Pseudotsuga menziesii,39,71_61466,71_61466_3,0,202,71_61466_3_116,54.356,1,,,,new,,,TRUE,,TRUE,TRUE,,,,,,1,3,2002,1
Pseudotsuga menziesii,39,71_61466,71_61466_3,0,202,71_61466_3_119,26.67,1,,,,new,,,TRUE,,TRUE,TRUE,,,,,,1,3,2002,1
Pseudotsuga menziesii,39,71_61466,71_61466_3,0,202,71_61466_3_120,28.448,1,,,,new,,,TRUE,,TRUE,TRUE,,,,,,1,3,2002,1
Pseudotsuga menziesii,39,71_61466,71_61466_3,0,202,71_61466_3_121,49.784,1,,,,new,,,TRUE,,TRUE,TRUE,,,,,,1,3,2002,1
Alnus rubra,39,71_61466,71_61466_3,0,351,71_61466_3_118,27.94,1,,,,new,,,TRUE,,TRUE,TRUE,,,,,,1,3,2002,6
Pseudotsuga menziesii,39,71_61466,71_61466_4,0,202,71_61466_4_127,140.462,1,,,,new,,,TRUE,,TRUE,TRUE,,,,,,1,4,2002,1
Pseudotsuga menziesii,39,71_61466,71_61466_4,0,202,71_61466_4_128,152.4,1,,,,new,,,TRUE,,TRUE,TRUE,,,,,,1,4,2002,1
Pseudotsuga menziesii,39,71_61466,71_61466_4,0,202,71_61466_4_129,115.316,1,,,,new,,,TRUE,,TRUE,TRUE,,,,,,1,4,2002,1
Alnus rubra,39,71_61466,71_61466_4,0,351,71_61466_4_123,52.324,1,,,,new,,,TRUE,,TRUE,TRUE,,,,,,1,4,2002,6
Alnus rubra,39,71_61466,71_61466_4,0,351,71_61466_4_124,23.876,1,,,,new,,,TRUE,,TRUE,TRUE,,,,,,1,4,2002,6
Alnus rubra,39,71_61466,71_61466_4,0,351,71_61466_4_125,51.054,1,,,,new,,,TRUE,,TRUE,TRUE,,,,,,1,4,2002,6
Alnus rubra,39,71_61466,71_61466_4,0,351,71_61466_4_126,32.766,1,,,,new,,,TRUE,,TRUE,TRUE,,,,,,1,4,2002,6
Pseudotsuga menziesii,40,71_72313,71_72313_1,0,202,71_72313_1_100,76.962,1,,,,new,,,TRUE,,TRUE,TRUE,,,,,,1,1,2001,1
Pseudotsuga menziesii,40,71_72313,71_72313_1,0,202,71_72313_1_103,30.48,2,,,,dead,,,,,,TRUE,,,,,,,1,2001,1
Pseudotsuga menziesii,40,71_72313,71_72313_1,0,202,71_72313_1_104,95.504,1,,,,new,,,TRUE,,TRUE,TRUE,,,,,,1,1,2001,1
Pseudotsuga menziesii,40,71_72313,71_72313_1,0,202,71_72313_1_105,90.17,1,,,,new,,,TRUE,,TRUE,TRUE,,,,,,1,1,2001,1
Pseudotsuga menziesii,40,71_72313,71_72313_1,0,202,71_72313_1_106,106.426,2,,,,dead,,,,,,TRUE,,,,,,,1,2001,1
Pseudotsuga menziesii,40,71_72313,71_72313_1,0,202,71_72313_1_107,120.65,1,,,,new,,,TRUE,,TRUE,TRUE,,,,,,1,1,2001,1
Pseudotsuga menziesii,40,71_72313,71_72313_1,0,202,71_72313_1_108,122.936,1,,,,new,,,TRUE,,TRUE,TRUE,,,,,,1,1,2001,1
Alnus rubra,40,71_72313,71_72313_1,0,351,71_72313_1_101,59.69,1,,,,new,,,TRUE,,TRUE,TRUE,,,,,,1,1,2001,6
Alnus rubra,40,71_72313,71_72313_1,0,351,71_72313_1_102,57.404,1,,,,new,,,TRUE,,TRUE,TRUE,,,,,,1,1,2001,6
Pseudotsuga menziesii,40,71_72313,71_72313_2,0,202,71_72313_2_109,55.88,2,,,,dead,,,,,,TRUE,,,,,,,2,2001,1
Pseudotsuga menziesii,40,71_72313,71_72313_2,0,202,71_72313_2_110,94.488,1,,,,new,,,TRUE,,TRUE,TRUE,,,,,,1,2,2001,1
Pseudotsuga menziesii,40,71_72313,71_72313_2,0,202,71_72313_2_111,103.124,1,,,,new,,,TRUE,,TRUE,TRUE,,,,,,1,2,2001,1
Pseudotsuga menziesii,40,71_72313,71_72313_2,0,202,71_72313_2_112,101.092,1,,,,new,,,TRUE,,TRUE,TRUE,,,,,,1,2,2001,1
Pseudotsuga menziesii,40,71_72313,71_72313_2,0,202,71_72313_2_113,114.808,1,,,,new,,,TRUE,,TRUE,TRUE,,,,,,1,2,2001,1
Pseudotsuga menziesii,40,71_72313,71_72313_2,0,202,71_72313_2_114,80.264,2,,,,dead,,,,,,TRUE,,,,,,,2,2001,1
Pseudotsuga menziesii,40,71_72313,71_72313_2,0,202,71_72313_2_115,131.318,1,,,,new,,,TRUE,,TRUE,TRUE,,,,,,1,2,2001,1
Pseudotsuga menziesii,40,71_72313,71_72313_2,0,202,71_72313_2_116,111.252,1,,,,new,,,TRUE,,TRUE,TRUE,,,,,,1,2,2001,1
Pseudotsuga menziesii,40,71_72313,71_72313_2,0,202,71_72313_2_117,131.064,1,,,,new,,,TRUE,,TRUE,TRUE,,,,,,1,2,2001,1
Pseudotsuga menziesii,40,71_72313,71_72313_3,0,202,71_72313_3_120,83.82,1,,,,new,,,TRUE,,TRUE,TRUE,,,,,,1,3,2001,1
Pseudotsuga menziesii,40,71_72313,71_72313_3,0,202,71_72313_3_121,89.408,1,,,,new,,,TRUE,,TRUE,TRUE,,,,,,1,3,2001,1
Pseudotsuga menziesii,40,71_72313,71_72313_3,0,202,71_72313_3_123,20.066,2,,,,dead,,,,,,TRUE,,,,,,,3,2001,1
Pseudotsuga menziesii,40,71_72313,71_72313_3,0,202,71_72313_3_124,79.756,1,,,,new,,,TRUE,,TRUE,TRUE,,,,,,1,3,2001,1
Pseudotsuga menziesii,40,71_72313,71_72313_3,0,202,71_72313_3_125,41.402,1,,,,new,,,TRUE,,TRUE,TRUE,,,,,,1,3,2001,1
Pseudotsuga menziesii,40,71_72313,71_72313_3,0,202,71_72313_3_126,19.812,2,,,,dead,,,,,,TRUE,,,,,,,3,2001,1
Pseudotsuga menziesii,40,71_72313,71_72313_3,0,202,71_72313_3_127,16.002,2,,,,dead,,,,,,TRUE,,,,,,,3,2001,1
Pseudotsuga menziesii,40,71_72313,71_72313_3,0,202,71_72313_3_128,102.87,2,,,,dead,,,,,,TRUE,,,,,,,3,2001,1
Pseudotsuga menziesii,40,71_72313,71_72313_3,0,202,71_72313_3_129,89.408,1,,,,new,,,TRUE,,TRUE,TRUE,,,,,,1,3,2001,1
Pseudotsuga menziesii,40,71_72313,71_72313_3,0,202,71_72313_3_130,101.092,1,,,,new,,,TRUE,,TRUE,TRUE,,,,,,1,3,2001,1
Pseudotsuga menziesii,40,71_72313,71_72313_3,0,202,71_72313_3_131,81.28,1,,,,new,,,TRUE,,TRUE,TRUE,,,,,,1,3,2001,1
Alnus rubra,40,71_72313,71_72313_3,0,351,71_72313_3_122,30.988,1,,,,new,,,TRUE,,TRUE,TRUE,,,,,,1,3,2001,6
Pseudotsuga menziesii,40,71_72313,71_72313_4,0,202,71_72313_4_133,92.964,1,,,,new,,,TRUE,,TRUE,TRUE,,,,,,1,4,2001,1
Pseudotsuga menziesii,40,71_72313,71_72313_4,0,202,71_72313_4_135,114.3,2,,,,dead,,,,,,TRUE,,,,,,,4,2001,1
Pseudotsuga menziesii,40,71_72313,71_72313_4,0,202,71_72313_4_136,96.52,2,,,,dead,,,,,,TRUE,,,,,,,4,2001,1
Pseudotsuga menziesii,40,71_72313,71_72313_4,0,202,71_72313_4_137,121.666,1,,,,new,,,TRUE,,TRUE,TRUE,,,,,,1,4,2001,1
Pseudotsuga menziesii,40,71_72313,71_72313_4,0,202,71_72313_4_138,132.08,1,,,,new,,,TRUE,,TRUE,TRUE,,,,,,1,4,2001,1
Pseudotsuga menziesii,40,71_72313,71_72313_4,0,202,71_72313_4_139,76.708,1,,,,new,,,TRUE,,TRUE,TRUE,,,,,,1,4,2001,1
Pseudotsuga menziesii,40,71_72313,71_72313_4,0,202,71_72313_4_140,148.844,2,,,,dead,,,,,,TRUE,,,,,,,4,2001,1
Alnus rubra,40,71_72313,71_72313_4,0,351,71_72313_4_132,54.102,1,,,,new,,,TRUE,,TRUE,TRUE,,,,,,1,4,2001,6
Alnus rubra,40,71_72313,71_72313_4,0,351,71_72313_4_134,82.296,1,,,,new,,,TRUE,,TRUE,TRUE,,,,,,1,4,2001,6
