siteID,year,temp,tempmax,tempmin,prec,precseas,precwarmq
29,0,11.2291669845581,25.8999996185303,2.09999990463257,1497,71.8704681396484,79
29,0,11.2291669845581,25.8999996185303,2.09999990463257,1497,71.8704681396484,79
29,0,11.2291669845581,25.8999996185303,2.09999990463257,1497,71.8704681396484,79
29,0,11.2291669845581,25.8999996185303,2.09999990463257,1497,71.8704681396484,79
29,1,11.2291669845581,25.8999996185303,2.09999990463257,1497,71.8704681396484,79
29,1,11.2291669845581,25.8999996185303,2.09999990463257,1497,71.8704681396484,79
29,1,11.2291669845581,25.8999996185303,2.09999990463257,1497,71.8704681396484,79
29,1,11.2291669845581,25.8999996185303,2.09999990463257,1497,71.8704681396484,79
29,2,11.2291669845581,25.8999996185303,2.09999990463257,1497,71.8704681396484,79
29,2,11.2291669845581,25.8999996185303,2.09999990463257,1497,71.8704681396484,79
29,2,11.2291669845581,25.8999996185303,2.09999990463257,1497,71.8704681396484,79
29,2,11.2291669845581,25.8999996185303,2.09999990463257,1497,71.8704681396484,79
30,0,11.5249996185303,26.5,2.20000004768372,1536,73.9243927001953,77
30,0,11.5249996185303,26.5,2.20000004768372,1536,73.9243927001953,77
30,0,11.5249996185303,26.5,2.20000004768372,1536,73.9243927001953,77
30,0,11.5249996185303,26.5,2.20000004768372,1536,73.9243927001953,77
30,1,11.5249996185303,26.5,2.20000004768372,1536,73.9243927001953,77
30,1,11.5249996185303,26.5,2.20000004768372,1536,73.9243927001953,77
30,1,11.5249996185303,26.5,2.20000004768372,1536,73.9243927001953,77
30,1,11.5249996185303,26.5,2.20000004768372,1536,73.9243927001953,77
30,2,11.5249996185303,26.5,2.20000004768372,1536,73.9243927001953,77
30,2,11.5249996185303,26.5,2.20000004768372,1536,73.9243927001953,77
30,2,11.5249996185303,26.5,2.20000004768372,1536,73.9243927001953,77
30,2,11.5249996185303,26.5,2.20000004768372,1536,73.9243927001953,77
31,0,10.6916666030884,22.7999992370606,2.70000004768372,1880,70.15234375,103
31,0,10.6916666030884,22.7999992370606,2.70000004768372,1880,70.15234375,103
31,0,10.6916666030884,22.7999992370606,2.70000004768372,1880,70.15234375,103
31,0,10.6916666030884,22.7999992370606,2.70000004768372,1880,70.15234375,103
31,1,10.6916666030884,22.7999992370606,2.70000004768372,1880,70.15234375,103
31,1,10.6916666030884,22.7999992370606,2.70000004768372,1880,70.15234375,103
31,1,10.6916666030884,22.7999992370606,2.70000004768372,1880,70.15234375,103
31,1,10.6916666030884,22.7999992370606,2.70000004768372,1880,70.15234375,103
31,2,10.6916666030884,22.7999992370606,2.70000004768372,1880,70.15234375,103
31,2,10.6916666030884,22.7999992370606,2.70000004768372,1880,70.15234375,103
31,2,10.6916666030884,22.7999992370606,2.70000004768372,1880,70.15234375,103
31,2,10.6916666030884,22.7999992370606,2.70000004768372,1880,70.15234375,103
32,0,11.3541669845581,22.2000007629395,3,1728,71.1691818237305,91
32,0,11.3541669845581,22.2000007629395,3,1728,71.1691818237305,91
32,0,11.3541669845581,22.2000007629395,3,1728,71.1691818237305,91
32,0,11.3541669845581,22.2000007629395,3,1728,71.1691818237305,91
32,1,11.3541669845581,22.2000007629395,3,1728,71.1691818237305,91
32,1,11.3541669845581,22.2000007629395,3,1728,71.1691818237305,91
32,1,11.3541669845581,22.2000007629395,3,1728,71.1691818237305,91
32,1,11.3541669845581,22.2000007629395,3,1728,71.1691818237305,91
32,2,11.3541669845581,22.2000007629395,3,1728,71.1691818237305,91
32,2,11.3541669845581,22.2000007629395,3,1728,71.1691818237305,91
32,2,11.3541669845581,22.2000007629395,3,1728,71.1691818237305,91
32,2,11.3541669845581,22.2000007629395,3,1728,71.1691818237305,91
33,0,9.92083358764648,24,1.39999997615814,2012,74.9658889770508,99
33,0,9.92083358764648,24,1.39999997615814,2012,74.9658889770508,99
33,0,9.92083358764648,24,1.39999997615814,2012,74.9658889770508,99
33,0,9.92083358764648,24,1.39999997615814,2012,74.9658889770508,99
33,1,9.92083358764648,24,1.39999997615814,2012,74.9658889770508,99
33,1,9.92083358764648,24,1.39999997615814,2012,74.9658889770508,99
33,1,9.92083358764648,24,1.39999997615814,2012,74.9658889770508,99
33,1,9.92083358764648,24,1.39999997615814,2012,74.9658889770508,99
33,2,9.92083358764648,24,1.39999997615814,2012,74.9658889770508,99
33,2,9.92083358764648,24,1.39999997615814,2012,74.9658889770508,99
33,2,9.92083358764648,24,1.39999997615814,2012,74.9658889770508,99
33,2,9.92083358764648,24,1.39999997615814,2012,74.9658889770508,99
34,0,11.3416662216187,20.8999996185303,3.79999995231628,1810,66.8274688720703,103
34,0,11.3416662216187,20.8999996185303,3.79999995231628,1810,66.8274688720703,103
34,0,11.3416662216187,20.8999996185303,3.79999995231628,1810,66.8274688720703,103
34,0,11.3416662216187,20.8999996185303,3.79999995231628,1810,66.8274688720703,103
34,1,11.3416662216187,20.8999996185303,3.79999995231628,1810,66.8274688720703,103
34,1,11.3416662216187,20.8999996185303,3.79999995231628,1810,66.8274688720703,103
34,1,11.3416662216187,20.8999996185303,3.79999995231628,1810,66.8274688720703,103
34,1,11.3416662216187,20.8999996185303,3.79999995231628,1810,66.8274688720703,103
34,2,11.3416662216187,20.8999996185303,3.79999995231628,1810,66.8274688720703,103
34,2,11.3416662216187,20.8999996185303,3.79999995231628,1810,66.8274688720703,103
34,2,11.3416662216187,20.8999996185303,3.79999995231628,1810,66.8274688720703,103
34,2,11.3416662216187,20.8999996185303,3.79999995231628,1810,66.8274688720703,103
35,0,10.9916667938232,24,2.40000009536743,1732,70.1333847045899,93
35,0,10.9916667938232,24,2.40000009536743,1732,70.1333847045899,93
35,0,10.9916667938232,24,2.40000009536743,1732,70.1333847045899,93
35,0,10.9916667938232,24,2.40000009536743,1732,70.1333847045899,93
35,1,10.9916667938232,24,2.40000009536743,1732,70.1333847045899,93
35,1,10.9916667938232,24,2.40000009536743,1732,70.1333847045899,93
35,1,10.9916667938232,24,2.40000009536743,1732,70.1333847045899,93
35,1,10.9916667938232,24,2.40000009536743,1732,70.1333847045899,93
35,2,10.9916667938232,24,2.40000009536743,1732,70.1333847045899,93
35,2,10.9916667938232,24,2.40000009536743,1732,70.1333847045899,93
35,2,10.9916667938232,24,2.40000009536743,1732,70.1333847045899,93
35,2,10.9916667938232,24,2.40000009536743,1732,70.1333847045899,93
36,0,11.5708332061768,20.7999992370605,3.59999990463257,1753,71.7567977905274,90
36,0,11.5708332061768,20.7999992370605,3.59999990463257,1753,71.7567977905274,90
36,0,11.5708332061768,20.7999992370605,3.59999990463257,1753,71.7567977905274,90
36,0,11.5708332061768,20.7999992370605,3.59999990463257,1753,71.7567977905274,90
36,1,11.5708332061768,20.7999992370605,3.59999990463257,1753,71.7567977905274,90
36,1,11.5708332061768,20.7999992370605,3.59999990463257,1753,71.7567977905274,90
36,1,11.5708332061768,20.7999992370605,3.59999990463257,1753,71.7567977905274,90
36,1,11.5708332061768,20.7999992370605,3.59999990463257,1753,71.7567977905274,90
36,2,11.5708332061768,20.7999992370605,3.59999990463257,1753,71.7567977905274,90
36,2,11.5708332061768,20.7999992370605,3.59999990463257,1753,71.7567977905274,90
36,2,11.5708332061768,20.7999992370605,3.59999990463257,1753,71.7567977905274,90
36,2,11.5708332061768,20.7999992370605,3.59999990463257,1753,71.7567977905274,90
37,0,4.97916650772095,24.2999992370606,-7.09999990463257,584,45.4478721618652,70
37,0,4.97916650772095,24.2999992370606,-7.09999990463257,584,45.4478721618652,70
37,0,4.97916650772095,24.2999992370606,-7.09999990463257,584,45.4478721618652,70
37,0,4.97916650772095,24.2999992370606,-7.09999990463257,584,45.4478721618652,70
37,1,4.97916650772095,24.2999992370606,-7.09999990463257,584,45.4478721618652,70
37,1,4.97916650772095,24.2999992370606,-7.09999990463257,584,45.4478721618652,70
37,1,4.97916650772095,24.2999992370606,-7.09999990463257,584,45.4478721618652,70
37,1,4.97916650772095,24.2999992370606,-7.09999990463257,584,45.4478721618652,70
37,2,4.97916650772095,24.2999992370606,-7.09999990463257,584,45.4478721618652,70
37,2,4.97916650772095,24.2999992370606,-7.09999990463257,584,45.4478721618652,70
37,2,4.97916650772095,24.2999992370606,-7.09999990463257,584,45.4478721618652,70
37,2,4.97916650772095,24.2999992370606,-7.09999990463257,584,45.4478721618652,70
38,0,4.89583349227905,24.7999992370606,-8.19999980926514,463,37.756046295166,64
38,0,4.89583349227905,24.7999992370606,-8.19999980926514,463,37.756046295166,64
38,0,4.89583349227905,24.7999992370606,-8.19999980926514,463,37.756046295166,64
38,0,4.89583349227905,24.7999992370606,-8.19999980926514,463,37.756046295166,64
38,1,4.89583349227905,24.7999992370606,-8.19999980926514,463,37.756046295166,64
38,1,4.89583349227905,24.7999992370606,-8.19999980926514,463,37.756046295166,64
38,1,4.89583349227905,24.7999992370606,-8.19999980926514,463,37.756046295166,64
38,1,4.89583349227905,24.7999992370606,-8.19999980926514,463,37.756046295166,64
38,2,4.89583349227905,24.7999992370606,-8.19999980926514,463,37.756046295166,64
38,2,4.89583349227905,24.7999992370606,-8.19999980926514,463,37.756046295166,64
38,2,4.89583349227905,24.7999992370606,-8.19999980926514,463,37.756046295166,64
38,2,4.89583349227905,24.7999992370606,-8.19999980926514,463,37.756046295166,64
39,0,5.71250009536743,25.2999992370606,-6.80000019073486,489,41.2103271484375,74
39,0,5.71250009536743,25.2999992370606,-6.80000019073486,489,41.2103271484375,74
39,0,5.71250009536743,25.2999992370606,-6.80000019073486,489,41.2103271484375,74
39,0,5.71250009536743,25.2999992370606,-6.80000019073486,489,41.2103271484375,74
39,1,5.71250009536743,25.2999992370606,-6.80000019073486,489,41.2103271484375,74
39,1,5.71250009536743,25.2999992370606,-6.80000019073486,489,41.2103271484375,74
39,1,5.71250009536743,25.2999992370606,-6.80000019073486,489,41.2103271484375,74
39,1,5.71250009536743,25.2999992370606,-6.80000019073486,489,41.2103271484375,74
39,2,5.71250009536743,25.2999992370606,-6.80000019073486,489,41.2103271484375,74
39,2,5.71250009536743,25.2999992370606,-6.80000019073486,489,41.2103271484375,74
39,2,5.71250009536743,25.2999992370606,-6.80000019073486,489,41.2103271484375,74
39,2,5.71250009536743,25.2999992370606,-6.80000019073486,489,41.2103271484375,74
40,0,7.89166641235352,29.5,-6.69999980926514,249,33.7931747436523,49
40,0,7.89166641235352,29.5,-6.69999980926514,249,33.7931747436523,49
40,0,7.89166641235352,29.5,-6.69999980926514,249,33.7931747436523,49
40,0,7.89166641235352,29.5,-6.69999980926514,249,33.7931747436523,49
40,1,7.89166641235352,29.5,-6.69999980926514,249,33.7931747436523,49
40,1,7.89166641235352,29.5,-6.69999980926514,249,33.7931747436523,49
40,1,7.89166641235352,29.5,-6.69999980926514,249,33.7931747436523,49
40,1,7.89166641235352,29.5,-6.69999980926514,249,33.7931747436523,49
40,2,7.89166641235352,29.5,-6.69999980926514,249,33.7931747436523,49
40,2,7.89166641235352,29.5,-6.69999980926514,249,33.7931747436523,49
40,2,7.89166641235352,29.5,-6.69999980926514,249,33.7931747436523,49
40,2,7.89166641235352,29.5,-6.69999980926514,249,33.7931747436523,49
41,0,4.88333320617676,24.8999996185303,-8.19999980926514,466,37.9801025390625,64
41,0,4.88333320617676,24.8999996185303,-8.19999980926514,466,37.9801025390625,64
41,0,4.88333320617676,24.8999996185303,-8.19999980926514,466,37.9801025390625,64
41,0,4.88333320617676,24.8999996185303,-8.19999980926514,466,37.9801025390625,64
41,1,4.88333320617676,24.8999996185303,-8.19999980926514,466,37.9801025390625,64
41,1,4.88333320617676,24.8999996185303,-8.19999980926514,466,37.9801025390625,64
41,1,4.88333320617676,24.8999996185303,-8.19999980926514,466,37.9801025390625,64
41,1,4.88333320617676,24.8999996185303,-8.19999980926514,466,37.9801025390625,64
41,2,4.88333320617676,24.8999996185303,-8.19999980926514,466,37.9801025390625,64
41,2,4.88333320617676,24.8999996185303,-8.19999980926514,466,37.9801025390625,64
41,2,4.88333320617676,24.8999996185303,-8.19999980926514,466,37.9801025390625,64
41,2,4.88333320617676,24.8999996185303,-8.19999980926514,466,37.9801025390625,64
42,0,6.59999990463257,27.7000007629395,-7.59999990463257,357,33.884895324707,69
42,0,6.59999990463257,27.7000007629395,-7.59999990463257,357,33.884895324707,69
42,0,6.59999990463257,27.7000007629395,-7.59999990463257,357,33.884895324707,69
42,0,6.59999990463257,27.7000007629395,-7.59999990463257,357,33.884895324707,69
42,1,6.59999990463257,27.7000007629395,-7.59999990463257,357,33.884895324707,69
42,1,6.59999990463257,27.7000007629395,-7.59999990463257,357,33.884895324707,69
42,1,6.59999990463257,27.7000007629395,-7.59999990463257,357,33.884895324707,69
42,1,6.59999990463257,27.7000007629395,-7.59999990463257,357,33.884895324707,69
42,2,6.59999990463257,27.7000007629395,-7.59999990463257,357,33.884895324707,69
42,2,6.59999990463257,27.7000007629395,-7.59999990463257,357,33.884895324707,69
42,2,6.59999990463257,27.7000007629395,-7.59999990463257,357,33.884895324707,69
42,2,6.59999990463257,27.7000007629395,-7.59999990463257,357,33.884895324707,69
43,0,3.33333325386047,21.8999996185303,-8.30000019073486,674,42.8601188659668,81
43,0,3.33333325386047,21.8999996185303,-8.30000019073486,674,42.8601188659668,81
43,0,3.33333325386047,21.8999996185303,-8.30000019073486,674,42.8601188659668,81
43,0,3.33333325386047,21.8999996185303,-8.30000019073486,674,42.8601188659668,81
43,1,3.33333325386047,21.8999996185303,-8.30000019073486,674,42.8601188659668,81
43,1,3.33333325386047,21.8999996185303,-8.30000019073486,674,42.8601188659668,81
43,1,3.33333325386047,21.8999996185303,-8.30000019073486,674,42.8601188659668,81
43,1,3.33333325386047,21.8999996185303,-8.30000019073486,674,42.8601188659668,81
43,2,3.33333325386047,21.8999996185303,-8.30000019073486,674,42.8601188659668,81
43,2,3.33333325386047,21.8999996185303,-8.30000019073486,674,42.8601188659668,81
43,2,3.33333325386047,21.8999996185303,-8.30000019073486,674,42.8601188659668,81
43,2,3.33333325386047,21.8999996185303,-8.30000019073486,674,42.8601188659668,81
44,0,6.36666631698608,26.3999996185303,-6.40000009536743,438,38.8854827880859,69
44,0,6.36666631698608,26.3999996185303,-6.40000009536743,438,38.8854827880859,69
44,0,6.36666631698608,26.3999996185303,-6.40000009536743,438,38.8854827880859,69
44,0,6.36666631698608,26.3999996185303,-6.40000009536743,438,38.8854827880859,69
44,1,6.36666631698608,26.3999996185303,-6.40000009536743,438,38.8854827880859,69
44,1,6.36666631698608,26.3999996185303,-6.40000009536743,438,38.8854827880859,69
44,1,6.36666631698608,26.3999996185303,-6.40000009536743,438,38.8854827880859,69
44,1,6.36666631698608,26.3999996185303,-6.40000009536743,438,38.8854827880859,69
44,2,6.36666631698608,26.3999996185303,-6.40000009536743,438,38.8854827880859,69
44,2,6.36666631698608,26.3999996185303,-6.40000009536743,438,38.8854827880859,69
44,2,6.36666631698608,26.3999996185303,-6.40000009536743,438,38.8854827880859,69
44,2,6.36666631698608,26.3999996185303,-6.40000009536743,438,38.8854827880859,69
45,0,8.47500038146973,29.8999996185303,-6,264,35.7570991516113,48
45,0,8.47500038146973,29.8999996185303,-6,264,35.7570991516113,48
45,0,8.47500038146973,29.8999996185303,-6,264,35.7570991516113,48
45,0,8.47500038146973,29.8999996185303,-6,264,35.7570991516113,48
45,1,8.47500038146973,29.8999996185303,-6,264,35.7570991516113,48
45,1,8.47500038146973,29.8999996185303,-6,264,35.7570991516113,48
45,1,8.47500038146973,29.8999996185303,-6,264,35.7570991516113,48
45,1,8.47500038146973,29.8999996185303,-6,264,35.7570991516113,48
45,2,8.47500038146973,29.8999996185303,-6,264,35.7570991516113,48
45,2,8.47500038146973,29.8999996185303,-6,264,35.7570991516113,48
45,2,8.47500038146973,29.8999996185303,-6,264,35.7570991516113,48
45,2,8.47500038146973,29.8999996185303,-6,264,35.7570991516113,48
46,0,5.88333320617676,26.2000007629395,-7.30000019073486,434,38.494800567627,72
46,0,5.88333320617676,26.2000007629395,-7.30000019073486,434,38.494800567627,72
46,0,5.88333320617676,26.2000007629395,-7.30000019073486,434,38.494800567627,72
46,0,5.88333320617676,26.2000007629395,-7.30000019073486,434,38.494800567627,72
46,1,5.88333320617676,26.2000007629395,-7.30000019073486,434,38.494800567627,72
46,1,5.88333320617676,26.2000007629395,-7.30000019073486,434,38.494800567627,72
46,1,5.88333320617676,26.2000007629395,-7.30000019073486,434,38.494800567627,72
46,1,5.88333320617676,26.2000007629395,-7.30000019073486,434,38.494800567627,72
46,2,5.88333320617676,26.2000007629395,-7.30000019073486,434,38.494800567627,72
46,2,5.88333320617676,26.2000007629395,-7.30000019073486,434,38.494800567627,72
46,2,5.88333320617676,26.2000007629395,-7.30000019073486,434,38.494800567627,72
46,2,5.88333320617676,26.2000007629395,-7.30000019073486,434,38.494800567627,72
47,0,5.01249980926514,24.5,-7.40000009536743,546,42.1766624450684,70
47,0,5.01249980926514,24.5,-7.40000009536743,546,42.1766624450684,70
47,0,5.01249980926514,24.5,-7.40000009536743,546,42.1766624450684,70
47,0,5.01249980926514,24.5,-7.40000009536743,546,42.1766624450684,70
47,1,5.01249980926514,24.5,-7.40000009536743,546,42.1766624450684,70
47,1,5.01249980926514,24.5,-7.40000009536743,546,42.1766624450684,70
47,1,5.01249980926514,24.5,-7.40000009536743,546,42.1766624450684,70
47,1,5.01249980926514,24.5,-7.40000009536743,546,42.1766624450684,70
47,2,5.01249980926514,24.5,-7.40000009536743,546,42.1766624450684,70
47,2,5.01249980926514,24.5,-7.40000009536743,546,42.1766624450684,70
47,2,5.01249980926514,24.5,-7.40000009536743,546,42.1766624450684,70
47,2,5.01249980926514,24.5,-7.40000009536743,546,42.1766624450684,70
48,0,4.36250019073486,23.2000007629395,-7.59999990463257,560,42.7172241210938,71
48,0,4.36250019073486,23.2000007629395,-7.59999990463257,560,42.7172241210938,71
48,0,4.36250019073486,23.2000007629395,-7.59999990463257,560,42.7172241210938,71
48,0,4.36250019073486,23.2000007629395,-7.59999990463257,560,42.7172241210938,71
48,1,4.36250019073486,23.2000007629395,-7.59999990463257,560,42.7172241210938,71
48,1,4.36250019073486,23.2000007629395,-7.59999990463257,560,42.7172241210938,71
48,1,4.36250019073486,23.2000007629395,-7.59999990463257,560,42.7172241210938,71
48,1,4.36250019073486,23.2000007629395,-7.59999990463257,560,42.7172241210938,71
48,2,4.36250019073486,23.2000007629395,-7.59999990463257,560,42.7172241210938,71
48,2,4.36250019073486,23.2000007629395,-7.59999990463257,560,42.7172241210938,71
48,2,4.36250019073486,23.2000007629395,-7.59999990463257,560,42.7172241210938,71
48,2,4.36250019073486,23.2000007629395,-7.59999990463257,560,42.7172241210938,71
49,0,5.45833349227905,25.7000007629395,-7.5,442,37.479076385498,63
49,0,5.45833349227905,25.7000007629395,-7.5,442,37.479076385498,63
49,0,5.45833349227905,25.7000007629395,-7.5,442,37.479076385498,63
49,0,5.45833349227905,25.7000007629395,-7.5,442,37.479076385498,63
49,1,5.45833349227905,25.7000007629395,-7.5,442,37.479076385498,63
49,1,5.45833349227905,25.7000007629395,-7.5,442,37.479076385498,63
49,1,5.45833349227905,25.7000007629395,-7.5,442,37.479076385498,63
49,1,5.45833349227905,25.7000007629395,-7.5,442,37.479076385498,63
49,2,5.45833349227905,25.7000007629395,-7.5,442,37.479076385498,63
49,2,5.45833349227905,25.7000007629395,-7.5,442,37.479076385498,63
49,2,5.45833349227905,25.7000007629395,-7.5,442,37.479076385498,63
49,2,5.45833349227905,25.7000007629395,-7.5,442,37.479076385498,63
50,0,4.79166650772095,23.7999992370606,-7,602,45.2999801635742,72
50,0,4.79166650772095,23.7999992370606,-7,602,45.2999801635742,72
50,0,4.79166650772095,23.7999992370606,-7,602,45.2999801635742,72
50,0,4.79166650772095,23.7999992370606,-7,602,45.2999801635742,72
50,1,4.79166650772095,23.7999992370606,-7,602,45.2999801635742,72
50,1,4.79166650772095,23.7999992370606,-7,602,45.2999801635742,72
50,1,4.79166650772095,23.7999992370606,-7,602,45.2999801635742,72
50,1,4.79166650772095,23.7999992370606,-7,602,45.2999801635742,72
50,2,4.79166650772095,23.7999992370606,-7,602,45.2999801635742,72
50,2,4.79166650772095,23.7999992370606,-7,602,45.2999801635742,72
50,2,4.79166650772095,23.7999992370606,-7,602,45.2999801635742,72
50,2,4.79166650772095,23.7999992370606,-7,602,45.2999801635742,72
51,0,5.74583339691162,25.8999996185303,-7.30000019073486,476,39.5162048339844,75
51,0,5.74583339691162,25.8999996185303,-7.30000019073486,476,39.5162048339844,75
51,0,5.74583339691162,25.8999996185303,-7.30000019073486,476,39.5162048339844,75
51,0,5.74583339691162,25.8999996185303,-7.30000019073486,476,39.5162048339844,75
51,1,5.74583339691162,25.8999996185303,-7.30000019073486,476,39.5162048339844,75
51,1,5.74583339691162,25.8999996185303,-7.30000019073486,476,39.5162048339844,75
51,1,5.74583339691162,25.8999996185303,-7.30000019073486,476,39.5162048339844,75
51,1,5.74583339691162,25.8999996185303,-7.30000019073486,476,39.5162048339844,75
51,2,5.74583339691162,25.8999996185303,-7.30000019073486,476,39.5162048339844,75
51,2,5.74583339691162,25.8999996185303,-7.30000019073486,476,39.5162048339844,75
51,2,5.74583339691162,25.8999996185303,-7.30000019073486,476,39.5162048339844,75
51,2,5.74583339691162,25.8999996185303,-7.30000019073486,476,39.5162048339844,75
52,0,4.51666688919067,24.7999992370606,-9,516,38.1778831481934,69
52,0,4.51666688919067,24.7999992370606,-9,516,38.1778831481934,69
52,0,4.51666688919067,24.7999992370606,-9,516,38.1778831481934,69
52,0,4.51666688919067,24.7999992370606,-9,516,38.1778831481934,69
52,1,4.51666688919067,24.7999992370606,-9,516,38.1778831481934,69
52,1,4.51666688919067,24.7999992370606,-9,516,38.1778831481934,69
52,1,4.51666688919067,24.7999992370606,-9,516,38.1778831481934,69
52,1,4.51666688919067,24.7999992370606,-9,516,38.1778831481934,69
52,2,4.51666688919067,24.7999992370606,-9,516,38.1778831481934,69
52,2,4.51666688919067,24.7999992370606,-9,516,38.1778831481934,69
52,2,4.51666688919067,24.7999992370606,-9,516,38.1778831481934,69
52,2,4.51666688919067,24.7999992370606,-9,516,38.1778831481934,69
53,0,4.72916650772095,24.7999992370606,-8.60000038146973,468,38.4796295166016,76
53,0,4.72916650772095,24.7999992370606,-8.60000038146973,468,38.4796295166016,76
53,0,4.72916650772095,24.7999992370606,-8.60000038146973,468,38.4796295166016,76
53,0,4.72916650772095,24.7999992370606,-8.60000038146973,468,38.4796295166016,76
53,1,4.72916650772095,24.7999992370606,-8.60000038146973,468,38.4796295166016,76
53,1,4.72916650772095,24.7999992370606,-8.60000038146973,468,38.4796295166016,76
53,1,4.72916650772095,24.7999992370606,-8.60000038146973,468,38.4796295166016,76
53,1,4.72916650772095,24.7999992370606,-8.60000038146973,468,38.4796295166016,76
53,2,4.72916650772095,24.7999992370606,-8.60000038146973,468,38.4796295166016,76
53,2,4.72916650772095,24.7999992370606,-8.60000038146973,468,38.4796295166016,76
53,2,4.72916650772095,24.7999992370606,-8.60000038146973,468,38.4796295166016,76
53,2,4.72916650772095,24.7999992370606,-8.60000038146973,468,38.4796295166016,76
54,0,10.6333332061768,26.6000003814697,1.20000004768372,1706,77.0115966796875,80
54,0,10.6333332061768,26.6000003814697,1.20000004768372,1706,77.0115966796875,80
54,0,10.6333332061768,26.6000003814697,1.20000004768372,1706,77.0115966796875,80
54,0,10.6333332061768,26.6000003814697,1.20000004768372,1706,77.0115966796875,80
54,1,10.6333332061768,26.6000003814697,1.20000004768372,1706,77.0115966796875,80
54,1,10.6333332061768,26.6000003814697,1.20000004768372,1706,77.0115966796875,80
54,1,10.6333332061768,26.6000003814697,1.20000004768372,1706,77.0115966796875,80
54,1,10.6333332061768,26.6000003814697,1.20000004768372,1706,77.0115966796875,80
54,2,10.6333332061768,26.6000003814697,1.20000004768372,1706,77.0115966796875,80
54,2,10.6333332061768,26.6000003814697,1.20000004768372,1706,77.0115966796875,80
54,2,10.6333332061768,26.6000003814697,1.20000004768372,1706,77.0115966796875,80
54,2,10.6333332061768,26.6000003814697,1.20000004768372,1706,77.0115966796875,80
55,0,11.0375003814697,23.7000007629395,2.59999990463257,2105,76.5569458007813,90
55,0,11.0375003814697,23.7000007629395,2.59999990463257,2105,76.5569458007813,90
55,0,11.0375003814697,23.7000007629395,2.59999990463257,2105,76.5569458007813,90
55,0,11.0375003814697,23.7000007629395,2.59999990463257,2105,76.5569458007813,90
55,1,11.0375003814697,23.7000007629395,2.59999990463257,2105,76.5569458007813,90
55,1,11.0375003814697,23.7000007629395,2.59999990463257,2105,76.5569458007813,90
55,1,11.0375003814697,23.7000007629395,2.59999990463257,2105,76.5569458007813,90
55,1,11.0375003814697,23.7000007629395,2.59999990463257,2105,76.5569458007813,90
55,2,11.0375003814697,23.7000007629395,2.59999990463257,2105,76.5569458007813,90
55,2,11.0375003814697,23.7000007629395,2.59999990463257,2105,76.5569458007813,90
55,2,11.0375003814697,23.7000007629395,2.59999990463257,2105,76.5569458007813,90
55,2,11.0375003814697,23.7000007629395,2.59999990463257,2105,76.5569458007813,90
56,0,11.7333335876465,24.6000003814697,2.79999995231628,2059,78.1379547119141,82
56,0,11.7333335876465,24.6000003814697,2.79999995231628,2059,78.1379547119141,82
56,0,11.7333335876465,24.6000003814697,2.79999995231628,2059,78.1379547119141,82
56,0,11.7333335876465,24.6000003814697,2.79999995231628,2059,78.1379547119141,82
56,1,11.7333335876465,24.6000003814697,2.79999995231628,2059,78.1379547119141,82
56,1,11.7333335876465,24.6000003814697,2.79999995231628,2059,78.1379547119141,82
56,1,11.7333335876465,24.6000003814697,2.79999995231628,2059,78.1379547119141,82
56,1,11.7333335876465,24.6000003814697,2.79999995231628,2059,78.1379547119141,82
56,2,11.7333335876465,24.6000003814697,2.79999995231628,2059,78.1379547119141,82
56,2,11.7333335876465,24.6000003814697,2.79999995231628,2059,78.1379547119141,82
56,2,11.7333335876465,24.6000003814697,2.79999995231628,2059,78.1379547119141,82
56,2,11.7333335876465,24.6000003814697,2.79999995231628,2059,78.1379547119141,82
57,0,11.875,27.1000003814697,2.40000009536743,1801,76.3843383789063,78
57,0,11.875,27.1000003814697,2.40000009536743,1801,76.3843383789063,78
57,0,11.875,27.1000003814697,2.40000009536743,1801,76.3843383789063,78
57,0,11.875,27.1000003814697,2.40000009536743,1801,76.3843383789063,78
57,1,11.875,27.1000003814697,2.40000009536743,1801,76.3843383789063,78
57,1,11.875,27.1000003814697,2.40000009536743,1801,76.3843383789063,78
57,1,11.875,27.1000003814697,2.40000009536743,1801,76.3843383789063,78
57,1,11.875,27.1000003814697,2.40000009536743,1801,76.3843383789063,78
57,2,11.875,27.1000003814697,2.40000009536743,1801,76.3843383789063,78
57,2,11.875,27.1000003814697,2.40000009536743,1801,76.3843383789063,78
57,2,11.875,27.1000003814697,2.40000009536743,1801,76.3843383789063,78
57,2,11.875,27.1000003814697,2.40000009536743,1801,76.3843383789063,78
58,0,11.7791662216187,23.2999992370605,3.20000004768372,2080,76.6137390136719,86
58,0,11.7791662216187,23.2999992370605,3.20000004768372,2080,76.6137390136719,86
58,0,11.7791662216187,23.2999992370605,3.20000004768372,2080,76.6137390136719,86
58,0,11.7791662216187,23.2999992370605,3.20000004768372,2080,76.6137390136719,86
58,1,11.7791662216187,23.2999992370605,3.20000004768372,2080,76.6137390136719,86
58,1,11.7791662216187,23.2999992370605,3.20000004768372,2080,76.6137390136719,86
58,1,11.7791662216187,23.2999992370605,3.20000004768372,2080,76.6137390136719,86
58,1,11.7791662216187,23.2999992370605,3.20000004768372,2080,76.6137390136719,86
58,2,11.7791662216187,23.2999992370605,3.20000004768372,2080,76.6137390136719,86
58,2,11.7791662216187,23.2999992370605,3.20000004768372,2080,76.6137390136719,86
58,2,11.7791662216187,23.2999992370605,3.20000004768372,2080,76.6137390136719,86
58,2,11.7791662216187,23.2999992370605,3.20000004768372,2080,76.6137390136719,86
59,0,12.3583335876465,28.7999992370606,2.20000004768372,1654,77.030632019043,70
59,0,12.3583335876465,28.7999992370606,2.20000004768372,1654,77.030632019043,70
59,0,12.3583335876465,28.7999992370606,2.20000004768372,1654,77.030632019043,70
59,0,12.3583335876465,28.7999992370606,2.20000004768372,1654,77.030632019043,70
59,1,12.3583335876465,28.7999992370606,2.20000004768372,1654,77.030632019043,70
59,1,12.3583335876465,28.7999992370606,2.20000004768372,1654,77.030632019043,70
59,1,12.3583335876465,28.7999992370606,2.20000004768372,1654,77.030632019043,70
59,1,12.3583335876465,28.7999992370606,2.20000004768372,1654,77.030632019043,70
59,2,12.3583335876465,28.7999992370606,2.20000004768372,1654,77.030632019043,70
59,2,12.3583335876465,28.7999992370606,2.20000004768372,1654,77.030632019043,70
59,2,12.3583335876465,28.7999992370606,2.20000004768372,1654,77.030632019043,70
59,2,12.3583335876465,28.7999992370606,2.20000004768372,1654,77.030632019043,70
60,0,10.9875001907349,23.7999992370606,2.59999990463257,1966,73.3871231079102,96
60,0,10.9875001907349,23.7999992370606,2.59999990463257,1966,73.3871231079102,96
60,0,10.9875001907349,23.7999992370606,2.59999990463257,1966,73.3871231079102,96
60,0,10.9875001907349,23.7999992370606,2.59999990463257,1966,73.3871231079102,96
60,1,10.9875001907349,23.7999992370606,2.59999990463257,1966,73.3871231079102,96
60,1,10.9875001907349,23.7999992370606,2.59999990463257,1966,73.3871231079102,96
60,1,10.9875001907349,23.7999992370606,2.59999990463257,1966,73.3871231079102,96
60,1,10.9875001907349,23.7999992370606,2.59999990463257,1966,73.3871231079102,96
60,2,10.9875001907349,23.7999992370606,2.59999990463257,1966,73.3871231079102,96
60,2,10.9875001907349,23.7999992370606,2.59999990463257,1966,73.3871231079102,96
60,2,10.9875001907349,23.7999992370606,2.59999990463257,1966,73.3871231079102,96
60,2,10.9875001907349,23.7999992370606,2.59999990463257,1966,73.3871231079102,96
61,0,11.3708333969116,23.6000003814697,2.90000009536743,2113,76.8677139282227,88
61,0,11.3708333969116,23.6000003814697,2.90000009536743,2113,76.8677139282227,88
61,0,11.3708333969116,23.6000003814697,2.90000009536743,2113,76.8677139282227,88
61,0,11.3708333969116,23.6000003814697,2.90000009536743,2113,76.8677139282227,88
61,1,11.3708333969116,23.6000003814697,2.90000009536743,2113,76.8677139282227,88
61,1,11.3708333969116,23.6000003814697,2.90000009536743,2113,76.8677139282227,88
61,1,11.3708333969116,23.6000003814697,2.90000009536743,2113,76.8677139282227,88
61,1,11.3708333969116,23.6000003814697,2.90000009536743,2113,76.8677139282227,88
61,2,11.3708333969116,23.6000003814697,2.90000009536743,2113,76.8677139282227,88
61,2,11.3708333969116,23.6000003814697,2.90000009536743,2113,76.8677139282227,88
61,2,11.3708333969116,23.6000003814697,2.90000009536743,2113,76.8677139282227,88
61,2,11.3708333969116,23.6000003814697,2.90000009536743,2113,76.8677139282227,88
62,0,10.8999996185303,23,2.79999995231628,2157,76.6047439575195,93
62,0,10.8999996185303,23,2.79999995231628,2157,76.6047439575195,93
62,0,10.8999996185303,23,2.79999995231628,2157,76.6047439575195,93
62,0,10.8999996185303,23,2.79999995231628,2157,76.6047439575195,93
62,1,10.8999996185303,23,2.79999995231628,2157,76.6047439575195,93
62,1,10.8999996185303,23,2.79999995231628,2157,76.6047439575195,93
62,1,10.8999996185303,23,2.79999995231628,2157,76.6047439575195,93
62,1,10.8999996185303,23,2.79999995231628,2157,76.6047439575195,93
62,2,10.8999996185303,23,2.79999995231628,2157,76.6047439575195,93
62,2,10.8999996185303,23,2.79999995231628,2157,76.6047439575195,93
62,2,10.8999996185303,23,2.79999995231628,2157,76.6047439575195,93
62,2,10.8999996185303,23,2.79999995231628,2157,76.6047439575195,93
63,0,11.6083335876465,27,1.70000004768372,1962,79.8059310913086,77
63,0,11.6083335876465,27,1.70000004768372,1962,79.8059310913086,77
63,0,11.6083335876465,27,1.70000004768372,1962,79.8059310913086,77
63,0,11.6083335876465,27,1.70000004768372,1962,79.8059310913086,77
63,1,11.6083335876465,27,1.70000004768372,1962,79.8059310913086,77
63,1,11.6083335876465,27,1.70000004768372,1962,79.8059310913086,77
63,1,11.6083335876465,27,1.70000004768372,1962,79.8059310913086,77
63,1,11.6083335876465,27,1.70000004768372,1962,79.8059310913086,77
63,2,11.6083335876465,27,1.70000004768372,1962,79.8059310913086,77
63,2,11.6083335876465,27,1.70000004768372,1962,79.8059310913086,77
63,2,11.6083335876465,27,1.70000004768372,1962,79.8059310913086,77
63,2,11.6083335876465,27,1.70000004768372,1962,79.8059310913086,77
64,0,10.625,23.6000003814697,2.40000009536743,2068,75.1299285888672,97
64,0,10.625,23.6000003814697,2.40000009536743,2068,75.1299285888672,97
64,0,10.625,23.6000003814697,2.40000009536743,2068,75.1299285888672,97
64,0,10.625,23.6000003814697,2.40000009536743,2068,75.1299285888672,97
64,1,10.625,23.6000003814697,2.40000009536743,2068,75.1299285888672,97
64,1,10.625,23.6000003814697,2.40000009536743,2068,75.1299285888672,97
64,1,10.625,23.6000003814697,2.40000009536743,2068,75.1299285888672,97
64,1,10.625,23.6000003814697,2.40000009536743,2068,75.1299285888672,97
64,2,10.625,23.6000003814697,2.40000009536743,2068,75.1299285888672,97
64,2,10.625,23.6000003814697,2.40000009536743,2068,75.1299285888672,97
64,2,10.625,23.6000003814697,2.40000009536743,2068,75.1299285888672,97
64,2,10.625,23.6000003814697,2.40000009536743,2068,75.1299285888672,97
65,0,11.6083335876465,27.5,1.89999997615814,1731,76.5617141723633,77
65,0,11.6083335876465,27.5,1.89999997615814,1731,76.5617141723633,77
65,0,11.6083335876465,27.5,1.89999997615814,1731,76.5617141723633,77
65,0,11.6083335876465,27.5,1.89999997615814,1731,76.5617141723633,77
65,1,11.6083335876465,27.5,1.89999997615814,1731,76.5617141723633,77
65,1,11.6083335876465,27.5,1.89999997615814,1731,76.5617141723633,77
65,1,11.6083335876465,27.5,1.89999997615814,1731,76.5617141723633,77
65,1,11.6083335876465,27.5,1.89999997615814,1731,76.5617141723633,77
65,2,11.6083335876465,27.5,1.89999997615814,1731,76.5617141723633,77
65,2,11.6083335876465,27.5,1.89999997615814,1731,76.5617141723633,77
65,2,11.6083335876465,27.5,1.89999997615814,1731,76.5617141723633,77
65,2,11.6083335876465,27.5,1.89999997615814,1731,76.5617141723633,77
66,0,10.3625001907349,22.6000003814697,2.09999990463257,2188,75.9653167724609,99
66,0,10.3625001907349,22.6000003814697,2.09999990463257,2188,75.9653167724609,99
66,0,10.3625001907349,22.6000003814697,2.09999990463257,2188,75.9653167724609,99
66,0,10.3625001907349,22.6000003814697,2.09999990463257,2188,75.9653167724609,99
66,1,10.3625001907349,22.6000003814697,2.09999990463257,2188,75.9653167724609,99
66,1,10.3625001907349,22.6000003814697,2.09999990463257,2188,75.9653167724609,99
66,1,10.3625001907349,22.6000003814697,2.09999990463257,2188,75.9653167724609,99
66,1,10.3625001907349,22.6000003814697,2.09999990463257,2188,75.9653167724609,99
66,2,10.3625001907349,22.6000003814697,2.09999990463257,2188,75.9653167724609,99
66,2,10.3625001907349,22.6000003814697,2.09999990463257,2188,75.9653167724609,99
66,2,10.3625001907349,22.6000003814697,2.09999990463257,2188,75.9653167724609,99
66,2,10.3625001907349,22.6000003814697,2.09999990463257,2188,75.9653167724609,99
67,0,10.5666666030884,23.1000003814697,2.59999990463257,2079,74.1663665771484,99
67,0,10.5666666030884,23.1000003814697,2.59999990463257,2079,74.1663665771484,99
67,0,10.5666666030884,23.1000003814697,2.59999990463257,2079,74.1663665771484,99
67,0,10.5666666030884,23.1000003814697,2.59999990463257,2079,74.1663665771484,99
67,1,10.5666666030884,23.1000003814697,2.59999990463257,2079,74.1663665771484,99
67,1,10.5666666030884,23.1000003814697,2.59999990463257,2079,74.1663665771484,99
67,1,10.5666666030884,23.1000003814697,2.59999990463257,2079,74.1663665771484,99
67,1,10.5666666030884,23.1000003814697,2.59999990463257,2079,74.1663665771484,99
67,2,10.5666666030884,23.1000003814697,2.59999990463257,2079,74.1663665771484,99
67,2,10.5666666030884,23.1000003814697,2.59999990463257,2079,74.1663665771484,99
67,2,10.5666666030884,23.1000003814697,2.59999990463257,2079,74.1663665771484,99
67,2,10.5666666030884,23.1000003814697,2.59999990463257,2079,74.1663665771484,99
68,0,11.3916664123535,27.3999996185303,1.70000004768372,1778,77.899658203125,77
68,0,11.3916664123535,27.3999996185303,1.70000004768372,1778,77.899658203125,77
68,0,11.3916664123535,27.3999996185303,1.70000004768372,1778,77.899658203125,77
68,0,11.3916664123535,27.3999996185303,1.70000004768372,1778,77.899658203125,77
68,1,11.3916664123535,27.3999996185303,1.70000004768372,1778,77.899658203125,77
68,1,11.3916664123535,27.3999996185303,1.70000004768372,1778,77.899658203125,77
68,1,11.3916664123535,27.3999996185303,1.70000004768372,1778,77.899658203125,77
68,1,11.3916664123535,27.3999996185303,1.70000004768372,1778,77.899658203125,77
68,2,11.3916664123535,27.3999996185303,1.70000004768372,1778,77.899658203125,77
68,2,11.3916664123535,27.3999996185303,1.70000004768372,1778,77.899658203125,77
68,2,11.3916664123535,27.3999996185303,1.70000004768372,1778,77.899658203125,77
68,2,11.3916664123535,27.3999996185303,1.70000004768372,1778,77.899658203125,77
69,0,10.6833333969116,22.5,2.70000004768372,2149,74.6685333251953,100
69,0,10.6833333969116,22.5,2.70000004768372,2149,74.6685333251953,100
69,0,10.6833333969116,22.5,2.70000004768372,2149,74.6685333251953,100
69,0,10.6833333969116,22.5,2.70000004768372,2149,74.6685333251953,100
69,1,10.6833333969116,22.5,2.70000004768372,2149,74.6685333251953,100
69,1,10.6833333969116,22.5,2.70000004768372,2149,74.6685333251953,100
69,1,10.6833333969116,22.5,2.70000004768372,2149,74.6685333251953,100
69,1,10.6833333969116,22.5,2.70000004768372,2149,74.6685333251953,100
69,2,10.6833333969116,22.5,2.70000004768372,2149,74.6685333251953,100
69,2,10.6833333969116,22.5,2.70000004768372,2149,74.6685333251953,100
69,2,10.6833333969116,22.5,2.70000004768372,2149,74.6685333251953,100
69,2,10.6833333969116,22.5,2.70000004768372,2149,74.6685333251953,100
70,0,10.9958333969116,24,2.59999990463257,1984,74.8501205444336,92
70,0,10.9958333969116,24,2.59999990463257,1984,74.8501205444336,92
70,0,10.9958333969116,24,2.59999990463257,1984,74.8501205444336,92
70,0,10.9958333969116,24,2.59999990463257,1984,74.8501205444336,92
70,1,10.9958333969116,24,2.59999990463257,1984,74.8501205444336,92
70,1,10.9958333969116,24,2.59999990463257,1984,74.8501205444336,92
70,1,10.9958333969116,24,2.59999990463257,1984,74.8501205444336,92
70,1,10.9958333969116,24,2.59999990463257,1984,74.8501205444336,92
70,2,10.9958333969116,24,2.59999990463257,1984,74.8501205444336,92
70,2,10.9958333969116,24,2.59999990463257,1984,74.8501205444336,92
70,2,10.9958333969116,24,2.59999990463257,1984,74.8501205444336,92
70,2,10.9958333969116,24,2.59999990463257,1984,74.8501205444336,92
71,0,10.9875001907349,22.5,3.29999995231628,2096,74.4710006713867,97
71,0,10.9875001907349,22.5,3.29999995231628,2096,74.4710006713867,97
71,0,10.9875001907349,22.5,3.29999995231628,2096,74.4710006713867,97
71,0,10.9875001907349,22.5,3.29999995231628,2096,74.4710006713867,97
71,1,10.9875001907349,22.5,3.29999995231628,2096,74.4710006713867,97
71,1,10.9875001907349,22.5,3.29999995231628,2096,74.4710006713867,97
71,1,10.9875001907349,22.5,3.29999995231628,2096,74.4710006713867,97
71,1,10.9875001907349,22.5,3.29999995231628,2096,74.4710006713867,97
71,2,10.9875001907349,22.5,3.29999995231628,2096,74.4710006713867,97
71,2,10.9875001907349,22.5,3.29999995231628,2096,74.4710006713867,97
71,2,10.9875001907349,22.5,3.29999995231628,2096,74.4710006713867,97
71,2,10.9875001907349,22.5,3.29999995231628,2096,74.4710006713867,97
72,0,9.66666698455811,22.7999992370606,1.10000002384186,2177,75.9927291870117,100
72,0,9.66666698455811,22.7999992370606,1.10000002384186,2177,75.9927291870117,100
72,0,9.66666698455811,22.7999992370606,1.10000002384186,2177,75.9927291870117,100
72,0,9.66666698455811,22.7999992370606,1.10000002384186,2177,75.9927291870117,100
72,1,9.66666698455811,22.7999992370606,1.10000002384186,2177,75.9927291870117,100
72,1,9.66666698455811,22.7999992370606,1.10000002384186,2177,75.9927291870117,100
72,1,9.66666698455811,22.7999992370606,1.10000002384186,2177,75.9927291870117,100
72,1,9.66666698455811,22.7999992370606,1.10000002384186,2177,75.9927291870117,100
72,2,9.66666698455811,22.7999992370606,1.10000002384186,2177,75.9927291870117,100
72,2,9.66666698455811,22.7999992370606,1.10000002384186,2177,75.9927291870117,100
72,2,9.66666698455811,22.7999992370606,1.10000002384186,2177,75.9927291870117,100
72,2,9.66666698455811,22.7999992370606,1.10000002384186,2177,75.9927291870117,100
73,0,11.0749998092651,24.5,2.79999995231628,1986,75.6845550537109,91
73,0,11.0749998092651,24.5,2.79999995231628,1986,75.6845550537109,91
73,0,11.0749998092651,24.5,2.79999995231628,1986,75.6845550537109,91
73,0,11.0749998092651,24.5,2.79999995231628,1986,75.6845550537109,91
73,1,11.0749998092651,24.5,2.79999995231628,1986,75.6845550537109,91
73,1,11.0749998092651,24.5,2.79999995231628,1986,75.6845550537109,91
73,1,11.0749998092651,24.5,2.79999995231628,1986,75.6845550537109,91
73,1,11.0749998092651,24.5,2.79999995231628,1986,75.6845550537109,91
73,2,11.0749998092651,24.5,2.79999995231628,1986,75.6845550537109,91
73,2,11.0749998092651,24.5,2.79999995231628,1986,75.6845550537109,91
73,2,11.0749998092651,24.5,2.79999995231628,1986,75.6845550537109,91
73,2,11.0749998092651,24.5,2.79999995231628,1986,75.6845550537109,91
74,0,11.8249998092651,27.8999996185303,2,1738,77.3240966796875,73
74,0,11.8249998092651,27.8999996185303,2,1738,77.3240966796875,73
74,0,11.8249998092651,27.8999996185303,2,1738,77.3240966796875,73
74,0,11.8249998092651,27.8999996185303,2,1738,77.3240966796875,73
74,1,11.8249998092651,27.8999996185303,2,1738,77.3240966796875,73
74,1,11.8249998092651,27.8999996185303,2,1738,77.3240966796875,73
74,1,11.8249998092651,27.8999996185303,2,1738,77.3240966796875,73
74,1,11.8249998092651,27.8999996185303,2,1738,77.3240966796875,73
74,2,11.8249998092651,27.8999996185303,2,1738,77.3240966796875,73
74,2,11.8249998092651,27.8999996185303,2,1738,77.3240966796875,73
74,2,11.8249998092651,27.8999996185303,2,1738,77.3240966796875,73
74,2,11.8249998092651,27.8999996185303,2,1738,77.3240966796875,73
75,0,10.4916667938232,23.8999996185303,1.89999997615814,2081,75.4694747924805,98
75,0,10.4916667938232,23.8999996185303,1.89999997615814,2081,75.4694747924805,98
75,0,10.4916667938232,23.8999996185303,1.89999997615814,2081,75.4694747924805,98
75,0,10.4916667938232,23.8999996185303,1.89999997615814,2081,75.4694747924805,98
75,1,10.4916667938232,23.8999996185303,1.89999997615814,2081,75.4694747924805,98
75,1,10.4916667938232,23.8999996185303,1.89999997615814,2081,75.4694747924805,98
75,1,10.4916667938232,23.8999996185303,1.89999997615814,2081,75.4694747924805,98
75,1,10.4916667938232,23.8999996185303,1.89999997615814,2081,75.4694747924805,98
75,2,10.4916667938232,23.8999996185303,1.89999997615814,2081,75.4694747924805,98
75,2,10.4916667938232,23.8999996185303,1.89999997615814,2081,75.4694747924805,98
75,2,10.4916667938232,23.8999996185303,1.89999997615814,2081,75.4694747924805,98
75,2,10.4916667938232,23.8999996185303,1.89999997615814,2081,75.4694747924805,98
76,0,11.9541664123535,24.2999992370606,3,2018,77.3638610839844,80
76,0,11.9541664123535,24.2999992370606,3,2018,77.3638610839844,80
76,0,11.9541664123535,24.2999992370606,3,2018,77.3638610839844,80
76,0,11.9541664123535,24.2999992370606,3,2018,77.3638610839844,80
76,1,11.9541664123535,24.2999992370606,3,2018,77.3638610839844,80
76,1,11.9541664123535,24.2999992370606,3,2018,77.3638610839844,80
76,1,11.9541664123535,24.2999992370606,3,2018,77.3638610839844,80
76,1,11.9541664123535,24.2999992370606,3,2018,77.3638610839844,80
76,2,11.9541664123535,24.2999992370606,3,2018,77.3638610839844,80
76,2,11.9541664123535,24.2999992370606,3,2018,77.3638610839844,80
76,2,11.9541664123535,24.2999992370606,3,2018,77.3638610839844,80
76,2,11.9541664123535,24.2999992370606,3,2018,77.3638610839844,80
77,0,6.03333330154419,26.2999992370606,-7.90000009536743,457,56.9778594970703,58
77,0,6.03333330154419,26.2999992370606,-7.90000009536743,457,56.9778594970703,58
77,0,6.03333330154419,26.2999992370606,-7.90000009536743,457,56.9778594970703,58
77,0,6.03333330154419,26.2999992370606,-7.90000009536743,457,56.9778594970703,58
77,1,6.03333330154419,26.2999992370606,-7.90000009536743,457,56.9778594970703,58
77,1,6.03333330154419,26.2999992370606,-7.90000009536743,457,56.9778594970703,58
77,1,6.03333330154419,26.2999992370606,-7.90000009536743,457,56.9778594970703,58
77,1,6.03333330154419,26.2999992370606,-7.90000009536743,457,56.9778594970703,58
77,2,6.03333330154419,26.2999992370606,-7.90000009536743,457,56.9778594970703,58
77,2,6.03333330154419,26.2999992370606,-7.90000009536743,457,56.9778594970703,58
77,2,6.03333330154419,26.2999992370606,-7.90000009536743,457,56.9778594970703,58
77,2,6.03333330154419,26.2999992370606,-7.90000009536743,457,56.9778594970703,58
78,0,4.59166669845581,24,-8.30000019073486,1082,65.6501770019531,88
78,0,4.59166669845581,24,-8.30000019073486,1082,65.6501770019531,88
78,0,4.59166669845581,24,-8.30000019073486,1082,65.6501770019531,88
78,0,4.59166669845581,24,-8.30000019073486,1082,65.6501770019531,88
78,1,4.59166669845581,24,-8.30000019073486,1082,65.6501770019531,88
78,1,4.59166669845581,24,-8.30000019073486,1082,65.6501770019531,88
78,1,4.59166669845581,24,-8.30000019073486,1082,65.6501770019531,88
78,1,4.59166669845581,24,-8.30000019073486,1082,65.6501770019531,88
78,2,4.59166669845581,24,-8.30000019073486,1082,65.6501770019531,88
78,2,4.59166669845581,24,-8.30000019073486,1082,65.6501770019531,88
78,2,4.59166669845581,24,-8.30000019073486,1082,65.6501770019531,88
78,2,4.59166669845581,24,-8.30000019073486,1082,65.6501770019531,88
79,0,3.72499990463257,22.6000003814697,-8.80000019073486,1201,62.9864730834961,100
79,0,3.72499990463257,22.6000003814697,-8.80000019073486,1201,62.9864730834961,100
79,0,3.72499990463257,22.6000003814697,-8.80000019073486,1201,62.9864730834961,100
79,0,3.72499990463257,22.6000003814697,-8.80000019073486,1201,62.9864730834961,100
79,1,3.72499990463257,22.6000003814697,-8.80000019073486,1201,62.9864730834961,100
79,1,3.72499990463257,22.6000003814697,-8.80000019073486,1201,62.9864730834961,100
79,1,3.72499990463257,22.6000003814697,-8.80000019073486,1201,62.9864730834961,100
79,1,3.72499990463257,22.6000003814697,-8.80000019073486,1201,62.9864730834961,100
79,2,3.72499990463257,22.6000003814697,-8.80000019073486,1201,62.9864730834961,100
79,2,3.72499990463257,22.6000003814697,-8.80000019073486,1201,62.9864730834961,100
79,2,3.72499990463257,22.6000003814697,-8.80000019073486,1201,62.9864730834961,100
79,2,3.72499990463257,22.6000003814697,-8.80000019073486,1201,62.9864730834961,100
80,0,5.875,26.3999996185303,-8.39999961853027,494,57.5053443908691,60
80,0,5.875,26.3999996185303,-8.39999961853027,494,57.5053443908691,60
80,0,5.875,26.3999996185303,-8.39999961853027,494,57.5053443908691,60
80,0,5.875,26.3999996185303,-8.39999961853027,494,57.5053443908691,60
80,1,5.875,26.3999996185303,-8.39999961853027,494,57.5053443908691,60
80,1,5.875,26.3999996185303,-8.39999961853027,494,57.5053443908691,60
80,1,5.875,26.3999996185303,-8.39999961853027,494,57.5053443908691,60
80,1,5.875,26.3999996185303,-8.39999961853027,494,57.5053443908691,60
80,2,5.875,26.3999996185303,-8.39999961853027,494,57.5053443908691,60
80,2,5.875,26.3999996185303,-8.39999961853027,494,57.5053443908691,60
80,2,5.875,26.3999996185303,-8.39999961853027,494,57.5053443908691,60
80,2,5.875,26.3999996185303,-8.39999961853027,494,57.5053443908691,60
81,0,5.05833339691162,25.2999992370606,-8.89999961853027,373,39.859302520752,61
81,0,5.05833339691162,25.2999992370606,-8.89999961853027,373,39.859302520752,61
81,0,5.05833339691162,25.2999992370606,-8.89999961853027,373,39.859302520752,61
81,0,5.05833339691162,25.2999992370606,-8.89999961853027,373,39.859302520752,61
81,1,5.05833339691162,25.2999992370606,-8.89999961853027,373,39.859302520752,61
81,1,5.05833339691162,25.2999992370606,-8.89999961853027,373,39.859302520752,61
81,1,5.05833339691162,25.2999992370606,-8.89999961853027,373,39.859302520752,61
81,1,5.05833339691162,25.2999992370606,-8.89999961853027,373,39.859302520752,61
81,2,5.05833339691162,25.2999992370606,-8.89999961853027,373,39.859302520752,61
81,2,5.05833339691162,25.2999992370606,-8.89999961853027,373,39.859302520752,61
81,2,5.05833339691162,25.2999992370606,-8.89999961853027,373,39.859302520752,61
81,2,5.05833339691162,25.2999992370606,-8.89999961853027,373,39.859302520752,61
82,0,4.65833330154419,24.2999992370606,-8.39999961853027,813,61.4585571289063,75
82,0,4.65833330154419,24.2999992370606,-8.39999961853027,813,61.4585571289063,75
82,0,4.65833330154419,24.2999992370606,-8.39999961853027,813,61.4585571289063,75
82,0,4.65833330154419,24.2999992370606,-8.39999961853027,813,61.4585571289063,75
82,1,4.65833330154419,24.2999992370606,-8.39999961853027,813,61.4585571289063,75
82,1,4.65833330154419,24.2999992370606,-8.39999961853027,813,61.4585571289063,75
82,1,4.65833330154419,24.2999992370606,-8.39999961853027,813,61.4585571289063,75
82,1,4.65833330154419,24.2999992370606,-8.39999961853027,813,61.4585571289063,75
82,2,4.65833330154419,24.2999992370606,-8.39999961853027,813,61.4585571289063,75
82,2,4.65833330154419,24.2999992370606,-8.39999961853027,813,61.4585571289063,75
82,2,4.65833330154419,24.2999992370606,-8.39999961853027,813,61.4585571289063,75
82,2,4.65833330154419,24.2999992370606,-8.39999961853027,813,61.4585571289063,75
83,0,1.85000002384186,20.2000007629395,-9.69999980926514,985,54.3759422302246,94
83,0,1.85000002384186,20.2000007629395,-9.69999980926514,985,54.3759422302246,94
83,0,1.85000002384186,20.2000007629395,-9.69999980926514,985,54.3759422302246,94
83,0,1.85000002384186,20.2000007629395,-9.69999980926514,985,54.3759422302246,94
83,1,1.85000002384186,20.2000007629395,-9.69999980926514,985,54.3759422302246,94
83,1,1.85000002384186,20.2000007629395,-9.69999980926514,985,54.3759422302246,94
83,1,1.85000002384186,20.2000007629395,-9.69999980926514,985,54.3759422302246,94
83,1,1.85000002384186,20.2000007629395,-9.69999980926514,985,54.3759422302246,94
83,2,1.85000002384186,20.2000007629395,-9.69999980926514,985,54.3759422302246,94
83,2,1.85000002384186,20.2000007629395,-9.69999980926514,985,54.3759422302246,94
83,2,1.85000002384186,20.2000007629395,-9.69999980926514,985,54.3759422302246,94
83,2,1.85000002384186,20.2000007629395,-9.69999980926514,985,54.3759422302246,94
84,0,4.94583320617676,24.5,-8.10000038146973,1003,66.1444091796875,84
84,0,4.94583320617676,24.5,-8.10000038146973,1003,66.1444091796875,84
84,0,4.94583320617676,24.5,-8.10000038146973,1003,66.1444091796875,84
84,0,4.94583320617676,24.5,-8.10000038146973,1003,66.1444091796875,84
84,1,4.94583320617676,24.5,-8.10000038146973,1003,66.1444091796875,84
84,1,4.94583320617676,24.5,-8.10000038146973,1003,66.1444091796875,84
84,1,4.94583320617676,24.5,-8.10000038146973,1003,66.1444091796875,84
84,1,4.94583320617676,24.5,-8.10000038146973,1003,66.1444091796875,84
84,2,4.94583320617676,24.5,-8.10000038146973,1003,66.1444091796875,84
84,2,4.94583320617676,24.5,-8.10000038146973,1003,66.1444091796875,84
84,2,4.94583320617676,24.5,-8.10000038146973,1003,66.1444091796875,84
84,2,4.94583320617676,24.5,-8.10000038146973,1003,66.1444091796875,84
85,0,7.15416669845581,27.6000003814697,-5.69999980926514,637,66.7898254394531,58
85,0,7.15416669845581,27.6000003814697,-5.69999980926514,637,66.7898254394531,58
85,0,7.15416669845581,27.6000003814697,-5.69999980926514,637,66.7898254394531,58
85,0,7.15416669845581,27.6000003814697,-5.69999980926514,637,66.7898254394531,58
85,1,7.15416669845581,27.6000003814697,-5.69999980926514,637,66.7898254394531,58
85,1,7.15416669845581,27.6000003814697,-5.69999980926514,637,66.7898254394531,58
85,1,7.15416669845581,27.6000003814697,-5.69999980926514,637,66.7898254394531,58
85,1,7.15416669845581,27.6000003814697,-5.69999980926514,637,66.7898254394531,58
85,2,7.15416669845581,27.6000003814697,-5.69999980926514,637,66.7898254394531,58
85,2,7.15416669845581,27.6000003814697,-5.69999980926514,637,66.7898254394531,58
85,2,7.15416669845581,27.6000003814697,-5.69999980926514,637,66.7898254394531,58
85,2,7.15416669845581,27.6000003814697,-5.69999980926514,637,66.7898254394531,58
86,0,6.77916669845581,26.6000003814697,-5.80000019073486,859,67.1162872314453,73
86,0,6.77916669845581,26.6000003814697,-5.80000019073486,859,67.1162872314453,73
86,0,6.77916669845581,26.6000003814697,-5.80000019073486,859,67.1162872314453,73
86,0,6.77916669845581,26.6000003814697,-5.80000019073486,859,67.1162872314453,73
86,1,6.77916669845581,26.6000003814697,-5.80000019073486,859,67.1162872314453,73
86,1,6.77916669845581,26.6000003814697,-5.80000019073486,859,67.1162872314453,73
86,1,6.77916669845581,26.6000003814697,-5.80000019073486,859,67.1162872314453,73
86,1,6.77916669845581,26.6000003814697,-5.80000019073486,859,67.1162872314453,73
86,2,6.77916669845581,26.6000003814697,-5.80000019073486,859,67.1162872314453,73
86,2,6.77916669845581,26.6000003814697,-5.80000019073486,859,67.1162872314453,73
86,2,6.77916669845581,26.6000003814697,-5.80000019073486,859,67.1162872314453,73
86,2,6.77916669845581,26.6000003814697,-5.80000019073486,859,67.1162872314453,73
87,0,6.46250009536743,26,-5.90000009536743,916,68.1604690551758,76
87,0,6.46250009536743,26,-5.90000009536743,916,68.1604690551758,76
87,0,6.46250009536743,26,-5.90000009536743,916,68.1604690551758,76
87,0,6.46250009536743,26,-5.90000009536743,916,68.1604690551758,76
87,1,6.46250009536743,26,-5.90000009536743,916,68.1604690551758,76
87,1,6.46250009536743,26,-5.90000009536743,916,68.1604690551758,76
87,1,6.46250009536743,26,-5.90000009536743,916,68.1604690551758,76
87,1,6.46250009536743,26,-5.90000009536743,916,68.1604690551758,76
87,2,6.46250009536743,26,-5.90000009536743,916,68.1604690551758,76
87,2,6.46250009536743,26,-5.90000009536743,916,68.1604690551758,76
87,2,6.46250009536743,26,-5.90000009536743,916,68.1604690551758,76
87,2,6.46250009536743,26,-5.90000009536743,916,68.1604690551758,76
88,0,4.90000009536743,25.3999996185303,-9.39999961853027,383,42.3033485412598,61
88,0,4.90000009536743,25.3999996185303,-9.39999961853027,383,42.3033485412598,61
88,0,4.90000009536743,25.3999996185303,-9.39999961853027,383,42.3033485412598,61
88,0,4.90000009536743,25.3999996185303,-9.39999961853027,383,42.3033485412598,61
88,1,4.90000009536743,25.3999996185303,-9.39999961853027,383,42.3033485412598,61
88,1,4.90000009536743,25.3999996185303,-9.39999961853027,383,42.3033485412598,61
88,1,4.90000009536743,25.3999996185303,-9.39999961853027,383,42.3033485412598,61
88,1,4.90000009536743,25.3999996185303,-9.39999961853027,383,42.3033485412598,61
88,2,4.90000009536743,25.3999996185303,-9.39999961853027,383,42.3033485412598,61
88,2,4.90000009536743,25.3999996185303,-9.39999961853027,383,42.3033485412598,61
88,2,4.90000009536743,25.3999996185303,-9.39999961853027,383,42.3033485412598,61
88,2,4.90000009536743,25.3999996185303,-9.39999961853027,383,42.3033485412598,61
89,0,5.73749971389771,25.7999992370605,-8,459,54.6125373840332,60
89,0,5.73749971389771,25.7999992370605,-8,459,54.6125373840332,60
89,0,5.73749971389771,25.7999992370605,-8,459,54.6125373840332,60
89,0,5.73749971389771,25.7999992370605,-8,459,54.6125373840332,60
89,1,5.73749971389771,25.7999992370605,-8,459,54.6125373840332,60
89,1,5.73749971389771,25.7999992370605,-8,459,54.6125373840332,60
89,1,5.73749971389771,25.7999992370605,-8,459,54.6125373840332,60
89,1,5.73749971389771,25.7999992370605,-8,459,54.6125373840332,60
89,2,5.73749971389771,25.7999992370605,-8,459,54.6125373840332,60
89,2,5.73749971389771,25.7999992370605,-8,459,54.6125373840332,60
89,2,5.73749971389771,25.7999992370605,-8,459,54.6125373840332,60
89,2,5.73749971389771,25.7999992370605,-8,459,54.6125373840332,60
90,0,6.48750019073486,26.1000003814697,-6.59999990463257,417,55.1001205444336,56
90,0,6.48750019073486,26.1000003814697,-6.59999990463257,417,55.1001205444336,56
90,0,6.48750019073486,26.1000003814697,-6.59999990463257,417,55.1001205444336,56
90,0,6.48750019073486,26.1000003814697,-6.59999990463257,417,55.1001205444336,56
90,1,6.48750019073486,26.1000003814697,-6.59999990463257,417,55.1001205444336,56
90,1,6.48750019073486,26.1000003814697,-6.59999990463257,417,55.1001205444336,56
90,1,6.48750019073486,26.1000003814697,-6.59999990463257,417,55.1001205444336,56
90,1,6.48750019073486,26.1000003814697,-6.59999990463257,417,55.1001205444336,56
90,2,6.48750019073486,26.1000003814697,-6.59999990463257,417,55.1001205444336,56
90,2,6.48750019073486,26.1000003814697,-6.59999990463257,417,55.1001205444336,56
90,2,6.48750019073486,26.1000003814697,-6.59999990463257,417,55.1001205444336,56
90,2,6.48750019073486,26.1000003814697,-6.59999990463257,417,55.1001205444336,56
91,0,5.24583339691162,25.5,-8.69999980926514,341,37.0539207458496,61
91,0,5.24583339691162,25.5,-8.69999980926514,341,37.0539207458496,61
91,0,5.24583339691162,25.5,-8.69999980926514,341,37.0539207458496,61
91,0,5.24583339691162,25.5,-8.69999980926514,341,37.0539207458496,61
91,1,5.24583339691162,25.5,-8.69999980926514,341,37.0539207458496,61
91,1,5.24583339691162,25.5,-8.69999980926514,341,37.0539207458496,61
91,1,5.24583339691162,25.5,-8.69999980926514,341,37.0539207458496,61
91,1,5.24583339691162,25.5,-8.69999980926514,341,37.0539207458496,61
91,2,5.24583339691162,25.5,-8.69999980926514,341,37.0539207458496,61
91,2,5.24583339691162,25.5,-8.69999980926514,341,37.0539207458496,61
91,2,5.24583339691162,25.5,-8.69999980926514,341,37.0539207458496,61
91,2,5.24583339691162,25.5,-8.69999980926514,341,37.0539207458496,61
92,0,5.46666669845581,26.1000003814697,-8.69999980926514,340,38.1932525634766,59
92,0,5.46666669845581,26.1000003814697,-8.69999980926514,340,38.1932525634766,59
92,0,5.46666669845581,26.1000003814697,-8.69999980926514,340,38.1932525634766,59
92,0,5.46666669845581,26.1000003814697,-8.69999980926514,340,38.1932525634766,59
92,1,5.46666669845581,26.1000003814697,-8.69999980926514,340,38.1932525634766,59
92,1,5.46666669845581,26.1000003814697,-8.69999980926514,340,38.1932525634766,59
92,1,5.46666669845581,26.1000003814697,-8.69999980926514,340,38.1932525634766,59
92,1,5.46666669845581,26.1000003814697,-8.69999980926514,340,38.1932525634766,59
92,2,5.46666669845581,26.1000003814697,-8.69999980926514,340,38.1932525634766,59
92,2,5.46666669845581,26.1000003814697,-8.69999980926514,340,38.1932525634766,59
92,2,5.46666669845581,26.1000003814697,-8.69999980926514,340,38.1932525634766,59
92,2,5.46666669845581,26.1000003814697,-8.69999980926514,340,38.1932525634766,59
93,0,5.4375,26,-8.69999980926514,324,34.6262855529785,60
93,0,5.4375,26,-8.69999980926514,324,34.6262855529785,60
93,0,5.4375,26,-8.69999980926514,324,34.6262855529785,60
93,0,5.4375,26,-8.69999980926514,324,34.6262855529785,60
93,1,5.4375,26,-8.69999980926514,324,34.6262855529785,60
93,1,5.4375,26,-8.69999980926514,324,34.6262855529785,60
93,1,5.4375,26,-8.69999980926514,324,34.6262855529785,60
93,1,5.4375,26,-8.69999980926514,324,34.6262855529785,60
93,2,5.4375,26,-8.69999980926514,324,34.6262855529785,60
93,2,5.4375,26,-8.69999980926514,324,34.6262855529785,60
93,2,5.4375,26,-8.69999980926514,324,34.6262855529785,60
93,2,5.4375,26,-8.69999980926514,324,34.6262855529785,60
94,0,3.125,21.8999996185303,-9.10000038146973,777,54.6148948669434,79
94,0,3.125,21.8999996185303,-9.10000038146973,777,54.6148948669434,79
94,0,3.125,21.8999996185303,-9.10000038146973,777,54.6148948669434,79
94,0,3.125,21.8999996185303,-9.10000038146973,777,54.6148948669434,79
94,1,3.125,21.8999996185303,-9.10000038146973,777,54.6148948669434,79
94,1,3.125,21.8999996185303,-9.10000038146973,777,54.6148948669434,79
94,1,3.125,21.8999996185303,-9.10000038146973,777,54.6148948669434,79
94,1,3.125,21.8999996185303,-9.10000038146973,777,54.6148948669434,79
94,2,3.125,21.8999996185303,-9.10000038146973,777,54.6148948669434,79
94,2,3.125,21.8999996185303,-9.10000038146973,777,54.6148948669434,79
94,2,3.125,21.8999996185303,-9.10000038146973,777,54.6148948669434,79
94,2,3.125,21.8999996185303,-9.10000038146973,777,54.6148948669434,79
95,0,5.21666669845581,24.7999992370606,-7.90000009536743,477,51.7312240600586,66
95,0,5.21666669845581,24.7999992370606,-7.90000009536743,477,51.7312240600586,66
95,0,5.21666669845581,24.7999992370606,-7.90000009536743,477,51.7312240600586,66
95,0,5.21666669845581,24.7999992370606,-7.90000009536743,477,51.7312240600586,66
95,1,5.21666669845581,24.7999992370606,-7.90000009536743,477,51.7312240600586,66
95,1,5.21666669845581,24.7999992370606,-7.90000009536743,477,51.7312240600586,66
95,1,5.21666669845581,24.7999992370606,-7.90000009536743,477,51.7312240600586,66
95,1,5.21666669845581,24.7999992370606,-7.90000009536743,477,51.7312240600586,66
95,2,5.21666669845581,24.7999992370606,-7.90000009536743,477,51.7312240600586,66
95,2,5.21666669845581,24.7999992370606,-7.90000009536743,477,51.7312240600586,66
95,2,5.21666669845581,24.7999992370606,-7.90000009536743,477,51.7312240600586,66
95,2,5.21666669845581,24.7999992370606,-7.90000009536743,477,51.7312240600586,66
96,0,2.44166660308838,20.3999996185303,-8.69999980926514,1335,62.3678894042969,116
96,0,2.44166660308838,20.3999996185303,-8.69999980926514,1335,62.3678894042969,116
96,0,2.44166660308838,20.3999996185303,-8.69999980926514,1335,62.3678894042969,116
96,0,2.44166660308838,20.3999996185303,-8.69999980926514,1335,62.3678894042969,116
96,1,2.44166660308838,20.3999996185303,-8.69999980926514,1335,62.3678894042969,116
96,1,2.44166660308838,20.3999996185303,-8.69999980926514,1335,62.3678894042969,116
96,1,2.44166660308838,20.3999996185303,-8.69999980926514,1335,62.3678894042969,116
96,1,2.44166660308838,20.3999996185303,-8.69999980926514,1335,62.3678894042969,116
96,2,2.44166660308838,20.3999996185303,-8.69999980926514,1335,62.3678894042969,116
96,2,2.44166660308838,20.3999996185303,-8.69999980926514,1335,62.3678894042969,116
96,2,2.44166660308838,20.3999996185303,-8.69999980926514,1335,62.3678894042969,116
96,2,2.44166660308838,20.3999996185303,-8.69999980926514,1335,62.3678894042969,116
97,0,3.91249990463257,23.1000003814697,-8.89999961853027,682,53.3753356933594,71
97,0,3.91249990463257,23.1000003814697,-8.89999961853027,682,53.3753356933594,71
97,0,3.91249990463257,23.1000003814697,-8.89999961853027,682,53.3753356933594,71
97,0,3.91249990463257,23.1000003814697,-8.89999961853027,682,53.3753356933594,71
97,1,3.91249990463257,23.1000003814697,-8.89999961853027,682,53.3753356933594,71
97,1,3.91249990463257,23.1000003814697,-8.89999961853027,682,53.3753356933594,71
97,1,3.91249990463257,23.1000003814697,-8.89999961853027,682,53.3753356933594,71
97,1,3.91249990463257,23.1000003814697,-8.89999961853027,682,53.3753356933594,71
97,2,3.91249990463257,23.1000003814697,-8.89999961853027,682,53.3753356933594,71
97,2,3.91249990463257,23.1000003814697,-8.89999961853027,682,53.3753356933594,71
97,2,3.91249990463257,23.1000003814697,-8.89999961853027,682,53.3753356933594,71
97,2,3.91249990463257,23.1000003814697,-8.89999961853027,682,53.3753356933594,71
98,0,5.69999980926514,25.8999996185303,-8.10000038146973,705,64.3708953857422,70
98,0,5.69999980926514,25.8999996185303,-8.10000038146973,705,64.3708953857422,70
98,0,5.69999980926514,25.8999996185303,-8.10000038146973,705,64.3708953857422,70
98,0,5.69999980926514,25.8999996185303,-8.10000038146973,705,64.3708953857422,70
98,1,5.69999980926514,25.8999996185303,-8.10000038146973,705,64.3708953857422,70
98,1,5.69999980926514,25.8999996185303,-8.10000038146973,705,64.3708953857422,70
98,1,5.69999980926514,25.8999996185303,-8.10000038146973,705,64.3708953857422,70
98,1,5.69999980926514,25.8999996185303,-8.10000038146973,705,64.3708953857422,70
98,2,5.69999980926514,25.8999996185303,-8.10000038146973,705,64.3708953857422,70
98,2,5.69999980926514,25.8999996185303,-8.10000038146973,705,64.3708953857422,70
98,2,5.69999980926514,25.8999996185303,-8.10000038146973,705,64.3708953857422,70
98,2,5.69999980926514,25.8999996185303,-8.10000038146973,705,64.3708953857422,70
99,0,5.22916650772095,24.8999996185303,-8,728,62.6463356018066,73
99,0,5.22916650772095,24.8999996185303,-8,728,62.6463356018066,73
99,0,5.22916650772095,24.8999996185303,-8,728,62.6463356018066,73
99,0,5.22916650772095,24.8999996185303,-8,728,62.6463356018066,73
99,1,5.22916650772095,24.8999996185303,-8,728,62.6463356018066,73
99,1,5.22916650772095,24.8999996185303,-8,728,62.6463356018066,73
99,1,5.22916650772095,24.8999996185303,-8,728,62.6463356018066,73
99,1,5.22916650772095,24.8999996185303,-8,728,62.6463356018066,73
99,2,5.22916650772095,24.8999996185303,-8,728,62.6463356018066,73
99,2,5.22916650772095,24.8999996185303,-8,728,62.6463356018066,73
99,2,5.22916650772095,24.8999996185303,-8,728,62.6463356018066,73
99,2,5.22916650772095,24.8999996185303,-8,728,62.6463356018066,73
100,0,2.79583334922791,22.1000003814697,-9.89999961853027,759,52.6727066040039,77
100,0,2.79583334922791,22.1000003814697,-9.89999961853027,759,52.6727066040039,77
100,0,2.79583334922791,22.1000003814697,-9.89999961853027,759,52.6727066040039,77
100,0,2.79583334922791,22.1000003814697,-9.89999961853027,759,52.6727066040039,77
100,1,2.79583334922791,22.1000003814697,-9.89999961853027,759,52.6727066040039,77
100,1,2.79583334922791,22.1000003814697,-9.89999961853027,759,52.6727066040039,77
100,1,2.79583334922791,22.1000003814697,-9.89999961853027,759,52.6727066040039,77
100,1,2.79583334922791,22.1000003814697,-9.89999961853027,759,52.6727066040039,77
100,2,2.79583334922791,22.1000003814697,-9.89999961853027,759,52.6727066040039,77
100,2,2.79583334922791,22.1000003814697,-9.89999961853027,759,52.6727066040039,77
100,2,2.79583334922791,22.1000003814697,-9.89999961853027,759,52.6727066040039,77
100,2,2.79583334922791,22.1000003814697,-9.89999961853027,759,52.6727066040039,77
101,0,3.65416669845581,23.5,-9.69999980926514,628,50.926082611084,66
101,0,3.65416669845581,23.5,-9.69999980926514,628,50.926082611084,66
101,0,3.65416669845581,23.5,-9.69999980926514,628,50.926082611084,66
101,0,3.65416669845581,23.5,-9.69999980926514,628,50.926082611084,66
101,1,3.65416669845581,23.5,-9.69999980926514,628,50.926082611084,66
101,1,3.65416669845581,23.5,-9.69999980926514,628,50.926082611084,66
101,1,3.65416669845581,23.5,-9.69999980926514,628,50.926082611084,66
101,1,3.65416669845581,23.5,-9.69999980926514,628,50.926082611084,66
101,2,3.65416669845581,23.5,-9.69999980926514,628,50.926082611084,66
101,2,3.65416669845581,23.5,-9.69999980926514,628,50.926082611084,66
101,2,3.65416669845581,23.5,-9.69999980926514,628,50.926082611084,66
101,2,3.65416669845581,23.5,-9.69999980926514,628,50.926082611084,66
102,0,5.16666650772095,25.5,-8.89999961853027,362,39.197265625,61
102,0,5.16666650772095,25.5,-8.89999961853027,362,39.197265625,61
102,0,5.16666650772095,25.5,-8.89999961853027,362,39.197265625,61
102,0,5.16666650772095,25.5,-8.89999961853027,362,39.197265625,61
102,1,5.16666650772095,25.5,-8.89999961853027,362,39.197265625,61
102,1,5.16666650772095,25.5,-8.89999961853027,362,39.197265625,61
102,1,5.16666650772095,25.5,-8.89999961853027,362,39.197265625,61
102,1,5.16666650772095,25.5,-8.89999961853027,362,39.197265625,61
102,2,5.16666650772095,25.5,-8.89999961853027,362,39.197265625,61
102,2,5.16666650772095,25.5,-8.89999961853027,362,39.197265625,61
102,2,5.16666650772095,25.5,-8.89999961853027,362,39.197265625,61
102,2,5.16666650772095,25.5,-8.89999961853027,362,39.197265625,61
103,0,4.79583311080933,24.3999996185303,-8.30000019073486,791,61.6532707214356,78
103,0,4.79583311080933,24.3999996185303,-8.30000019073486,791,61.6532707214356,78
103,0,4.79583311080933,24.3999996185303,-8.30000019073486,791,61.6532707214356,78
103,0,4.79583311080933,24.3999996185303,-8.30000019073486,791,61.6532707214356,78
103,1,4.79583311080933,24.3999996185303,-8.30000019073486,791,61.6532707214356,78
103,1,4.79583311080933,24.3999996185303,-8.30000019073486,791,61.6532707214356,78
103,1,4.79583311080933,24.3999996185303,-8.30000019073486,791,61.6532707214356,78
103,1,4.79583311080933,24.3999996185303,-8.30000019073486,791,61.6532707214356,78
103,2,4.79583311080933,24.3999996185303,-8.30000019073486,791,61.6532707214356,78
103,2,4.79583311080933,24.3999996185303,-8.30000019073486,791,61.6532707214356,78
103,2,4.79583311080933,24.3999996185303,-8.30000019073486,791,61.6532707214356,78
103,2,4.79583311080933,24.3999996185303,-8.30000019073486,791,61.6532707214356,78
104,0,4.84999990463257,25.2000007629395,-8.69999980926514,425,42.1271896362305,65
104,0,4.84999990463257,25.2000007629395,-8.69999980926514,425,42.1271896362305,65
104,0,4.84999990463257,25.2000007629395,-8.69999980926514,425,42.1271896362305,65
104,0,4.84999990463257,25.2000007629395,-8.69999980926514,425,42.1271896362305,65
104,1,4.84999990463257,25.2000007629395,-8.69999980926514,425,42.1271896362305,65
104,1,4.84999990463257,25.2000007629395,-8.69999980926514,425,42.1271896362305,65
104,1,4.84999990463257,25.2000007629395,-8.69999980926514,425,42.1271896362305,65
104,1,4.84999990463257,25.2000007629395,-8.69999980926514,425,42.1271896362305,65
104,2,4.84999990463257,25.2000007629395,-8.69999980926514,425,42.1271896362305,65
104,2,4.84999990463257,25.2000007629395,-8.69999980926514,425,42.1271896362305,65
104,2,4.84999990463257,25.2000007629395,-8.69999980926514,425,42.1271896362305,65
104,2,4.84999990463257,25.2000007629395,-8.69999980926514,425,42.1271896362305,65
105,0,3.83749985694885,22.2999992370605,-7.90000009536743,1296,67.1806640625,100
105,0,3.83749985694885,22.2999992370605,-7.90000009536743,1296,67.1806640625,100
105,0,3.83749985694885,22.2999992370605,-7.90000009536743,1296,67.1806640625,100
105,0,3.83749985694885,22.2999992370605,-7.90000009536743,1296,67.1806640625,100
105,1,3.83749985694885,22.2999992370605,-7.90000009536743,1296,67.1806640625,100
105,1,3.83749985694885,22.2999992370605,-7.90000009536743,1296,67.1806640625,100
105,1,3.83749985694885,22.2999992370605,-7.90000009536743,1296,67.1806640625,100
105,1,3.83749985694885,22.2999992370605,-7.90000009536743,1296,67.1806640625,100
105,2,3.83749985694885,22.2999992370605,-7.90000009536743,1296,67.1806640625,100
105,2,3.83749985694885,22.2999992370605,-7.90000009536743,1296,67.1806640625,100
105,2,3.83749985694885,22.2999992370605,-7.90000009536743,1296,67.1806640625,100
105,2,3.83749985694885,22.2999992370605,-7.90000009536743,1296,67.1806640625,100
106,0,3.70416665077209,23.7999992370606,-9.69999980926514,602,49.0325660705566,66
106,0,3.70416665077209,23.7999992370606,-9.69999980926514,602,49.0325660705566,66
106,0,3.70416665077209,23.7999992370606,-9.69999980926514,602,49.0325660705566,66
106,0,3.70416665077209,23.7999992370606,-9.69999980926514,602,49.0325660705566,66
106,1,3.70416665077209,23.7999992370606,-9.69999980926514,602,49.0325660705566,66
106,1,3.70416665077209,23.7999992370606,-9.69999980926514,602,49.0325660705566,66
106,1,3.70416665077209,23.7999992370606,-9.69999980926514,602,49.0325660705566,66
106,1,3.70416665077209,23.7999992370606,-9.69999980926514,602,49.0325660705566,66
106,2,3.70416665077209,23.7999992370606,-9.69999980926514,602,49.0325660705566,66
106,2,3.70416665077209,23.7999992370606,-9.69999980926514,602,49.0325660705566,66
106,2,3.70416665077209,23.7999992370606,-9.69999980926514,602,49.0325660705566,66
106,2,3.70416665077209,23.7999992370606,-9.69999980926514,602,49.0325660705566,66
107,0,4.83750009536743,24.2999992370606,-8,1003,66.9900436401367,83
107,0,4.83750009536743,24.2999992370606,-8,1003,66.9900436401367,83
107,0,4.83750009536743,24.2999992370606,-8,1003,66.9900436401367,83
107,0,4.83750009536743,24.2999992370606,-8,1003,66.9900436401367,83
107,1,4.83750009536743,24.2999992370606,-8,1003,66.9900436401367,83
107,1,4.83750009536743,24.2999992370606,-8,1003,66.9900436401367,83
107,1,4.83750009536743,24.2999992370606,-8,1003,66.9900436401367,83
107,1,4.83750009536743,24.2999992370606,-8,1003,66.9900436401367,83
107,2,4.83750009536743,24.2999992370606,-8,1003,66.9900436401367,83
107,2,4.83750009536743,24.2999992370606,-8,1003,66.9900436401367,83
107,2,4.83750009536743,24.2999992370606,-8,1003,66.9900436401367,83
107,2,4.83750009536743,24.2999992370606,-8,1003,66.9900436401367,83
108,0,5.39166688919067,25.6000003814697,-8.5,823,62.8835525512695,78
108,0,5.39166688919067,25.6000003814697,-8.5,823,62.8835525512695,78
108,0,5.39166688919067,25.6000003814697,-8.5,823,62.8835525512695,78
108,0,5.39166688919067,25.6000003814697,-8.5,823,62.8835525512695,78
108,1,5.39166688919067,25.6000003814697,-8.5,823,62.8835525512695,78
108,1,5.39166688919067,25.6000003814697,-8.5,823,62.8835525512695,78
108,1,5.39166688919067,25.6000003814697,-8.5,823,62.8835525512695,78
108,1,5.39166688919067,25.6000003814697,-8.5,823,62.8835525512695,78
108,2,5.39166688919067,25.6000003814697,-8.5,823,62.8835525512695,78
108,2,5.39166688919067,25.6000003814697,-8.5,823,62.8835525512695,78
108,2,5.39166688919067,25.6000003814697,-8.5,823,62.8835525512695,78
108,2,5.39166688919067,25.6000003814697,-8.5,823,62.8835525512695,78
109,0,5.88333320617676,26.6000003814697,-8.5,420,51.7103652954102,57
109,0,5.88333320617676,26.6000003814697,-8.5,420,51.7103652954102,57
109,0,5.88333320617676,26.6000003814697,-8.5,420,51.7103652954102,57
109,0,5.88333320617676,26.6000003814697,-8.5,420,51.7103652954102,57
109,1,5.88333320617676,26.6000003814697,-8.5,420,51.7103652954102,57
109,1,5.88333320617676,26.6000003814697,-8.5,420,51.7103652954102,57
109,1,5.88333320617676,26.6000003814697,-8.5,420,51.7103652954102,57
109,1,5.88333320617676,26.6000003814697,-8.5,420,51.7103652954102,57
109,2,5.88333320617676,26.6000003814697,-8.5,420,51.7103652954102,57
109,2,5.88333320617676,26.6000003814697,-8.5,420,51.7103652954102,57
109,2,5.88333320617676,26.6000003814697,-8.5,420,51.7103652954102,57
109,2,5.88333320617676,26.6000003814697,-8.5,420,51.7103652954102,57
110,0,4.4375,22.3999996185303,-6.90000009536743,1729,65.8997039794922,133
110,0,4.4375,22.3999996185303,-6.90000009536743,1729,65.8997039794922,133
110,0,4.4375,22.3999996185303,-6.90000009536743,1729,65.8997039794922,133
110,0,4.4375,22.3999996185303,-6.90000009536743,1729,65.8997039794922,133
110,1,4.4375,22.3999996185303,-6.90000009536743,1729,65.8997039794922,133
110,1,4.4375,22.3999996185303,-6.90000009536743,1729,65.8997039794922,133
110,1,4.4375,22.3999996185303,-6.90000009536743,1729,65.8997039794922,133
110,1,4.4375,22.3999996185303,-6.90000009536743,1729,65.8997039794922,133
110,2,4.4375,22.3999996185303,-6.90000009536743,1729,65.8997039794922,133
110,2,4.4375,22.3999996185303,-6.90000009536743,1729,65.8997039794922,133
110,2,4.4375,22.3999996185303,-6.90000009536743,1729,65.8997039794922,133
110,2,4.4375,22.3999996185303,-6.90000009536743,1729,65.8997039794922,133
111,0,4.54583358764648,24.2000007629395,-8.69999980926514,576,53.6854972839356,68
111,0,4.54583358764648,24.2000007629395,-8.69999980926514,576,53.6854972839356,68
111,0,4.54583358764648,24.2000007629395,-8.69999980926514,576,53.6854972839356,68
111,0,4.54583358764648,24.2000007629395,-8.69999980926514,576,53.6854972839356,68
111,1,4.54583358764648,24.2000007629395,-8.69999980926514,576,53.6854972839356,68
111,1,4.54583358764648,24.2000007629395,-8.69999980926514,576,53.6854972839356,68
111,1,4.54583358764648,24.2000007629395,-8.69999980926514,576,53.6854972839356,68
111,1,4.54583358764648,24.2000007629395,-8.69999980926514,576,53.6854972839356,68
111,2,4.54583358764648,24.2000007629395,-8.69999980926514,576,53.6854972839356,68
111,2,4.54583358764648,24.2000007629395,-8.69999980926514,576,53.6854972839356,68
111,2,4.54583358764648,24.2000007629395,-8.69999980926514,576,53.6854972839356,68
111,2,4.54583358764648,24.2000007629395,-8.69999980926514,576,53.6854972839356,68
112,0,6.11666679382324,27,-8.30000019073486,491,58.6709289550781,59
112,0,6.11666679382324,27,-8.30000019073486,491,58.6709289550781,59
112,0,6.11666679382324,27,-8.30000019073486,491,58.6709289550781,59
112,0,6.11666679382324,27,-8.30000019073486,491,58.6709289550781,59
112,1,6.11666679382324,27,-8.30000019073486,491,58.6709289550781,59
112,1,6.11666679382324,27,-8.30000019073486,491,58.6709289550781,59
112,1,6.11666679382324,27,-8.30000019073486,491,58.6709289550781,59
112,1,6.11666679382324,27,-8.30000019073486,491,58.6709289550781,59
112,2,6.11666679382324,27,-8.30000019073486,491,58.6709289550781,59
112,2,6.11666679382324,27,-8.30000019073486,491,58.6709289550781,59
112,2,6.11666679382324,27,-8.30000019073486,491,58.6709289550781,59
112,2,6.11666679382324,27,-8.30000019073486,491,58.6709289550781,59
113,0,5.33333349227905,25.5,-8.19999980926514,377,41.3760528564453,62
113,0,5.33333349227905,25.5,-8.19999980926514,377,41.3760528564453,62
113,0,5.33333349227905,25.5,-8.19999980926514,377,41.3760528564453,62
113,0,5.33333349227905,25.5,-8.19999980926514,377,41.3760528564453,62
113,1,5.33333349227905,25.5,-8.19999980926514,377,41.3760528564453,62
113,1,5.33333349227905,25.5,-8.19999980926514,377,41.3760528564453,62
113,1,5.33333349227905,25.5,-8.19999980926514,377,41.3760528564453,62
113,1,5.33333349227905,25.5,-8.19999980926514,377,41.3760528564453,62
113,2,5.33333349227905,25.5,-8.19999980926514,377,41.3760528564453,62
113,2,5.33333349227905,25.5,-8.19999980926514,377,41.3760528564453,62
113,2,5.33333349227905,25.5,-8.19999980926514,377,41.3760528564453,62
113,2,5.33333349227905,25.5,-8.19999980926514,377,41.3760528564453,62
114,0,5.17083311080933,25.2999992370606,-8.69999980926514,352,38.0151062011719,61
114,0,5.17083311080933,25.2999992370606,-8.69999980926514,352,38.0151062011719,61
114,0,5.17083311080933,25.2999992370606,-8.69999980926514,352,38.0151062011719,61
114,0,5.17083311080933,25.2999992370606,-8.69999980926514,352,38.0151062011719,61
114,1,5.17083311080933,25.2999992370606,-8.69999980926514,352,38.0151062011719,61
114,1,5.17083311080933,25.2999992370606,-8.69999980926514,352,38.0151062011719,61
114,1,5.17083311080933,25.2999992370606,-8.69999980926514,352,38.0151062011719,61
114,1,5.17083311080933,25.2999992370606,-8.69999980926514,352,38.0151062011719,61
114,2,5.17083311080933,25.2999992370606,-8.69999980926514,352,38.0151062011719,61
114,2,5.17083311080933,25.2999992370606,-8.69999980926514,352,38.0151062011719,61
114,2,5.17083311080933,25.2999992370606,-8.69999980926514,352,38.0151062011719,61
114,2,5.17083311080933,25.2999992370606,-8.69999980926514,352,38.0151062011719,61
115,0,6.08333349227905,26.8999996185303,-8.5,492,57.7796401977539,59
115,0,6.08333349227905,26.8999996185303,-8.5,492,57.7796401977539,59
115,0,6.08333349227905,26.8999996185303,-8.5,492,57.7796401977539,59
115,0,6.08333349227905,26.8999996185303,-8.5,492,57.7796401977539,59
115,1,6.08333349227905,26.8999996185303,-8.5,492,57.7796401977539,59
115,1,6.08333349227905,26.8999996185303,-8.5,492,57.7796401977539,59
115,1,6.08333349227905,26.8999996185303,-8.5,492,57.7796401977539,59
115,1,6.08333349227905,26.8999996185303,-8.5,492,57.7796401977539,59
115,2,6.08333349227905,26.8999996185303,-8.5,492,57.7796401977539,59
115,2,6.08333349227905,26.8999996185303,-8.5,492,57.7796401977539,59
115,2,6.08333349227905,26.8999996185303,-8.5,492,57.7796401977539,59
115,2,6.08333349227905,26.8999996185303,-8.5,492,57.7796401977539,59
116,0,6.03333330154419,26.3999996185303,-8,658,62.6927680969238,69
116,0,6.03333330154419,26.3999996185303,-8,658,62.6927680969238,69
116,0,6.03333330154419,26.3999996185303,-8,658,62.6927680969238,69
116,0,6.03333330154419,26.3999996185303,-8,658,62.6927680969238,69
116,1,6.03333330154419,26.3999996185303,-8,658,62.6927680969238,69
116,1,6.03333330154419,26.3999996185303,-8,658,62.6927680969238,69
116,1,6.03333330154419,26.3999996185303,-8,658,62.6927680969238,69
116,1,6.03333330154419,26.3999996185303,-8,658,62.6927680969238,69
116,2,6.03333330154419,26.3999996185303,-8,658,62.6927680969238,69
116,2,6.03333330154419,26.3999996185303,-8,658,62.6927680969238,69
116,2,6.03333330154419,26.3999996185303,-8,658,62.6927680969238,69
116,2,6.03333330154419,26.3999996185303,-8,658,62.6927680969238,69
117,0,8.0833330154419,29.3999996185303,-6.5,257,40.5057144165039,46
117,0,8.0833330154419,29.3999996185303,-6.5,257,40.5057144165039,46
117,0,8.0833330154419,29.3999996185303,-6.5,257,40.5057144165039,46
117,0,8.0833330154419,29.3999996185303,-6.5,257,40.5057144165039,46
117,1,8.0833330154419,29.3999996185303,-6.5,257,40.5057144165039,46
117,1,8.0833330154419,29.3999996185303,-6.5,257,40.5057144165039,46
117,1,8.0833330154419,29.3999996185303,-6.5,257,40.5057144165039,46
117,1,8.0833330154419,29.3999996185303,-6.5,257,40.5057144165039,46
117,2,8.0833330154419,29.3999996185303,-6.5,257,40.5057144165039,46
117,2,8.0833330154419,29.3999996185303,-6.5,257,40.5057144165039,46
117,2,8.0833330154419,29.3999996185303,-6.5,257,40.5057144165039,46
117,2,8.0833330154419,29.3999996185303,-6.5,257,40.5057144165039,46
118,0,4.28749990463257,23.1000003814697,-8.10000038146973,890,62.9005851745606,82
118,0,4.28749990463257,23.1000003814697,-8.10000038146973,890,62.9005851745606,82
118,0,4.28749990463257,23.1000003814697,-8.10000038146973,890,62.9005851745606,82
118,0,4.28749990463257,23.1000003814697,-8.10000038146973,890,62.9005851745606,82
118,1,4.28749990463257,23.1000003814697,-8.10000038146973,890,62.9005851745606,82
118,1,4.28749990463257,23.1000003814697,-8.10000038146973,890,62.9005851745606,82
118,1,4.28749990463257,23.1000003814697,-8.10000038146973,890,62.9005851745606,82
118,1,4.28749990463257,23.1000003814697,-8.10000038146973,890,62.9005851745606,82
118,2,4.28749990463257,23.1000003814697,-8.10000038146973,890,62.9005851745606,82
118,2,4.28749990463257,23.1000003814697,-8.10000038146973,890,62.9005851745606,82
118,2,4.28749990463257,23.1000003814697,-8.10000038146973,890,62.9005851745606,82
118,2,4.28749990463257,23.1000003814697,-8.10000038146973,890,62.9005851745606,82
119,0,4.36249971389771,23.2999992370605,-7.80000019073486,1134,67.6544723510742,90
119,0,4.36249971389771,23.2999992370605,-7.80000019073486,1134,67.6544723510742,90
119,0,4.36249971389771,23.2999992370605,-7.80000019073486,1134,67.6544723510742,90
119,0,4.36249971389771,23.2999992370605,-7.80000019073486,1134,67.6544723510742,90
119,1,4.36249971389771,23.2999992370605,-7.80000019073486,1134,67.6544723510742,90
119,1,4.36249971389771,23.2999992370605,-7.80000019073486,1134,67.6544723510742,90
119,1,4.36249971389771,23.2999992370605,-7.80000019073486,1134,67.6544723510742,90
119,1,4.36249971389771,23.2999992370605,-7.80000019073486,1134,67.6544723510742,90
119,2,4.36249971389771,23.2999992370605,-7.80000019073486,1134,67.6544723510742,90
119,2,4.36249971389771,23.2999992370605,-7.80000019073486,1134,67.6544723510742,90
119,2,4.36249971389771,23.2999992370605,-7.80000019073486,1134,67.6544723510742,90
119,2,4.36249971389771,23.2999992370605,-7.80000019073486,1134,67.6544723510742,90
120,0,5.71666669845581,25.6000003814697,-7.80000019073486,506,57.9936294555664,62
120,0,5.71666669845581,25.6000003814697,-7.80000019073486,506,57.9936294555664,62
120,0,5.71666669845581,25.6000003814697,-7.80000019073486,506,57.9936294555664,62
120,0,5.71666669845581,25.6000003814697,-7.80000019073486,506,57.9936294555664,62
120,1,5.71666669845581,25.6000003814697,-7.80000019073486,506,57.9936294555664,62
120,1,5.71666669845581,25.6000003814697,-7.80000019073486,506,57.9936294555664,62
120,1,5.71666669845581,25.6000003814697,-7.80000019073486,506,57.9936294555664,62
120,1,5.71666669845581,25.6000003814697,-7.80000019073486,506,57.9936294555664,62
120,2,5.71666669845581,25.6000003814697,-7.80000019073486,506,57.9936294555664,62
120,2,5.71666669845581,25.6000003814697,-7.80000019073486,506,57.9936294555664,62
120,2,5.71666669845581,25.6000003814697,-7.80000019073486,506,57.9936294555664,62
120,2,5.71666669845581,25.6000003814697,-7.80000019073486,506,57.9936294555664,62
121,0,5.38749980926514,25.3999996185303,-8.30000019073486,778,63.3051300048828,75
121,0,5.38749980926514,25.3999996185303,-8.30000019073486,778,63.3051300048828,75
121,0,5.38749980926514,25.3999996185303,-8.30000019073486,778,63.3051300048828,75
121,0,5.38749980926514,25.3999996185303,-8.30000019073486,778,63.3051300048828,75
121,1,5.38749980926514,25.3999996185303,-8.30000019073486,778,63.3051300048828,75
121,1,5.38749980926514,25.3999996185303,-8.30000019073486,778,63.3051300048828,75
121,1,5.38749980926514,25.3999996185303,-8.30000019073486,778,63.3051300048828,75
121,1,5.38749980926514,25.3999996185303,-8.30000019073486,778,63.3051300048828,75
121,2,5.38749980926514,25.3999996185303,-8.30000019073486,778,63.3051300048828,75
121,2,5.38749980926514,25.3999996185303,-8.30000019073486,778,63.3051300048828,75
121,2,5.38749980926514,25.3999996185303,-8.30000019073486,778,63.3051300048828,75
121,2,5.38749980926514,25.3999996185303,-8.30000019073486,778,63.3051300048828,75
122,0,5.52500009536743,25.3999996185303,-7.80000019073486,456,52.8659820556641,62
122,0,5.52500009536743,25.3999996185303,-7.80000019073486,456,52.8659820556641,62
122,0,5.52500009536743,25.3999996185303,-7.80000019073486,456,52.8659820556641,62
122,0,5.52500009536743,25.3999996185303,-7.80000019073486,456,52.8659820556641,62
122,1,5.52500009536743,25.3999996185303,-7.80000019073486,456,52.8659820556641,62
122,1,5.52500009536743,25.3999996185303,-7.80000019073486,456,52.8659820556641,62
122,1,5.52500009536743,25.3999996185303,-7.80000019073486,456,52.8659820556641,62
122,1,5.52500009536743,25.3999996185303,-7.80000019073486,456,52.8659820556641,62
122,2,5.52500009536743,25.3999996185303,-7.80000019073486,456,52.8659820556641,62
122,2,5.52500009536743,25.3999996185303,-7.80000019073486,456,52.8659820556641,62
122,2,5.52500009536743,25.3999996185303,-7.80000019073486,456,52.8659820556641,62
122,2,5.52500009536743,25.3999996185303,-7.80000019073486,456,52.8659820556641,62
123,0,6.00416660308838,26.1000003814697,-7.80000019073486,429,53.8513717651367,58
123,0,6.00416660308838,26.1000003814697,-7.80000019073486,429,53.8513717651367,58
123,0,6.00416660308838,26.1000003814697,-7.80000019073486,429,53.8513717651367,58
123,0,6.00416660308838,26.1000003814697,-7.80000019073486,429,53.8513717651367,58
123,1,6.00416660308838,26.1000003814697,-7.80000019073486,429,53.8513717651367,58
123,1,6.00416660308838,26.1000003814697,-7.80000019073486,429,53.8513717651367,58
123,1,6.00416660308838,26.1000003814697,-7.80000019073486,429,53.8513717651367,58
123,1,6.00416660308838,26.1000003814697,-7.80000019073486,429,53.8513717651367,58
123,2,6.00416660308838,26.1000003814697,-7.80000019073486,429,53.8513717651367,58
123,2,6.00416660308838,26.1000003814697,-7.80000019073486,429,53.8513717651367,58
123,2,6.00416660308838,26.1000003814697,-7.80000019073486,429,53.8513717651367,58
123,2,6.00416660308838,26.1000003814697,-7.80000019073486,429,53.8513717651367,58
124,0,5.47499990463257,25.3999996185303,-8.10000038146973,477,53.5716361999512,62
124,0,5.47499990463257,25.3999996185303,-8.10000038146973,477,53.5716361999512,62
124,0,5.47499990463257,25.3999996185303,-8.10000038146973,477,53.5716361999512,62
124,0,5.47499990463257,25.3999996185303,-8.10000038146973,477,53.5716361999512,62
124,1,5.47499990463257,25.3999996185303,-8.10000038146973,477,53.5716361999512,62
124,1,5.47499990463257,25.3999996185303,-8.10000038146973,477,53.5716361999512,62
124,1,5.47499990463257,25.3999996185303,-8.10000038146973,477,53.5716361999512,62
124,1,5.47499990463257,25.3999996185303,-8.10000038146973,477,53.5716361999512,62
124,2,5.47499990463257,25.3999996185303,-8.10000038146973,477,53.5716361999512,62
124,2,5.47499990463257,25.3999996185303,-8.10000038146973,477,53.5716361999512,62
124,2,5.47499990463257,25.3999996185303,-8.10000038146973,477,53.5716361999512,62
124,2,5.47499990463257,25.3999996185303,-8.10000038146973,477,53.5716361999512,62
125,0,12.1750001907349,29.7000007629395,1.20000004768372,928,66.7087707519531,61
125,0,12.1750001907349,29.7000007629395,1.20000004768372,928,66.7087707519531,61
125,0,12.1750001907349,29.7000007629395,1.20000004768372,928,66.7087707519531,61
125,0,12.1750001907349,29.7000007629395,1.20000004768372,928,66.7087707519531,61
125,1,12.1750001907349,29.7000007629395,1.20000004768372,928,66.7087707519531,61
125,1,12.1750001907349,29.7000007629395,1.20000004768372,928,66.7087707519531,61
125,1,12.1750001907349,29.7000007629395,1.20000004768372,928,66.7087707519531,61
125,1,12.1750001907349,29.7000007629395,1.20000004768372,928,66.7087707519531,61
125,2,12.1750001907349,29.7000007629395,1.20000004768372,928,66.7087707519531,61
125,2,12.1750001907349,29.7000007629395,1.20000004768372,928,66.7087707519531,61
125,2,12.1750001907349,29.7000007629395,1.20000004768372,928,66.7087707519531,61
125,2,12.1750001907349,29.7000007629395,1.20000004768372,928,66.7087707519531,61
126,0,6.41666650772095,25.3999996185303,-5.40000009536743,1303,68.7158889770508,87
126,0,6.41666650772095,25.3999996185303,-5.40000009536743,1303,68.7158889770508,87
126,0,6.41666650772095,25.3999996185303,-5.40000009536743,1303,68.7158889770508,87
126,0,6.41666650772095,25.3999996185303,-5.40000009536743,1303,68.7158889770508,87
126,1,6.41666650772095,25.3999996185303,-5.40000009536743,1303,68.7158889770508,87
126,1,6.41666650772095,25.3999996185303,-5.40000009536743,1303,68.7158889770508,87
126,1,6.41666650772095,25.3999996185303,-5.40000009536743,1303,68.7158889770508,87
126,1,6.41666650772095,25.3999996185303,-5.40000009536743,1303,68.7158889770508,87
126,2,6.41666650772095,25.3999996185303,-5.40000009536743,1303,68.7158889770508,87
126,2,6.41666650772095,25.3999996185303,-5.40000009536743,1303,68.7158889770508,87
126,2,6.41666650772095,25.3999996185303,-5.40000009536743,1303,68.7158889770508,87
126,2,6.41666650772095,25.3999996185303,-5.40000009536743,1303,68.7158889770508,87
127,0,11.6750001907349,29.3999996185303,0.800000011920929,1043,65.5125961303711,70
127,0,11.6750001907349,29.3999996185303,0.800000011920929,1043,65.5125961303711,70
127,0,11.6750001907349,29.3999996185303,0.800000011920929,1043,65.5125961303711,70
127,0,11.6750001907349,29.3999996185303,0.800000011920929,1043,65.5125961303711,70
127,1,11.6750001907349,29.3999996185303,0.800000011920929,1043,65.5125961303711,70
127,1,11.6750001907349,29.3999996185303,0.800000011920929,1043,65.5125961303711,70
127,1,11.6750001907349,29.3999996185303,0.800000011920929,1043,65.5125961303711,70
127,1,11.6750001907349,29.3999996185303,0.800000011920929,1043,65.5125961303711,70
127,2,11.6750001907349,29.3999996185303,0.800000011920929,1043,65.5125961303711,70
127,2,11.6750001907349,29.3999996185303,0.800000011920929,1043,65.5125961303711,70
127,2,11.6750001907349,29.3999996185303,0.800000011920929,1043,65.5125961303711,70
127,2,11.6750001907349,29.3999996185303,0.800000011920929,1043,65.5125961303711,70
128,0,4.72083330154419,23.1000003814697,-6.80000019073486,1452,68.158805847168,102
128,0,4.72083330154419,23.1000003814697,-6.80000019073486,1452,68.158805847168,102
128,0,4.72083330154419,23.1000003814697,-6.80000019073486,1452,68.158805847168,102
128,0,4.72083330154419,23.1000003814697,-6.80000019073486,1452,68.158805847168,102
128,1,4.72083330154419,23.1000003814697,-6.80000019073486,1452,68.158805847168,102
128,1,4.72083330154419,23.1000003814697,-6.80000019073486,1452,68.158805847168,102
128,1,4.72083330154419,23.1000003814697,-6.80000019073486,1452,68.158805847168,102
128,1,4.72083330154419,23.1000003814697,-6.80000019073486,1452,68.158805847168,102
128,2,4.72083330154419,23.1000003814697,-6.80000019073486,1452,68.158805847168,102
128,2,4.72083330154419,23.1000003814697,-6.80000019073486,1452,68.158805847168,102
128,2,4.72083330154419,23.1000003814697,-6.80000019073486,1452,68.158805847168,102
128,2,4.72083330154419,23.1000003814697,-6.80000019073486,1452,68.158805847168,102
129,0,8.02499961853027,25.7000007629395,-2.20000004768372,1514,69.2807693481445,94
129,0,8.02499961853027,25.7000007629395,-2.20000004768372,1514,69.2807693481445,94
129,0,8.02499961853027,25.7000007629395,-2.20000004768372,1514,69.2807693481445,94
129,0,8.02499961853027,25.7000007629395,-2.20000004768372,1514,69.2807693481445,94
129,1,8.02499961853027,25.7000007629395,-2.20000004768372,1514,69.2807693481445,94
129,1,8.02499961853027,25.7000007629395,-2.20000004768372,1514,69.2807693481445,94
129,1,8.02499961853027,25.7000007629395,-2.20000004768372,1514,69.2807693481445,94
129,1,8.02499961853027,25.7000007629395,-2.20000004768372,1514,69.2807693481445,94
129,2,8.02499961853027,25.7000007629395,-2.20000004768372,1514,69.2807693481445,94
129,2,8.02499961853027,25.7000007629395,-2.20000004768372,1514,69.2807693481445,94
129,2,8.02499961853027,25.7000007629395,-2.20000004768372,1514,69.2807693481445,94
129,2,8.02499961853027,25.7000007629395,-2.20000004768372,1514,69.2807693481445,94
130,0,10.3249998092651,28.5,-0.5,1338,67.0855560302734,88
130,0,10.3249998092651,28.5,-0.5,1338,67.0855560302734,88
130,0,10.3249998092651,28.5,-0.5,1338,67.0855560302734,88
130,0,10.3249998092651,28.5,-0.5,1338,67.0855560302734,88
130,1,10.3249998092651,28.5,-0.5,1338,67.0855560302734,88
130,1,10.3249998092651,28.5,-0.5,1338,67.0855560302734,88
130,1,10.3249998092651,28.5,-0.5,1338,67.0855560302734,88
130,1,10.3249998092651,28.5,-0.5,1338,67.0855560302734,88
130,2,10.3249998092651,28.5,-0.5,1338,67.0855560302734,88
130,2,10.3249998092651,28.5,-0.5,1338,67.0855560302734,88
130,2,10.3249998092651,28.5,-0.5,1338,67.0855560302734,88
130,2,10.3249998092651,28.5,-0.5,1338,67.0855560302734,88
131,0,6.29166650772095,24.8999996185303,-5.09999990463257,1386,69.3436508178711,93
131,0,6.29166650772095,24.8999996185303,-5.09999990463257,1386,69.3436508178711,93
131,0,6.29166650772095,24.8999996185303,-5.09999990463257,1386,69.3436508178711,93
131,0,6.29166650772095,24.8999996185303,-5.09999990463257,1386,69.3436508178711,93
131,1,6.29166650772095,24.8999996185303,-5.09999990463257,1386,69.3436508178711,93
131,1,6.29166650772095,24.8999996185303,-5.09999990463257,1386,69.3436508178711,93
131,1,6.29166650772095,24.8999996185303,-5.09999990463257,1386,69.3436508178711,93
131,1,6.29166650772095,24.8999996185303,-5.09999990463257,1386,69.3436508178711,93
131,2,6.29166650772095,24.8999996185303,-5.09999990463257,1386,69.3436508178711,93
131,2,6.29166650772095,24.8999996185303,-5.09999990463257,1386,69.3436508178711,93
131,2,6.29166650772095,24.8999996185303,-5.09999990463257,1386,69.3436508178711,93
131,2,6.29166650772095,24.8999996185303,-5.09999990463257,1386,69.3436508178711,93
132,0,7.25,25.7999992370605,-3.90000009536743,1378,68.622688293457,95
132,0,7.25,25.7999992370605,-3.90000009536743,1378,68.622688293457,95
132,0,7.25,25.7999992370605,-3.90000009536743,1378,68.622688293457,95
132,0,7.25,25.7999992370605,-3.90000009536743,1378,68.622688293457,95
132,1,7.25,25.7999992370605,-3.90000009536743,1378,68.622688293457,95
132,1,7.25,25.7999992370605,-3.90000009536743,1378,68.622688293457,95
132,1,7.25,25.7999992370605,-3.90000009536743,1378,68.622688293457,95
132,1,7.25,25.7999992370605,-3.90000009536743,1378,68.622688293457,95
132,2,7.25,25.7999992370605,-3.90000009536743,1378,68.622688293457,95
132,2,7.25,25.7999992370605,-3.90000009536743,1378,68.622688293457,95
132,2,7.25,25.7999992370605,-3.90000009536743,1378,68.622688293457,95
132,2,7.25,25.7999992370605,-3.90000009536743,1378,68.622688293457,95
133,0,7.95833349227905,26,-2.5,1412,68.9770660400391,89
133,0,7.95833349227905,26,-2.5,1412,68.9770660400391,89
133,0,7.95833349227905,26,-2.5,1412,68.9770660400391,89
133,0,7.95833349227905,26,-2.5,1412,68.9770660400391,89
133,1,7.95833349227905,26,-2.5,1412,68.9770660400391,89
133,1,7.95833349227905,26,-2.5,1412,68.9770660400391,89
133,1,7.95833349227905,26,-2.5,1412,68.9770660400391,89
133,1,7.95833349227905,26,-2.5,1412,68.9770660400391,89
133,2,7.95833349227905,26,-2.5,1412,68.9770660400391,89
133,2,7.95833349227905,26,-2.5,1412,68.9770660400391,89
133,2,7.95833349227905,26,-2.5,1412,68.9770660400391,89
133,2,7.95833349227905,26,-2.5,1412,68.9770660400391,89
134,0,9.15833377838135,28.1000003814697,-2.20000004768372,1299,66.6898651123047,90
134,0,9.15833377838135,28.1000003814697,-2.20000004768372,1299,66.6898651123047,90
134,0,9.15833377838135,28.1000003814697,-2.20000004768372,1299,66.6898651123047,90
134,0,9.15833377838135,28.1000003814697,-2.20000004768372,1299,66.6898651123047,90
134,1,9.15833377838135,28.1000003814697,-2.20000004768372,1299,66.6898651123047,90
134,1,9.15833377838135,28.1000003814697,-2.20000004768372,1299,66.6898651123047,90
134,1,9.15833377838135,28.1000003814697,-2.20000004768372,1299,66.6898651123047,90
134,1,9.15833377838135,28.1000003814697,-2.20000004768372,1299,66.6898651123047,90
134,2,9.15833377838135,28.1000003814697,-2.20000004768372,1299,66.6898651123047,90
134,2,9.15833377838135,28.1000003814697,-2.20000004768372,1299,66.6898651123047,90
134,2,9.15833377838135,28.1000003814697,-2.20000004768372,1299,66.6898651123047,90
134,2,9.15833377838135,28.1000003814697,-2.20000004768372,1299,66.6898651123047,90
135,0,6.65000009536743,24.6000003814697,-4,1546,68.5268630981445,105
135,0,6.65000009536743,24.6000003814697,-4,1546,68.5268630981445,105
135,0,6.65000009536743,24.6000003814697,-4,1546,68.5268630981445,105
135,0,6.65000009536743,24.6000003814697,-4,1546,68.5268630981445,105
135,1,6.65000009536743,24.6000003814697,-4,1546,68.5268630981445,105
135,1,6.65000009536743,24.6000003814697,-4,1546,68.5268630981445,105
135,1,6.65000009536743,24.6000003814697,-4,1546,68.5268630981445,105
135,1,6.65000009536743,24.6000003814697,-4,1546,68.5268630981445,105
135,2,6.65000009536743,24.6000003814697,-4,1546,68.5268630981445,105
135,2,6.65000009536743,24.6000003814697,-4,1546,68.5268630981445,105
135,2,6.65000009536743,24.6000003814697,-4,1546,68.5268630981445,105
135,2,6.65000009536743,24.6000003814697,-4,1546,68.5268630981445,105
136,0,3.67500019073486,21.7000007629395,-7.59999990463257,1582,66.8660354614258,110
136,0,3.67500019073486,21.7000007629395,-7.59999990463257,1582,66.8660354614258,110
136,0,3.67500019073486,21.7000007629395,-7.59999990463257,1582,66.8660354614258,110
136,0,3.67500019073486,21.7000007629395,-7.59999990463257,1582,66.8660354614258,110
136,1,3.67500019073486,21.7000007629395,-7.59999990463257,1582,66.8660354614258,110
136,1,3.67500019073486,21.7000007629395,-7.59999990463257,1582,66.8660354614258,110
136,1,3.67500019073486,21.7000007629395,-7.59999990463257,1582,66.8660354614258,110
136,1,3.67500019073486,21.7000007629395,-7.59999990463257,1582,66.8660354614258,110
136,2,3.67500019073486,21.7000007629395,-7.59999990463257,1582,66.8660354614258,110
136,2,3.67500019073486,21.7000007629395,-7.59999990463257,1582,66.8660354614258,110
136,2,3.67500019073486,21.7000007629395,-7.59999990463257,1582,66.8660354614258,110
136,2,3.67500019073486,21.7000007629395,-7.59999990463257,1582,66.8660354614258,110
137,0,8.5625,26.2000007629395,-1.79999995231628,1524,69.1627883911133,94
137,0,8.5625,26.2000007629395,-1.79999995231628,1524,69.1627883911133,94
137,0,8.5625,26.2000007629395,-1.79999995231628,1524,69.1627883911133,94
137,0,8.5625,26.2000007629395,-1.79999995231628,1524,69.1627883911133,94
137,1,8.5625,26.2000007629395,-1.79999995231628,1524,69.1627883911133,94
137,1,8.5625,26.2000007629395,-1.79999995231628,1524,69.1627883911133,94
137,1,8.5625,26.2000007629395,-1.79999995231628,1524,69.1627883911133,94
137,1,8.5625,26.2000007629395,-1.79999995231628,1524,69.1627883911133,94
137,2,8.5625,26.2000007629395,-1.79999995231628,1524,69.1627883911133,94
137,2,8.5625,26.2000007629395,-1.79999995231628,1524,69.1627883911133,94
137,2,8.5625,26.2000007629395,-1.79999995231628,1524,69.1627883911133,94
137,2,8.5625,26.2000007629395,-1.79999995231628,1524,69.1627883911133,94
138,0,9.375,26.8999996185303,-0.699999988079071,1572,68.1626815795899,101
138,0,9.375,26.8999996185303,-0.699999988079071,1572,68.1626815795899,101
138,0,9.375,26.8999996185303,-0.699999988079071,1572,68.1626815795899,101
138,0,9.375,26.8999996185303,-0.699999988079071,1572,68.1626815795899,101
138,1,9.375,26.8999996185303,-0.699999988079071,1572,68.1626815795899,101
138,1,9.375,26.8999996185303,-0.699999988079071,1572,68.1626815795899,101
138,1,9.375,26.8999996185303,-0.699999988079071,1572,68.1626815795899,101
138,1,9.375,26.8999996185303,-0.699999988079071,1572,68.1626815795899,101
138,2,9.375,26.8999996185303,-0.699999988079071,1572,68.1626815795899,101
138,2,9.375,26.8999996185303,-0.699999988079071,1572,68.1626815795899,101
138,2,9.375,26.8999996185303,-0.699999988079071,1572,68.1626815795899,101
138,2,9.375,26.8999996185303,-0.699999988079071,1572,68.1626815795899,101
139,0,10.9458332061768,27,1.5,1547,74.4103012084961,79
139,0,10.9458332061768,27,1.5,1547,74.4103012084961,79
139,0,10.9458332061768,27,1.5,1547,74.4103012084961,79
139,0,10.9458332061768,27,1.5,1547,74.4103012084961,79
139,1,10.9458332061768,27,1.5,1547,74.4103012084961,79
139,1,10.9458332061768,27,1.5,1547,74.4103012084961,79
139,1,10.9458332061768,27,1.5,1547,74.4103012084961,79
139,1,10.9458332061768,27,1.5,1547,74.4103012084961,79
139,2,10.9458332061768,27,1.5,1547,74.4103012084961,79
139,2,10.9458332061768,27,1.5,1547,74.4103012084961,79
139,2,10.9458332061768,27,1.5,1547,74.4103012084961,79
139,2,10.9458332061768,27,1.5,1547,74.4103012084961,79
140,0,10.5958337783813,28.7999992370606,-0.5,1318,64.0813293457031,86
140,0,10.5958337783813,28.7999992370606,-0.5,1318,64.0813293457031,86
140,0,10.5958337783813,28.7999992370606,-0.5,1318,64.0813293457031,86
140,0,10.5958337783813,28.7999992370606,-0.5,1318,64.0813293457031,86
140,1,10.5958337783813,28.7999992370606,-0.5,1318,64.0813293457031,86
140,1,10.5958337783813,28.7999992370606,-0.5,1318,64.0813293457031,86
140,1,10.5958337783813,28.7999992370606,-0.5,1318,64.0813293457031,86
140,1,10.5958337783813,28.7999992370606,-0.5,1318,64.0813293457031,86
140,2,10.5958337783813,28.7999992370606,-0.5,1318,64.0813293457031,86
140,2,10.5958337783813,28.7999992370606,-0.5,1318,64.0813293457031,86
140,2,10.5958337783813,28.7999992370606,-0.5,1318,64.0813293457031,86
140,2,10.5958337783813,28.7999992370606,-0.5,1318,64.0813293457031,86
141,0,10.0749998092651,28.3999996185303,-0.699999988079071,1326,67.5401306152344,87
141,0,10.0749998092651,28.3999996185303,-0.699999988079071,1326,67.5401306152344,87
141,0,10.0749998092651,28.3999996185303,-0.699999988079071,1326,67.5401306152344,87
141,0,10.0749998092651,28.3999996185303,-0.699999988079071,1326,67.5401306152344,87
141,1,10.0749998092651,28.3999996185303,-0.699999988079071,1326,67.5401306152344,87
141,1,10.0749998092651,28.3999996185303,-0.699999988079071,1326,67.5401306152344,87
141,1,10.0749998092651,28.3999996185303,-0.699999988079071,1326,67.5401306152344,87
141,1,10.0749998092651,28.3999996185303,-0.699999988079071,1326,67.5401306152344,87
141,2,10.0749998092651,28.3999996185303,-0.699999988079071,1326,67.5401306152344,87
141,2,10.0749998092651,28.3999996185303,-0.699999988079071,1326,67.5401306152344,87
141,2,10.0749998092651,28.3999996185303,-0.699999988079071,1326,67.5401306152344,87
141,2,10.0749998092651,28.3999996185303,-0.699999988079071,1326,67.5401306152344,87
142,0,4.21250009536743,23.3999996185303,-8.19999980926514,1354,68.5056991577149,90
142,0,4.21250009536743,23.3999996185303,-8.19999980926514,1354,68.5056991577149,90
142,0,4.21250009536743,23.3999996185303,-8.19999980926514,1354,68.5056991577149,90
142,0,4.21250009536743,23.3999996185303,-8.19999980926514,1354,68.5056991577149,90
142,1,4.21250009536743,23.3999996185303,-8.19999980926514,1354,68.5056991577149,90
142,1,4.21250009536743,23.3999996185303,-8.19999980926514,1354,68.5056991577149,90
142,1,4.21250009536743,23.3999996185303,-8.19999980926514,1354,68.5056991577149,90
142,1,4.21250009536743,23.3999996185303,-8.19999980926514,1354,68.5056991577149,90
142,2,4.21250009536743,23.3999996185303,-8.19999980926514,1354,68.5056991577149,90
142,2,4.21250009536743,23.3999996185303,-8.19999980926514,1354,68.5056991577149,90
142,2,4.21250009536743,23.3999996185303,-8.19999980926514,1354,68.5056991577149,90
142,2,4.21250009536743,23.3999996185303,-8.19999980926514,1354,68.5056991577149,90
143,0,7.11666679382324,26.6000003814697,-5.09999990463257,1182,68.4752655029297,80
143,0,7.11666679382324,26.6000003814697,-5.09999990463257,1182,68.4752655029297,80
143,0,7.11666679382324,26.6000003814697,-5.09999990463257,1182,68.4752655029297,80
143,0,7.11666679382324,26.6000003814697,-5.09999990463257,1182,68.4752655029297,80
143,1,7.11666679382324,26.6000003814697,-5.09999990463257,1182,68.4752655029297,80
143,1,7.11666679382324,26.6000003814697,-5.09999990463257,1182,68.4752655029297,80
143,1,7.11666679382324,26.6000003814697,-5.09999990463257,1182,68.4752655029297,80
143,1,7.11666679382324,26.6000003814697,-5.09999990463257,1182,68.4752655029297,80
143,2,7.11666679382324,26.6000003814697,-5.09999990463257,1182,68.4752655029297,80
143,2,7.11666679382324,26.6000003814697,-5.09999990463257,1182,68.4752655029297,80
143,2,7.11666679382324,26.6000003814697,-5.09999990463257,1182,68.4752655029297,80
143,2,7.11666679382324,26.6000003814697,-5.09999990463257,1182,68.4752655029297,80
144,0,9.56666660308838,27.7999992370606,-1.20000004768372,1401,68.1430358886719,91
144,0,9.56666660308838,27.7999992370606,-1.20000004768372,1401,68.1430358886719,91
144,0,9.56666660308838,27.7999992370606,-1.20000004768372,1401,68.1430358886719,91
144,0,9.56666660308838,27.7999992370606,-1.20000004768372,1401,68.1430358886719,91
144,1,9.56666660308838,27.7999992370606,-1.20000004768372,1401,68.1430358886719,91
144,1,9.56666660308838,27.7999992370606,-1.20000004768372,1401,68.1430358886719,91
144,1,9.56666660308838,27.7999992370606,-1.20000004768372,1401,68.1430358886719,91
144,1,9.56666660308838,27.7999992370606,-1.20000004768372,1401,68.1430358886719,91
144,2,9.56666660308838,27.7999992370606,-1.20000004768372,1401,68.1430358886719,91
144,2,9.56666660308838,27.7999992370606,-1.20000004768372,1401,68.1430358886719,91
144,2,9.56666660308838,27.7999992370606,-1.20000004768372,1401,68.1430358886719,91
144,2,9.56666660308838,27.7999992370606,-1.20000004768372,1401,68.1430358886719,91
145,0,9.625,27.6000003814697,-0.800000011920929,1491,67.1695861816406,98
145,0,9.625,27.6000003814697,-0.800000011920929,1491,67.1695861816406,98
145,0,9.625,27.6000003814697,-0.800000011920929,1491,67.1695861816406,98
145,0,9.625,27.6000003814697,-0.800000011920929,1491,67.1695861816406,98
145,1,9.625,27.6000003814697,-0.800000011920929,1491,67.1695861816406,98
145,1,9.625,27.6000003814697,-0.800000011920929,1491,67.1695861816406,98
145,1,9.625,27.6000003814697,-0.800000011920929,1491,67.1695861816406,98
145,1,9.625,27.6000003814697,-0.800000011920929,1491,67.1695861816406,98
145,2,9.625,27.6000003814697,-0.800000011920929,1491,67.1695861816406,98
145,2,9.625,27.6000003814697,-0.800000011920929,1491,67.1695861816406,98
145,2,9.625,27.6000003814697,-0.800000011920929,1491,67.1695861816406,98
145,2,9.625,27.6000003814697,-0.800000011920929,1491,67.1695861816406,98
146,0,10.1999998092651,25,1.5,1890,70.7686462402344,107
146,0,10.1999998092651,25,1.5,1890,70.7686462402344,107
146,0,10.1999998092651,25,1.5,1890,70.7686462402344,107
146,0,10.1999998092651,25,1.5,1890,70.7686462402344,107
146,1,10.1999998092651,25,1.5,1890,70.7686462402344,107
146,1,10.1999998092651,25,1.5,1890,70.7686462402344,107
146,1,10.1999998092651,25,1.5,1890,70.7686462402344,107
146,1,10.1999998092651,25,1.5,1890,70.7686462402344,107
146,2,10.1999998092651,25,1.5,1890,70.7686462402344,107
146,2,10.1999998092651,25,1.5,1890,70.7686462402344,107
146,2,10.1999998092651,25,1.5,1890,70.7686462402344,107
146,2,10.1999998092651,25,1.5,1890,70.7686462402344,107
147,0,9.86250019073486,27.6000003814697,-0.5,1475,67.3313293457031,97
147,0,9.86250019073486,27.6000003814697,-0.5,1475,67.3313293457031,97
147,0,9.86250019073486,27.6000003814697,-0.5,1475,67.3313293457031,97
147,0,9.86250019073486,27.6000003814697,-0.5,1475,67.3313293457031,97
147,1,9.86250019073486,27.6000003814697,-0.5,1475,67.3313293457031,97
147,1,9.86250019073486,27.6000003814697,-0.5,1475,67.3313293457031,97
147,1,9.86250019073486,27.6000003814697,-0.5,1475,67.3313293457031,97
147,1,9.86250019073486,27.6000003814697,-0.5,1475,67.3313293457031,97
147,2,9.86250019073486,27.6000003814697,-0.5,1475,67.3313293457031,97
147,2,9.86250019073486,27.6000003814697,-0.5,1475,67.3313293457031,97
147,2,9.86250019073486,27.6000003814697,-0.5,1475,67.3313293457031,97
147,2,9.86250019073486,27.6000003814697,-0.5,1475,67.3313293457031,97
148,0,7.92500019073486,26,-2.59999990463257,1518,68.7268981933594,100
148,0,7.92500019073486,26,-2.59999990463257,1518,68.7268981933594,100
148,0,7.92500019073486,26,-2.59999990463257,1518,68.7268981933594,100
148,0,7.92500019073486,26,-2.59999990463257,1518,68.7268981933594,100
148,1,7.92500019073486,26,-2.59999990463257,1518,68.7268981933594,100
148,1,7.92500019073486,26,-2.59999990463257,1518,68.7268981933594,100
148,1,7.92500019073486,26,-2.59999990463257,1518,68.7268981933594,100
148,1,7.92500019073486,26,-2.59999990463257,1518,68.7268981933594,100
148,2,7.92500019073486,26,-2.59999990463257,1518,68.7268981933594,100
148,2,7.92500019073486,26,-2.59999990463257,1518,68.7268981933594,100
148,2,7.92500019073486,26,-2.59999990463257,1518,68.7268981933594,100
148,2,7.92500019073486,26,-2.59999990463257,1518,68.7268981933594,100
149,0,11.466667175293,28.2999992370605,1.10000002384186,1233,71.8269271850586,69
149,0,11.466667175293,28.2999992370605,1.10000002384186,1233,71.8269271850586,69
149,0,11.466667175293,28.2999992370605,1.10000002384186,1233,71.8269271850586,69
149,0,11.466667175293,28.2999992370605,1.10000002384186,1233,71.8269271850586,69
149,1,11.466667175293,28.2999992370605,1.10000002384186,1233,71.8269271850586,69
149,1,11.466667175293,28.2999992370605,1.10000002384186,1233,71.8269271850586,69
149,1,11.466667175293,28.2999992370605,1.10000002384186,1233,71.8269271850586,69
149,1,11.466667175293,28.2999992370605,1.10000002384186,1233,71.8269271850586,69
149,2,11.466667175293,28.2999992370605,1.10000002384186,1233,71.8269271850586,69
149,2,11.466667175293,28.2999992370605,1.10000002384186,1233,71.8269271850586,69
149,2,11.466667175293,28.2999992370605,1.10000002384186,1233,71.8269271850586,69
149,2,11.466667175293,28.2999992370605,1.10000002384186,1233,71.8269271850586,69
150,0,11.3625001907349,21.7999992370605,3.5,1824,68.2094039916992,106
150,0,11.3625001907349,21.7999992370605,3.5,1824,68.2094039916992,106
150,0,11.3625001907349,21.7999992370605,3.5,1824,68.2094039916992,106
150,0,11.3625001907349,21.7999992370605,3.5,1824,68.2094039916992,106
150,1,11.3625001907349,21.7999992370605,3.5,1824,68.2094039916992,106
150,1,11.3625001907349,21.7999992370605,3.5,1824,68.2094039916992,106
150,1,11.3625001907349,21.7999992370605,3.5,1824,68.2094039916992,106
150,1,11.3625001907349,21.7999992370605,3.5,1824,68.2094039916992,106
150,2,11.3625001907349,21.7999992370605,3.5,1824,68.2094039916992,106
150,2,11.3625001907349,21.7999992370605,3.5,1824,68.2094039916992,106
150,2,11.3625001907349,21.7999992370605,3.5,1824,68.2094039916992,106
150,2,11.3625001907349,21.7999992370605,3.5,1824,68.2094039916992,106
151,0,10.5541667938232,28,0.200000002980232,1447,66.6513900756836,96
151,0,10.5541667938232,28,0.200000002980232,1447,66.6513900756836,96
151,0,10.5541667938232,28,0.200000002980232,1447,66.6513900756836,96
151,0,10.5541667938232,28,0.200000002980232,1447,66.6513900756836,96
151,1,10.5541667938232,28,0.200000002980232,1447,66.6513900756836,96
151,1,10.5541667938232,28,0.200000002980232,1447,66.6513900756836,96
151,1,10.5541667938232,28,0.200000002980232,1447,66.6513900756836,96
151,1,10.5541667938232,28,0.200000002980232,1447,66.6513900756836,96
151,2,10.5541667938232,28,0.200000002980232,1447,66.6513900756836,96
151,2,10.5541667938232,28,0.200000002980232,1447,66.6513900756836,96
151,2,10.5541667938232,28,0.200000002980232,1447,66.6513900756836,96
151,2,10.5541667938232,28,0.200000002980232,1447,66.6513900756836,96
152,0,10.0083332061768,27.8999996185303,-0.5,1424,67.8293380737305,94
152,0,10.0083332061768,27.8999996185303,-0.5,1424,67.8293380737305,94
152,0,10.0083332061768,27.8999996185303,-0.5,1424,67.8293380737305,94
152,0,10.0083332061768,27.8999996185303,-0.5,1424,67.8293380737305,94
152,1,10.0083332061768,27.8999996185303,-0.5,1424,67.8293380737305,94
152,1,10.0083332061768,27.8999996185303,-0.5,1424,67.8293380737305,94
152,1,10.0083332061768,27.8999996185303,-0.5,1424,67.8293380737305,94
152,1,10.0083332061768,27.8999996185303,-0.5,1424,67.8293380737305,94
152,2,10.0083332061768,27.8999996185303,-0.5,1424,67.8293380737305,94
152,2,10.0083332061768,27.8999996185303,-0.5,1424,67.8293380737305,94
152,2,10.0083332061768,27.8999996185303,-0.5,1424,67.8293380737305,94
152,2,10.0083332061768,27.8999996185303,-0.5,1424,67.8293380737305,94
153,0,6.90416669845581,25.3999996185303,-4.30000019073486,1373,68.2799072265625,90
153,0,6.90416669845581,25.3999996185303,-4.30000019073486,1373,68.2799072265625,90
153,0,6.90416669845581,25.3999996185303,-4.30000019073486,1373,68.2799072265625,90
153,0,6.90416669845581,25.3999996185303,-4.30000019073486,1373,68.2799072265625,90
153,1,6.90416669845581,25.3999996185303,-4.30000019073486,1373,68.2799072265625,90
153,1,6.90416669845581,25.3999996185303,-4.30000019073486,1373,68.2799072265625,90
153,1,6.90416669845581,25.3999996185303,-4.30000019073486,1373,68.2799072265625,90
153,1,6.90416669845581,25.3999996185303,-4.30000019073486,1373,68.2799072265625,90
153,2,6.90416669845581,25.3999996185303,-4.30000019073486,1373,68.2799072265625,90
153,2,6.90416669845581,25.3999996185303,-4.30000019073486,1373,68.2799072265625,90
153,2,6.90416669845581,25.3999996185303,-4.30000019073486,1373,68.2799072265625,90
153,2,6.90416669845581,25.3999996185303,-4.30000019073486,1373,68.2799072265625,90
154,0,6.50833320617676,26.3999996185303,-6.5,1070,68.764533996582,78
154,0,6.50833320617676,26.3999996185303,-6.5,1070,68.764533996582,78
154,0,6.50833320617676,26.3999996185303,-6.5,1070,68.764533996582,78
154,0,6.50833320617676,26.3999996185303,-6.5,1070,68.764533996582,78
154,1,6.50833320617676,26.3999996185303,-6.5,1070,68.764533996582,78
154,1,6.50833320617676,26.3999996185303,-6.5,1070,68.764533996582,78
154,1,6.50833320617676,26.3999996185303,-6.5,1070,68.764533996582,78
154,1,6.50833320617676,26.3999996185303,-6.5,1070,68.764533996582,78
154,2,6.50833320617676,26.3999996185303,-6.5,1070,68.764533996582,78
154,2,6.50833320617676,26.3999996185303,-6.5,1070,68.764533996582,78
154,2,6.50833320617676,26.3999996185303,-6.5,1070,68.764533996582,78
154,2,6.50833320617676,26.3999996185303,-6.5,1070,68.764533996582,78
155,0,4.51666688919067,23.2000007629395,-7.19999980926514,1475,67.5472869873047,102
155,0,4.51666688919067,23.2000007629395,-7.19999980926514,1475,67.5472869873047,102
155,0,4.51666688919067,23.2000007629395,-7.19999980926514,1475,67.5472869873047,102
155,0,4.51666688919067,23.2000007629395,-7.19999980926514,1475,67.5472869873047,102
155,1,4.51666688919067,23.2000007629395,-7.19999980926514,1475,67.5472869873047,102
155,1,4.51666688919067,23.2000007629395,-7.19999980926514,1475,67.5472869873047,102
155,1,4.51666688919067,23.2000007629395,-7.19999980926514,1475,67.5472869873047,102
155,1,4.51666688919067,23.2000007629395,-7.19999980926514,1475,67.5472869873047,102
155,2,4.51666688919067,23.2000007629395,-7.19999980926514,1475,67.5472869873047,102
155,2,4.51666688919067,23.2000007629395,-7.19999980926514,1475,67.5472869873047,102
155,2,4.51666688919067,23.2000007629395,-7.19999980926514,1475,67.5472869873047,102
155,2,4.51666688919067,23.2000007629395,-7.19999980926514,1475,67.5472869873047,102
156,0,7.02916669845581,25.5,-4,1368,68.7621612548828,95
156,0,7.02916669845581,25.5,-4,1368,68.7621612548828,95
156,0,7.02916669845581,25.5,-4,1368,68.7621612548828,95
156,0,7.02916669845581,25.5,-4,1368,68.7621612548828,95
156,1,7.02916669845581,25.5,-4,1368,68.7621612548828,95
156,1,7.02916669845581,25.5,-4,1368,68.7621612548828,95
156,1,7.02916669845581,25.5,-4,1368,68.7621612548828,95
156,1,7.02916669845581,25.5,-4,1368,68.7621612548828,95
156,2,7.02916669845581,25.5,-4,1368,68.7621612548828,95
156,2,7.02916669845581,25.5,-4,1368,68.7621612548828,95
156,2,7.02916669845581,25.5,-4,1368,68.7621612548828,95
156,2,7.02916669845581,25.5,-4,1368,68.7621612548828,95
157,0,10.0583333969116,27.3999996185303,-0.200000002980232,1493,67.3317260742188,97
157,0,10.0583333969116,27.3999996185303,-0.200000002980232,1493,67.3317260742188,97
157,0,10.0583333969116,27.3999996185303,-0.200000002980232,1493,67.3317260742188,97
157,0,10.0583333969116,27.3999996185303,-0.200000002980232,1493,67.3317260742188,97
157,1,10.0583333969116,27.3999996185303,-0.200000002980232,1493,67.3317260742188,97
157,1,10.0583333969116,27.3999996185303,-0.200000002980232,1493,67.3317260742188,97
157,1,10.0583333969116,27.3999996185303,-0.200000002980232,1493,67.3317260742188,97
157,1,10.0583333969116,27.3999996185303,-0.200000002980232,1493,67.3317260742188,97
157,2,10.0583333969116,27.3999996185303,-0.200000002980232,1493,67.3317260742188,97
157,2,10.0583333969116,27.3999996185303,-0.200000002980232,1493,67.3317260742188,97
157,2,10.0583333969116,27.3999996185303,-0.200000002980232,1493,67.3317260742188,97
157,2,10.0583333969116,27.3999996185303,-0.200000002980232,1493,67.3317260742188,97
158,0,9.44583320617676,26.7999992370606,-0.5,1589,67.6366271972656,104
158,0,9.44583320617676,26.7999992370606,-0.5,1589,67.6366271972656,104
158,0,9.44583320617676,26.7999992370606,-0.5,1589,67.6366271972656,104
158,0,9.44583320617676,26.7999992370606,-0.5,1589,67.6366271972656,104
158,1,9.44583320617676,26.7999992370606,-0.5,1589,67.6366271972656,104
158,1,9.44583320617676,26.7999992370606,-0.5,1589,67.6366271972656,104
158,1,9.44583320617676,26.7999992370606,-0.5,1589,67.6366271972656,104
158,1,9.44583320617676,26.7999992370606,-0.5,1589,67.6366271972656,104
158,2,9.44583320617676,26.7999992370606,-0.5,1589,67.6366271972656,104
158,2,9.44583320617676,26.7999992370606,-0.5,1589,67.6366271972656,104
158,2,9.44583320617676,26.7999992370606,-0.5,1589,67.6366271972656,104
158,2,9.44583320617676,26.7999992370606,-0.5,1589,67.6366271972656,104
159,0,10.8541669845581,29.6000003814697,-0.5,1118,64.9468307495117,77
159,0,10.8541669845581,29.6000003814697,-0.5,1118,64.9468307495117,77
159,0,10.8541669845581,29.6000003814697,-0.5,1118,64.9468307495117,77
159,0,10.8541669845581,29.6000003814697,-0.5,1118,64.9468307495117,77
159,1,10.8541669845581,29.6000003814697,-0.5,1118,64.9468307495117,77
159,1,10.8541669845581,29.6000003814697,-0.5,1118,64.9468307495117,77
159,1,10.8541669845581,29.6000003814697,-0.5,1118,64.9468307495117,77
159,1,10.8541669845581,29.6000003814697,-0.5,1118,64.9468307495117,77
159,2,10.8541669845581,29.6000003814697,-0.5,1118,64.9468307495117,77
159,2,10.8541669845581,29.6000003814697,-0.5,1118,64.9468307495117,77
159,2,10.8541669845581,29.6000003814697,-0.5,1118,64.9468307495117,77
159,2,10.8541669845581,29.6000003814697,-0.5,1118,64.9468307495117,77
160,0,5.2625002861023,23.3999996185303,-6,1560,67.6791763305664,106
160,0,5.2625002861023,23.3999996185303,-6,1560,67.6791763305664,106
160,0,5.2625002861023,23.3999996185303,-6,1560,67.6791763305664,106
160,0,5.2625002861023,23.3999996185303,-6,1560,67.6791763305664,106
160,1,5.2625002861023,23.3999996185303,-6,1560,67.6791763305664,106
160,1,5.2625002861023,23.3999996185303,-6,1560,67.6791763305664,106
160,1,5.2625002861023,23.3999996185303,-6,1560,67.6791763305664,106
160,1,5.2625002861023,23.3999996185303,-6,1560,67.6791763305664,106
160,2,5.2625002861023,23.3999996185303,-6,1560,67.6791763305664,106
160,2,5.2625002861023,23.3999996185303,-6,1560,67.6791763305664,106
160,2,5.2625002861023,23.3999996185303,-6,1560,67.6791763305664,106
160,2,5.2625002861023,23.3999996185303,-6,1560,67.6791763305664,106
161,0,6.60416650772095,26.5,-6.30000019073486,1070,68.6049880981445,79
161,0,6.60416650772095,26.5,-6.30000019073486,1070,68.6049880981445,79
161,0,6.60416650772095,26.5,-6.30000019073486,1070,68.6049880981445,79
161,0,6.60416650772095,26.5,-6.30000019073486,1070,68.6049880981445,79
161,1,6.60416650772095,26.5,-6.30000019073486,1070,68.6049880981445,79
161,1,6.60416650772095,26.5,-6.30000019073486,1070,68.6049880981445,79
161,1,6.60416650772095,26.5,-6.30000019073486,1070,68.6049880981445,79
161,1,6.60416650772095,26.5,-6.30000019073486,1070,68.6049880981445,79
161,2,6.60416650772095,26.5,-6.30000019073486,1070,68.6049880981445,79
161,2,6.60416650772095,26.5,-6.30000019073486,1070,68.6049880981445,79
161,2,6.60416650772095,26.5,-6.30000019073486,1070,68.6049880981445,79
161,2,6.60416650772095,26.5,-6.30000019073486,1070,68.6049880981445,79
162,0,9.85833358764648,27.1000003814697,-0.400000005960465,1526,67.2713241577149,100
162,0,9.85833358764648,27.1000003814697,-0.400000005960465,1526,67.2713241577149,100
162,0,9.85833358764648,27.1000003814697,-0.400000005960465,1526,67.2713241577149,100
162,0,9.85833358764648,27.1000003814697,-0.400000005960465,1526,67.2713241577149,100
162,1,9.85833358764648,27.1000003814697,-0.400000005960465,1526,67.2713241577149,100
162,1,9.85833358764648,27.1000003814697,-0.400000005960465,1526,67.2713241577149,100
162,1,9.85833358764648,27.1000003814697,-0.400000005960465,1526,67.2713241577149,100
162,1,9.85833358764648,27.1000003814697,-0.400000005960465,1526,67.2713241577149,100
162,2,9.85833358764648,27.1000003814697,-0.400000005960465,1526,67.2713241577149,100
162,2,9.85833358764648,27.1000003814697,-0.400000005960465,1526,67.2713241577149,100
162,2,9.85833358764648,27.1000003814697,-0.400000005960465,1526,67.2713241577149,100
162,2,9.85833358764648,27.1000003814697,-0.400000005960465,1526,67.2713241577149,100
163,0,11.1833333969116,28.7000007629395,0.5,1331,65.7777557373047,81
163,0,11.1833333969116,28.7000007629395,0.5,1331,65.7777557373047,81
163,0,11.1833333969116,28.7000007629395,0.5,1331,65.7777557373047,81
163,0,11.1833333969116,28.7000007629395,0.5,1331,65.7777557373047,81
163,1,11.1833333969116,28.7000007629395,0.5,1331,65.7777557373047,81
163,1,11.1833333969116,28.7000007629395,0.5,1331,65.7777557373047,81
163,1,11.1833333969116,28.7000007629395,0.5,1331,65.7777557373047,81
163,1,11.1833333969116,28.7000007629395,0.5,1331,65.7777557373047,81
163,2,11.1833333969116,28.7000007629395,0.5,1331,65.7777557373047,81
163,2,11.1833333969116,28.7000007629395,0.5,1331,65.7777557373047,81
163,2,11.1833333969116,28.7000007629395,0.5,1331,65.7777557373047,81
163,2,11.1833333969116,28.7000007629395,0.5,1331,65.7777557373047,81
164,0,10.9375,27,1.20000004768372,1555,69.8217849731445,92
164,0,10.9375,27,1.20000004768372,1555,69.8217849731445,92
164,0,10.9375,27,1.20000004768372,1555,69.8217849731445,92
164,0,10.9375,27,1.20000004768372,1555,69.8217849731445,92
164,1,10.9375,27,1.20000004768372,1555,69.8217849731445,92
164,1,10.9375,27,1.20000004768372,1555,69.8217849731445,92
164,1,10.9375,27,1.20000004768372,1555,69.8217849731445,92
164,1,10.9375,27,1.20000004768372,1555,69.8217849731445,92
164,2,10.9375,27,1.20000004768372,1555,69.8217849731445,92
164,2,10.9375,27,1.20000004768372,1555,69.8217849731445,92
164,2,10.9375,27,1.20000004768372,1555,69.8217849731445,92
164,2,10.9375,27,1.20000004768372,1555,69.8217849731445,92
165,0,8.07916641235352,26.8999996185303,-3.29999995231628,1400,67.9976806640625,95
165,0,8.07916641235352,26.8999996185303,-3.29999995231628,1400,67.9976806640625,95
165,0,8.07916641235352,26.8999996185303,-3.29999995231628,1400,67.9976806640625,95
165,0,8.07916641235352,26.8999996185303,-3.29999995231628,1400,67.9976806640625,95
165,1,8.07916641235352,26.8999996185303,-3.29999995231628,1400,67.9976806640625,95
165,1,8.07916641235352,26.8999996185303,-3.29999995231628,1400,67.9976806640625,95
165,1,8.07916641235352,26.8999996185303,-3.29999995231628,1400,67.9976806640625,95
165,1,8.07916641235352,26.8999996185303,-3.29999995231628,1400,67.9976806640625,95
165,2,8.07916641235352,26.8999996185303,-3.29999995231628,1400,67.9976806640625,95
165,2,8.07916641235352,26.8999996185303,-3.29999995231628,1400,67.9976806640625,95
165,2,8.07916641235352,26.8999996185303,-3.29999995231628,1400,67.9976806640625,95
165,2,8.07916641235352,26.8999996185303,-3.29999995231628,1400,67.9976806640625,95
166,0,6.24166679382324,26,-6.5,1098,69.0977554321289,79
166,0,6.24166679382324,26,-6.5,1098,69.0977554321289,79
166,0,6.24166679382324,26,-6.5,1098,69.0977554321289,79
166,0,6.24166679382324,26,-6.5,1098,69.0977554321289,79
166,1,6.24166679382324,26,-6.5,1098,69.0977554321289,79
166,1,6.24166679382324,26,-6.5,1098,69.0977554321289,79
166,1,6.24166679382324,26,-6.5,1098,69.0977554321289,79
166,1,6.24166679382324,26,-6.5,1098,69.0977554321289,79
166,2,6.24166679382324,26,-6.5,1098,69.0977554321289,79
166,2,6.24166679382324,26,-6.5,1098,69.0977554321289,79
166,2,6.24166679382324,26,-6.5,1098,69.0977554321289,79
166,2,6.24166679382324,26,-6.5,1098,69.0977554321289,79
167,0,11.1833333969116,28.1000003814697,0.899999976158142,1480,68.1482162475586,92
167,0,11.1833333969116,28.1000003814697,0.899999976158142,1480,68.1482162475586,92
167,0,11.1833333969116,28.1000003814697,0.899999976158142,1480,68.1482162475586,92
167,0,11.1833333969116,28.1000003814697,0.899999976158142,1480,68.1482162475586,92
167,1,11.1833333969116,28.1000003814697,0.899999976158142,1480,68.1482162475586,92
167,1,11.1833333969116,28.1000003814697,0.899999976158142,1480,68.1482162475586,92
167,1,11.1833333969116,28.1000003814697,0.899999976158142,1480,68.1482162475586,92
167,1,11.1833333969116,28.1000003814697,0.899999976158142,1480,68.1482162475586,92
167,2,11.1833333969116,28.1000003814697,0.899999976158142,1480,68.1482162475586,92
167,2,11.1833333969116,28.1000003814697,0.899999976158142,1480,68.1482162475586,92
167,2,11.1833333969116,28.1000003814697,0.899999976158142,1480,68.1482162475586,92
167,2,11.1833333969116,28.1000003814697,0.899999976158142,1480,68.1482162475586,92
168,0,10.6916666030884,25.1000003814697,1.5,1816,70.2110443115234,104
168,0,10.6916666030884,25.1000003814697,1.5,1816,70.2110443115234,104
168,0,10.6916666030884,25.1000003814697,1.5,1816,70.2110443115234,104
168,0,10.6916666030884,25.1000003814697,1.5,1816,70.2110443115234,104
168,1,10.6916666030884,25.1000003814697,1.5,1816,70.2110443115234,104
168,1,10.6916666030884,25.1000003814697,1.5,1816,70.2110443115234,104
168,1,10.6916666030884,25.1000003814697,1.5,1816,70.2110443115234,104
168,1,10.6916666030884,25.1000003814697,1.5,1816,70.2110443115234,104
168,2,10.6916666030884,25.1000003814697,1.5,1816,70.2110443115234,104
168,2,10.6916666030884,25.1000003814697,1.5,1816,70.2110443115234,104
168,2,10.6916666030884,25.1000003814697,1.5,1816,70.2110443115234,104
168,2,10.6916666030884,25.1000003814697,1.5,1816,70.2110443115234,104
169,0,5.81666660308838,23.2000007629395,-4.69999980926514,1633,69.3176345825195,103
169,0,5.81666660308838,23.2000007629395,-4.69999980926514,1633,69.3176345825195,103
169,0,5.81666660308838,23.2000007629395,-4.69999980926514,1633,69.3176345825195,103
169,0,5.81666660308838,23.2000007629395,-4.69999980926514,1633,69.3176345825195,103
169,1,5.81666660308838,23.2000007629395,-4.69999980926514,1633,69.3176345825195,103
169,1,5.81666660308838,23.2000007629395,-4.69999980926514,1633,69.3176345825195,103
169,1,5.81666660308838,23.2000007629395,-4.69999980926514,1633,69.3176345825195,103
169,1,5.81666660308838,23.2000007629395,-4.69999980926514,1633,69.3176345825195,103
169,2,5.81666660308838,23.2000007629395,-4.69999980926514,1633,69.3176345825195,103
169,2,5.81666660308838,23.2000007629395,-4.69999980926514,1633,69.3176345825195,103
169,2,5.81666660308838,23.2000007629395,-4.69999980926514,1633,69.3176345825195,103
169,2,5.81666660308838,23.2000007629395,-4.69999980926514,1633,69.3176345825195,103
170,0,5.75,25.1000003814697,-6.59999990463257,1171,69.3294906616211,84
170,0,5.75,25.1000003814697,-6.59999990463257,1171,69.3294906616211,84
170,0,5.75,25.1000003814697,-6.59999990463257,1171,69.3294906616211,84
170,0,5.75,25.1000003814697,-6.59999990463257,1171,69.3294906616211,84
170,1,5.75,25.1000003814697,-6.59999990463257,1171,69.3294906616211,84
170,1,5.75,25.1000003814697,-6.59999990463257,1171,69.3294906616211,84
170,1,5.75,25.1000003814697,-6.59999990463257,1171,69.3294906616211,84
170,1,5.75,25.1000003814697,-6.59999990463257,1171,69.3294906616211,84
170,2,5.75,25.1000003814697,-6.59999990463257,1171,69.3294906616211,84
170,2,5.75,25.1000003814697,-6.59999990463257,1171,69.3294906616211,84
170,2,5.75,25.1000003814697,-6.59999990463257,1171,69.3294906616211,84
170,2,5.75,25.1000003814697,-6.59999990463257,1171,69.3294906616211,84
171,0,10.3666667938232,28.8999996185303,-0.699999988079071,1159,66.7414016723633,77
171,0,10.3666667938232,28.8999996185303,-0.699999988079071,1159,66.7414016723633,77
171,0,10.3666667938232,28.8999996185303,-0.699999988079071,1159,66.7414016723633,77
171,0,10.3666667938232,28.8999996185303,-0.699999988079071,1159,66.7414016723633,77
171,1,10.3666667938232,28.8999996185303,-0.699999988079071,1159,66.7414016723633,77
171,1,10.3666667938232,28.8999996185303,-0.699999988079071,1159,66.7414016723633,77
171,1,10.3666667938232,28.8999996185303,-0.699999988079071,1159,66.7414016723633,77
171,1,10.3666667938232,28.8999996185303,-0.699999988079071,1159,66.7414016723633,77
171,2,10.3666667938232,28.8999996185303,-0.699999988079071,1159,66.7414016723633,77
171,2,10.3666667938232,28.8999996185303,-0.699999988079071,1159,66.7414016723633,77
171,2,10.3666667938232,28.8999996185303,-0.699999988079071,1159,66.7414016723633,77
171,2,10.3666667938232,28.8999996185303,-0.699999988079071,1159,66.7414016723633,77
172,0,9.01249980926514,25.7999992370605,-0.699999988079071,1848,67.813117980957,120
172,0,9.01249980926514,25.7999992370605,-0.699999988079071,1848,67.813117980957,120
172,0,9.01249980926514,25.7999992370605,-0.699999988079071,1848,67.813117980957,120
172,0,9.01249980926514,25.7999992370605,-0.699999988079071,1848,67.813117980957,120
172,1,9.01249980926514,25.7999992370605,-0.699999988079071,1848,67.813117980957,120
172,1,9.01249980926514,25.7999992370605,-0.699999988079071,1848,67.813117980957,120
172,1,9.01249980926514,25.7999992370605,-0.699999988079071,1848,67.813117980957,120
172,1,9.01249980926514,25.7999992370605,-0.699999988079071,1848,67.813117980957,120
172,2,9.01249980926514,25.7999992370605,-0.699999988079071,1848,67.813117980957,120
172,2,9.01249980926514,25.7999992370605,-0.699999988079071,1848,67.813117980957,120
172,2,9.01249980926514,25.7999992370605,-0.699999988079071,1848,67.813117980957,120
172,2,9.01249980926514,25.7999992370605,-0.699999988079071,1848,67.813117980957,120
173,0,10.345832824707,28.3999996185303,-0.600000023841858,1441,65.8176879882813,98
173,0,10.345832824707,28.3999996185303,-0.600000023841858,1441,65.8176879882813,98
173,0,10.345832824707,28.3999996185303,-0.600000023841858,1441,65.8176879882813,98
173,0,10.345832824707,28.3999996185303,-0.600000023841858,1441,65.8176879882813,98
173,1,10.345832824707,28.3999996185303,-0.600000023841858,1441,65.8176879882813,98
173,1,10.345832824707,28.3999996185303,-0.600000023841858,1441,65.8176879882813,98
173,1,10.345832824707,28.3999996185303,-0.600000023841858,1441,65.8176879882813,98
173,1,10.345832824707,28.3999996185303,-0.600000023841858,1441,65.8176879882813,98
173,2,10.345832824707,28.3999996185303,-0.600000023841858,1441,65.8176879882813,98
173,2,10.345832824707,28.3999996185303,-0.600000023841858,1441,65.8176879882813,98
173,2,10.345832824707,28.3999996185303,-0.600000023841858,1441,65.8176879882813,98
173,2,10.345832824707,28.3999996185303,-0.600000023841858,1441,65.8176879882813,98
174,0,8.42500019073486,27.5,-3.20000004768372,1243,67.4227905273438,86
174,0,8.42500019073486,27.5,-3.20000004768372,1243,67.4227905273438,86
174,0,8.42500019073486,27.5,-3.20000004768372,1243,67.4227905273438,86
174,0,8.42500019073486,27.5,-3.20000004768372,1243,67.4227905273438,86
174,1,8.42500019073486,27.5,-3.20000004768372,1243,67.4227905273438,86
174,1,8.42500019073486,27.5,-3.20000004768372,1243,67.4227905273438,86
174,1,8.42500019073486,27.5,-3.20000004768372,1243,67.4227905273438,86
174,1,8.42500019073486,27.5,-3.20000004768372,1243,67.4227905273438,86
174,2,8.42500019073486,27.5,-3.20000004768372,1243,67.4227905273438,86
174,2,8.42500019073486,27.5,-3.20000004768372,1243,67.4227905273438,86
174,2,8.42500019073486,27.5,-3.20000004768372,1243,67.4227905273438,86
174,2,8.42500019073486,27.5,-3.20000004768372,1243,67.4227905273438,86
1,0,3.95833349227905,24.7000007629395,-10.3999996185303,547,30.0461158752441,101
1,0,3.95833349227905,24.7000007629395,-10.3999996185303,547,30.0461158752441,101
1,0,3.95833349227905,24.7000007629395,-10.3999996185303,547,30.0461158752441,101
1,0,3.95833349227905,24.7000007629395,-10.3999996185303,547,30.0461158752441,101
1,1,3.95833349227905,24.7000007629395,-10.3999996185303,547,30.0461158752441,101
1,1,3.95833349227905,24.7000007629395,-10.3999996185303,547,30.0461158752441,101
1,1,3.95833349227905,24.7000007629395,-10.3999996185303,547,30.0461158752441,101
1,1,3.95833349227905,24.7000007629395,-10.3999996185303,547,30.0461158752441,101
1,2,3.95833349227905,24.7000007629395,-10.3999996185303,547,30.0461158752441,101
1,2,3.95833349227905,24.7000007629395,-10.3999996185303,547,30.0461158752441,101
1,2,3.95833349227905,24.7000007629395,-10.3999996185303,547,30.0461158752441,101
1,2,3.95833349227905,24.7000007629395,-10.3999996185303,547,30.0461158752441,101
2,0,3.82916665077209,24.6000003814697,-10.3999996185303,554,30.3737468719482,101
2,0,3.82916665077209,24.6000003814697,-10.3999996185303,554,30.3737468719482,101
2,0,3.82916665077209,24.6000003814697,-10.3999996185303,554,30.3737468719482,101
2,0,3.82916665077209,24.6000003814697,-10.3999996185303,554,30.3737468719482,101
2,1,3.82916665077209,24.6000003814697,-10.3999996185303,554,30.3737468719482,101
2,1,3.82916665077209,24.6000003814697,-10.3999996185303,554,30.3737468719482,101
2,1,3.82916665077209,24.6000003814697,-10.3999996185303,554,30.3737468719482,101
2,1,3.82916665077209,24.6000003814697,-10.3999996185303,554,30.3737468719482,101
2,2,3.82916665077209,24.6000003814697,-10.3999996185303,554,30.3737468719482,101
2,2,3.82916665077209,24.6000003814697,-10.3999996185303,554,30.3737468719482,101
2,2,3.82916665077209,24.6000003814697,-10.3999996185303,554,30.3737468719482,101
2,2,3.82916665077209,24.6000003814697,-10.3999996185303,554,30.3737468719482,101
3,0,5.89166688919067,28.7000007629395,-10.6999998092651,412,33.7543678283691,78
3,0,5.89166688919067,28.7000007629395,-10.6999998092651,412,33.7543678283691,78
3,0,5.89166688919067,28.7000007629395,-10.6999998092651,412,33.7543678283691,78
3,0,5.89166688919067,28.7000007629395,-10.6999998092651,412,33.7543678283691,78
3,1,5.89166688919067,28.7000007629395,-10.6999998092651,412,33.7543678283691,78
3,1,5.89166688919067,28.7000007629395,-10.6999998092651,412,33.7543678283691,78
3,1,5.89166688919067,28.7000007629395,-10.6999998092651,412,33.7543678283691,78
3,1,5.89166688919067,28.7000007629395,-10.6999998092651,412,33.7543678283691,78
3,2,5.89166688919067,28.7000007629395,-10.6999998092651,412,33.7543678283691,78
3,2,5.89166688919067,28.7000007629395,-10.6999998092651,412,33.7543678283691,78
3,2,5.89166688919067,28.7000007629395,-10.6999998092651,412,33.7543678283691,78
3,2,5.89166688919067,28.7000007629395,-10.6999998092651,412,33.7543678283691,78
4,0,2.75416660308838,22.8999996185303,-10.6999998092651,613,31.4259796142578,86
4,0,2.75416660308838,22.8999996185303,-10.6999998092651,613,31.4259796142578,86
4,0,2.75416660308838,22.8999996185303,-10.6999998092651,613,31.4259796142578,86
4,0,2.75416660308838,22.8999996185303,-10.6999998092651,613,31.4259796142578,86
4,1,2.75416660308838,22.8999996185303,-10.6999998092651,613,31.4259796142578,86
4,1,2.75416660308838,22.8999996185303,-10.6999998092651,613,31.4259796142578,86
4,1,2.75416660308838,22.8999996185303,-10.6999998092651,613,31.4259796142578,86
4,1,2.75416660308838,22.8999996185303,-10.6999998092651,613,31.4259796142578,86
4,2,2.75416660308838,22.8999996185303,-10.6999998092651,613,31.4259796142578,86
4,2,2.75416660308838,22.8999996185303,-10.6999998092651,613,31.4259796142578,86
4,2,2.75416660308838,22.8999996185303,-10.6999998092651,613,31.4259796142578,86
4,2,2.75416660308838,22.8999996185303,-10.6999998092651,613,31.4259796142578,86
5,0,5.44166660308838,27.3999996185303,-10.6999998092651,404,33.625114440918,63
5,0,5.44166660308838,27.3999996185303,-10.6999998092651,404,33.625114440918,63
5,0,5.44166660308838,27.3999996185303,-10.6999998092651,404,33.625114440918,63
5,0,5.44166660308838,27.3999996185303,-10.6999998092651,404,33.625114440918,63
5,1,5.44166660308838,27.3999996185303,-10.6999998092651,404,33.625114440918,63
5,1,5.44166660308838,27.3999996185303,-10.6999998092651,404,33.625114440918,63
5,1,5.44166660308838,27.3999996185303,-10.6999998092651,404,33.625114440918,63
5,1,5.44166660308838,27.3999996185303,-10.6999998092651,404,33.625114440918,63
5,2,5.44166660308838,27.3999996185303,-10.6999998092651,404,33.625114440918,63
5,2,5.44166660308838,27.3999996185303,-10.6999998092651,404,33.625114440918,63
5,2,5.44166660308838,27.3999996185303,-10.6999998092651,404,33.625114440918,63
5,2,5.44166660308838,27.3999996185303,-10.6999998092651,404,33.625114440918,63
6,0,5.47916698455811,27.7000007629395,-10.8000001907349,399,32.9416885375977,77
6,0,5.47916698455811,27.7000007629395,-10.8000001907349,399,32.9416885375977,77
6,0,5.47916698455811,27.7000007629395,-10.8000001907349,399,32.9416885375977,77
6,0,5.47916698455811,27.7000007629395,-10.8000001907349,399,32.9416885375977,77
6,1,5.47916698455811,27.7000007629395,-10.8000001907349,399,32.9416885375977,77
6,1,5.47916698455811,27.7000007629395,-10.8000001907349,399,32.9416885375977,77
6,1,5.47916698455811,27.7000007629395,-10.8000001907349,399,32.9416885375977,77
6,1,5.47916698455811,27.7000007629395,-10.8000001907349,399,32.9416885375977,77
6,2,5.47916698455811,27.7000007629395,-10.8000001907349,399,32.9416885375977,77
6,2,5.47916698455811,27.7000007629395,-10.8000001907349,399,32.9416885375977,77
6,2,5.47916698455811,27.7000007629395,-10.8000001907349,399,32.9416885375977,77
6,2,5.47916698455811,27.7000007629395,-10.8000001907349,399,32.9416885375977,77
7,0,4.65833330154419,26.6000003814697,-10.3999996185303,431,36.9875183105469,62
7,0,4.65833330154419,26.6000003814697,-10.3999996185303,431,36.9875183105469,62
7,0,4.65833330154419,26.6000003814697,-10.3999996185303,431,36.9875183105469,62
7,0,4.65833330154419,26.6000003814697,-10.3999996185303,431,36.9875183105469,62
7,1,4.65833330154419,26.6000003814697,-10.3999996185303,431,36.9875183105469,62
7,1,4.65833330154419,26.6000003814697,-10.3999996185303,431,36.9875183105469,62
7,1,4.65833330154419,26.6000003814697,-10.3999996185303,431,36.9875183105469,62
7,1,4.65833330154419,26.6000003814697,-10.3999996185303,431,36.9875183105469,62
7,2,4.65833330154419,26.6000003814697,-10.3999996185303,431,36.9875183105469,62
7,2,4.65833330154419,26.6000003814697,-10.3999996185303,431,36.9875183105469,62
7,2,4.65833330154419,26.6000003814697,-10.3999996185303,431,36.9875183105469,62
7,2,4.65833330154419,26.6000003814697,-10.3999996185303,431,36.9875183105469,62
8,0,2.9375,23.2999992370605,-10.5,526,37.7428703308106,71
8,0,2.9375,23.2999992370605,-10.5,526,37.7428703308106,71
8,0,2.9375,23.2999992370605,-10.5,526,37.7428703308106,71
8,0,2.9375,23.2999992370605,-10.5,526,37.7428703308106,71
8,1,2.9375,23.2999992370605,-10.5,526,37.7428703308106,71
8,1,2.9375,23.2999992370605,-10.5,526,37.7428703308106,71
8,1,2.9375,23.2999992370605,-10.5,526,37.7428703308106,71
8,1,2.9375,23.2999992370605,-10.5,526,37.7428703308106,71
8,2,2.9375,23.2999992370605,-10.5,526,37.7428703308106,71
8,2,2.9375,23.2999992370605,-10.5,526,37.7428703308106,71
8,2,2.9375,23.2999992370605,-10.5,526,37.7428703308106,71
8,2,2.9375,23.2999992370605,-10.5,526,37.7428703308106,71
9,0,4.46666669845581,25.6000003814697,-9.89999961853027,512,35.2124290466309,71
9,0,4.46666669845581,25.6000003814697,-9.89999961853027,512,35.2124290466309,71
9,0,4.46666669845581,25.6000003814697,-9.89999961853027,512,35.2124290466309,71
9,0,4.46666669845581,25.6000003814697,-9.89999961853027,512,35.2124290466309,71
9,1,4.46666669845581,25.6000003814697,-9.89999961853027,512,35.2124290466309,71
9,1,4.46666669845581,25.6000003814697,-9.89999961853027,512,35.2124290466309,71
9,1,4.46666669845581,25.6000003814697,-9.89999961853027,512,35.2124290466309,71
9,1,4.46666669845581,25.6000003814697,-9.89999961853027,512,35.2124290466309,71
9,2,4.46666669845581,25.6000003814697,-9.89999961853027,512,35.2124290466309,71
9,2,4.46666669845581,25.6000003814697,-9.89999961853027,512,35.2124290466309,71
9,2,4.46666669845581,25.6000003814697,-9.89999961853027,512,35.2124290466309,71
9,2,4.46666669845581,25.6000003814697,-9.89999961853027,512,35.2124290466309,71
10,0,3.16249990463257,23.3999996185303,-10.3000001907349,514,38.259204864502,70
10,0,3.16249990463257,23.3999996185303,-10.3000001907349,514,38.259204864502,70
10,0,3.16249990463257,23.3999996185303,-10.3000001907349,514,38.259204864502,70
10,0,3.16249990463257,23.3999996185303,-10.3000001907349,514,38.259204864502,70
10,1,3.16249990463257,23.3999996185303,-10.3000001907349,514,38.259204864502,70
10,1,3.16249990463257,23.3999996185303,-10.3000001907349,514,38.259204864502,70
10,1,3.16249990463257,23.3999996185303,-10.3000001907349,514,38.259204864502,70
10,1,3.16249990463257,23.3999996185303,-10.3000001907349,514,38.259204864502,70
10,2,3.16249990463257,23.3999996185303,-10.3000001907349,514,38.259204864502,70
10,2,3.16249990463257,23.3999996185303,-10.3000001907349,514,38.259204864502,70
10,2,3.16249990463257,23.3999996185303,-10.3000001907349,514,38.259204864502,70
10,2,3.16249990463257,23.3999996185303,-10.3000001907349,514,38.259204864502,70
11,0,5.22916650772095,26.8999996185303,-9.80000019073486,462,35.6969375610352,83
11,0,5.22916650772095,26.8999996185303,-9.80000019073486,462,35.6969375610352,83
11,0,5.22916650772095,26.8999996185303,-9.80000019073486,462,35.6969375610352,83
11,0,5.22916650772095,26.8999996185303,-9.80000019073486,462,35.6969375610352,83
11,1,5.22916650772095,26.8999996185303,-9.80000019073486,462,35.6969375610352,83
11,1,5.22916650772095,26.8999996185303,-9.80000019073486,462,35.6969375610352,83
11,1,5.22916650772095,26.8999996185303,-9.80000019073486,462,35.6969375610352,83
11,1,5.22916650772095,26.8999996185303,-9.80000019073486,462,35.6969375610352,83
11,2,5.22916650772095,26.8999996185303,-9.80000019073486,462,35.6969375610352,83
11,2,5.22916650772095,26.8999996185303,-9.80000019073486,462,35.6969375610352,83
11,2,5.22916650772095,26.8999996185303,-9.80000019073486,462,35.6969375610352,83
11,2,5.22916650772095,26.8999996185303,-9.80000019073486,462,35.6969375610352,83
12,0,6.67916679382324,28.7000007629395,-9.10000038146973,411,31.500280380249,77
12,0,6.67916679382324,28.7000007629395,-9.10000038146973,411,31.500280380249,77
12,0,6.67916679382324,28.7000007629395,-9.10000038146973,411,31.500280380249,77
12,0,6.67916679382324,28.7000007629395,-9.10000038146973,411,31.500280380249,77
12,1,6.67916679382324,28.7000007629395,-9.10000038146973,411,31.500280380249,77
12,1,6.67916679382324,28.7000007629395,-9.10000038146973,411,31.500280380249,77
12,1,6.67916679382324,28.7000007629395,-9.10000038146973,411,31.500280380249,77
12,1,6.67916679382324,28.7000007629395,-9.10000038146973,411,31.500280380249,77
12,2,6.67916679382324,28.7000007629395,-9.10000038146973,411,31.500280380249,77
12,2,6.67916679382324,28.7000007629395,-9.10000038146973,411,31.500280380249,77
12,2,6.67916679382324,28.7000007629395,-9.10000038146973,411,31.500280380249,77
12,2,6.67916679382324,28.7000007629395,-9.10000038146973,411,31.500280380249,77
13,0,4.20416688919067,25.2999992370606,-10.1999998092651,550,30.3860111236572,78
13,0,4.20416688919067,25.2999992370606,-10.1999998092651,550,30.3860111236572,78
13,0,4.20416688919067,25.2999992370606,-10.1999998092651,550,30.3860111236572,78
13,0,4.20416688919067,25.2999992370606,-10.1999998092651,550,30.3860111236572,78
13,1,4.20416688919067,25.2999992370606,-10.1999998092651,550,30.3860111236572,78
13,1,4.20416688919067,25.2999992370606,-10.1999998092651,550,30.3860111236572,78
13,1,4.20416688919067,25.2999992370606,-10.1999998092651,550,30.3860111236572,78
13,1,4.20416688919067,25.2999992370606,-10.1999998092651,550,30.3860111236572,78
13,2,4.20416688919067,25.2999992370606,-10.1999998092651,550,30.3860111236572,78
13,2,4.20416688919067,25.2999992370606,-10.1999998092651,550,30.3860111236572,78
13,2,4.20416688919067,25.2999992370606,-10.1999998092651,550,30.3860111236572,78
13,2,4.20416688919067,25.2999992370606,-10.1999998092651,550,30.3860111236572,78
14,0,4.62916660308838,26.7000007629395,-10.6000003814697,512,38.9415016174316,68
14,0,4.62916660308838,26.7000007629395,-10.6000003814697,512,38.9415016174316,68
14,0,4.62916660308838,26.7000007629395,-10.6000003814697,512,38.9415016174316,68
14,0,4.62916660308838,26.7000007629395,-10.6000003814697,512,38.9415016174316,68
14,1,4.62916660308838,26.7000007629395,-10.6000003814697,512,38.9415016174316,68
14,1,4.62916660308838,26.7000007629395,-10.6000003814697,512,38.9415016174316,68
14,1,4.62916660308838,26.7000007629395,-10.6000003814697,512,38.9415016174316,68
14,1,4.62916660308838,26.7000007629395,-10.6000003814697,512,38.9415016174316,68
14,2,4.62916660308838,26.7000007629395,-10.6000003814697,512,38.9415016174316,68
14,2,4.62916660308838,26.7000007629395,-10.6000003814697,512,38.9415016174316,68
14,2,4.62916660308838,26.7000007629395,-10.6000003814697,512,38.9415016174316,68
14,2,4.62916660308838,26.7000007629395,-10.6000003814697,512,38.9415016174316,68
15,0,6.19583320617676,27.7999992370606,-8.89999961853027,465,30.2671928405762,86
15,0,6.19583320617676,27.7999992370606,-8.89999961853027,465,30.2671928405762,86
15,0,6.19583320617676,27.7999992370606,-8.89999961853027,465,30.2671928405762,86
15,0,6.19583320617676,27.7999992370606,-8.89999961853027,465,30.2671928405762,86
15,1,6.19583320617676,27.7999992370606,-8.89999961853027,465,30.2671928405762,86
15,1,6.19583320617676,27.7999992370606,-8.89999961853027,465,30.2671928405762,86
15,1,6.19583320617676,27.7999992370606,-8.89999961853027,465,30.2671928405762,86
15,1,6.19583320617676,27.7999992370606,-8.89999961853027,465,30.2671928405762,86
15,2,6.19583320617676,27.7999992370606,-8.89999961853027,465,30.2671928405762,86
15,2,6.19583320617676,27.7999992370606,-8.89999961853027,465,30.2671928405762,86
15,2,6.19583320617676,27.7999992370606,-8.89999961853027,465,30.2671928405762,86
15,2,6.19583320617676,27.7999992370606,-8.89999961853027,465,30.2671928405762,86
16,0,5.68333339691162,28.6000003814697,-10.8999996185303,449,36.0765647888184,79
16,0,5.68333339691162,28.6000003814697,-10.8999996185303,449,36.0765647888184,79
16,0,5.68333339691162,28.6000003814697,-10.8999996185303,449,36.0765647888184,79
16,0,5.68333339691162,28.6000003814697,-10.8999996185303,449,36.0765647888184,79
16,1,5.68333339691162,28.6000003814697,-10.8999996185303,449,36.0765647888184,79
16,1,5.68333339691162,28.6000003814697,-10.8999996185303,449,36.0765647888184,79
16,1,5.68333339691162,28.6000003814697,-10.8999996185303,449,36.0765647888184,79
16,1,5.68333339691162,28.6000003814697,-10.8999996185303,449,36.0765647888184,79
16,2,5.68333339691162,28.6000003814697,-10.8999996185303,449,36.0765647888184,79
16,2,5.68333339691162,28.6000003814697,-10.8999996185303,449,36.0765647888184,79
16,2,5.68333339691162,28.6000003814697,-10.8999996185303,449,36.0765647888184,79
16,2,5.68333339691162,28.6000003814697,-10.8999996185303,449,36.0765647888184,79
17,0,4.90000009536743,26.2000007629395,-9.69999980926514,501,29.3882465362549,95
17,0,4.90000009536743,26.2000007629395,-9.69999980926514,501,29.3882465362549,95
17,0,4.90000009536743,26.2000007629395,-9.69999980926514,501,29.3882465362549,95
17,0,4.90000009536743,26.2000007629395,-9.69999980926514,501,29.3882465362549,95
17,1,4.90000009536743,26.2000007629395,-9.69999980926514,501,29.3882465362549,95
17,1,4.90000009536743,26.2000007629395,-9.69999980926514,501,29.3882465362549,95
17,1,4.90000009536743,26.2000007629395,-9.69999980926514,501,29.3882465362549,95
17,1,4.90000009536743,26.2000007629395,-9.69999980926514,501,29.3882465362549,95
17,2,4.90000009536743,26.2000007629395,-9.69999980926514,501,29.3882465362549,95
17,2,4.90000009536743,26.2000007629395,-9.69999980926514,501,29.3882465362549,95
17,2,4.90000009536743,26.2000007629395,-9.69999980926514,501,29.3882465362549,95
17,2,4.90000009536743,26.2000007629395,-9.69999980926514,501,29.3882465362549,95
18,0,4.96666669845581,26.3999996185303,-9.80000019073486,479,36.6444435119629,84
18,0,4.96666669845581,26.3999996185303,-9.80000019073486,479,36.6444435119629,84
18,0,4.96666669845581,26.3999996185303,-9.80000019073486,479,36.6444435119629,84
18,0,4.96666669845581,26.3999996185303,-9.80000019073486,479,36.6444435119629,84
18,1,4.96666669845581,26.3999996185303,-9.80000019073486,479,36.6444435119629,84
18,1,4.96666669845581,26.3999996185303,-9.80000019073486,479,36.6444435119629,84
18,1,4.96666669845581,26.3999996185303,-9.80000019073486,479,36.6444435119629,84
18,1,4.96666669845581,26.3999996185303,-9.80000019073486,479,36.6444435119629,84
18,2,4.96666669845581,26.3999996185303,-9.80000019073486,479,36.6444435119629,84
18,2,4.96666669845581,26.3999996185303,-9.80000019073486,479,36.6444435119629,84
18,2,4.96666669845581,26.3999996185303,-9.80000019073486,479,36.6444435119629,84
18,2,4.96666669845581,26.3999996185303,-9.80000019073486,479,36.6444435119629,84
19,0,4.73750019073486,25.5,-9.39999961853027,470,28.8943634033203,92
19,0,4.73750019073486,25.5,-9.39999961853027,470,28.8943634033203,92
19,0,4.73750019073486,25.5,-9.39999961853027,470,28.8943634033203,92
19,0,4.73750019073486,25.5,-9.39999961853027,470,28.8943634033203,92
19,1,4.73750019073486,25.5,-9.39999961853027,470,28.8943634033203,92
19,1,4.73750019073486,25.5,-9.39999961853027,470,28.8943634033203,92
19,1,4.73750019073486,25.5,-9.39999961853027,470,28.8943634033203,92
19,1,4.73750019073486,25.5,-9.39999961853027,470,28.8943634033203,92
19,2,4.73750019073486,25.5,-9.39999961853027,470,28.8943634033203,92
19,2,4.73750019073486,25.5,-9.39999961853027,470,28.8943634033203,92
19,2,4.73750019073486,25.5,-9.39999961853027,470,28.8943634033203,92
19,2,4.73750019073486,25.5,-9.39999961853027,470,28.8943634033203,92
20,0,5.48750019073486,28.1000003814697,-10.6000003814697,413,37.4285087585449,77
20,0,5.48750019073486,28.1000003814697,-10.6000003814697,413,37.4285087585449,77
20,0,5.48750019073486,28.1000003814697,-10.6000003814697,413,37.4285087585449,77
20,0,5.48750019073486,28.1000003814697,-10.6000003814697,413,37.4285087585449,77
20,1,5.48750019073486,28.1000003814697,-10.6000003814697,413,37.4285087585449,77
20,1,5.48750019073486,28.1000003814697,-10.6000003814697,413,37.4285087585449,77
20,1,5.48750019073486,28.1000003814697,-10.6000003814697,413,37.4285087585449,77
20,1,5.48750019073486,28.1000003814697,-10.6000003814697,413,37.4285087585449,77
20,2,5.48750019073486,28.1000003814697,-10.6000003814697,413,37.4285087585449,77
20,2,5.48750019073486,28.1000003814697,-10.6000003814697,413,37.4285087585449,77
20,2,5.48750019073486,28.1000003814697,-10.6000003814697,413,37.4285087585449,77
20,2,5.48750019073486,28.1000003814697,-10.6000003814697,413,37.4285087585449,77
21,0,1.08333325386047,20.7000007629395,-11.6000003814697,700,38.4082336425781,88
21,0,1.08333325386047,20.7000007629395,-11.6000003814697,700,38.4082336425781,88
21,0,1.08333325386047,20.7000007629395,-11.6000003814697,700,38.4082336425781,88
21,0,1.08333325386047,20.7000007629395,-11.6000003814697,700,38.4082336425781,88
21,1,1.08333325386047,20.7000007629395,-11.6000003814697,700,38.4082336425781,88
21,1,1.08333325386047,20.7000007629395,-11.6000003814697,700,38.4082336425781,88
21,1,1.08333325386047,20.7000007629395,-11.6000003814697,700,38.4082336425781,88
21,1,1.08333325386047,20.7000007629395,-11.6000003814697,700,38.4082336425781,88
21,2,1.08333325386047,20.7000007629395,-11.6000003814697,700,38.4082336425781,88
21,2,1.08333325386047,20.7000007629395,-11.6000003814697,700,38.4082336425781,88
21,2,1.08333325386047,20.7000007629395,-11.6000003814697,700,38.4082336425781,88
21,2,1.08333325386047,20.7000007629395,-11.6000003814697,700,38.4082336425781,88
22,0,5.30416679382324,26.2999992370606,-9.10000038146973,432,29.6514492034912,87
22,0,5.30416679382324,26.2999992370606,-9.10000038146973,432,29.6514492034912,87
22,0,5.30416679382324,26.2999992370606,-9.10000038146973,432,29.6514492034912,87
22,0,5.30416679382324,26.2999992370606,-9.10000038146973,432,29.6514492034912,87
22,1,5.30416679382324,26.2999992370606,-9.10000038146973,432,29.6514492034912,87
22,1,5.30416679382324,26.2999992370606,-9.10000038146973,432,29.6514492034912,87
22,1,5.30416679382324,26.2999992370606,-9.10000038146973,432,29.6514492034912,87
22,1,5.30416679382324,26.2999992370606,-9.10000038146973,432,29.6514492034912,87
22,2,5.30416679382324,26.2999992370606,-9.10000038146973,432,29.6514492034912,87
22,2,5.30416679382324,26.2999992370606,-9.10000038146973,432,29.6514492034912,87
22,2,5.30416679382324,26.2999992370606,-9.10000038146973,432,29.6514492034912,87
22,2,5.30416679382324,26.2999992370606,-9.10000038146973,432,29.6514492034912,87
23,0,4.46666669845581,25.8999996185303,-10.1999998092651,471,37.2463722229004,66
23,0,4.46666669845581,25.8999996185303,-10.1999998092651,471,37.2463722229004,66
23,0,4.46666669845581,25.8999996185303,-10.1999998092651,471,37.2463722229004,66
23,0,4.46666669845581,25.8999996185303,-10.1999998092651,471,37.2463722229004,66
23,1,4.46666669845581,25.8999996185303,-10.1999998092651,471,37.2463722229004,66
23,1,4.46666669845581,25.8999996185303,-10.1999998092651,471,37.2463722229004,66
23,1,4.46666669845581,25.8999996185303,-10.1999998092651,471,37.2463722229004,66
23,1,4.46666669845581,25.8999996185303,-10.1999998092651,471,37.2463722229004,66
23,2,4.46666669845581,25.8999996185303,-10.1999998092651,471,37.2463722229004,66
23,2,4.46666669845581,25.8999996185303,-10.1999998092651,471,37.2463722229004,66
23,2,4.46666669845581,25.8999996185303,-10.1999998092651,471,37.2463722229004,66
23,2,4.46666669845581,25.8999996185303,-10.1999998092651,471,37.2463722229004,66
24,0,4.84999990463257,25.6000003814697,-9.19999980926514,464,29.9706802368164,91
24,0,4.84999990463257,25.6000003814697,-9.19999980926514,464,29.9706802368164,91
24,0,4.84999990463257,25.6000003814697,-9.19999980926514,464,29.9706802368164,91
24,0,4.84999990463257,25.6000003814697,-9.19999980926514,464,29.9706802368164,91
24,1,4.84999990463257,25.6000003814697,-9.19999980926514,464,29.9706802368164,91
24,1,4.84999990463257,25.6000003814697,-9.19999980926514,464,29.9706802368164,91
24,1,4.84999990463257,25.6000003814697,-9.19999980926514,464,29.9706802368164,91
24,1,4.84999990463257,25.6000003814697,-9.19999980926514,464,29.9706802368164,91
24,2,4.84999990463257,25.6000003814697,-9.19999980926514,464,29.9706802368164,91
24,2,4.84999990463257,25.6000003814697,-9.19999980926514,464,29.9706802368164,91
24,2,4.84999990463257,25.6000003814697,-9.19999980926514,464,29.9706802368164,91
24,2,4.84999990463257,25.6000003814697,-9.19999980926514,464,29.9706802368164,91
25,0,3.125,23.7000007629395,-10.3999996185303,581,37.576545715332,78
25,0,3.125,23.7000007629395,-10.3999996185303,581,37.576545715332,78
25,0,3.125,23.7000007629395,-10.3999996185303,581,37.576545715332,78
25,0,3.125,23.7000007629395,-10.3999996185303,581,37.576545715332,78
25,1,3.125,23.7000007629395,-10.3999996185303,581,37.576545715332,78
25,1,3.125,23.7000007629395,-10.3999996185303,581,37.576545715332,78
25,1,3.125,23.7000007629395,-10.3999996185303,581,37.576545715332,78
25,1,3.125,23.7000007629395,-10.3999996185303,581,37.576545715332,78
25,2,3.125,23.7000007629395,-10.3999996185303,581,37.576545715332,78
25,2,3.125,23.7000007629395,-10.3999996185303,581,37.576545715332,78
25,2,3.125,23.7000007629395,-10.3999996185303,581,37.576545715332,78
25,2,3.125,23.7000007629395,-10.3999996185303,581,37.576545715332,78
26,0,2.27083325386047,22.7000007629395,-11,600,35.5899658203125,82
26,0,2.27083325386047,22.7000007629395,-11,600,35.5899658203125,82
26,0,2.27083325386047,22.7000007629395,-11,600,35.5899658203125,82
26,0,2.27083325386047,22.7000007629395,-11,600,35.5899658203125,82
26,1,2.27083325386047,22.7000007629395,-11,600,35.5899658203125,82
26,1,2.27083325386047,22.7000007629395,-11,600,35.5899658203125,82
26,1,2.27083325386047,22.7000007629395,-11,600,35.5899658203125,82
26,1,2.27083325386047,22.7000007629395,-11,600,35.5899658203125,82
26,2,2.27083325386047,22.7000007629395,-11,600,35.5899658203125,82
26,2,2.27083325386047,22.7000007629395,-11,600,35.5899658203125,82
26,2,2.27083325386047,22.7000007629395,-11,600,35.5899658203125,82
26,2,2.27083325386047,22.7000007629395,-11,600,35.5899658203125,82
27,0,4.98750019073486,25.1000003814697,-8.69999980926514,519,35.5381469726563,87
27,0,4.98750019073486,25.1000003814697,-8.69999980926514,519,35.5381469726563,87
27,0,4.98750019073486,25.1000003814697,-8.69999980926514,519,35.5381469726563,87
27,0,4.98750019073486,25.1000003814697,-8.69999980926514,519,35.5381469726563,87
27,1,4.98750019073486,25.1000003814697,-8.69999980926514,519,35.5381469726563,87
27,1,4.98750019073486,25.1000003814697,-8.69999980926514,519,35.5381469726563,87
27,1,4.98750019073486,25.1000003814697,-8.69999980926514,519,35.5381469726563,87
27,1,4.98750019073486,25.1000003814697,-8.69999980926514,519,35.5381469726563,87
27,2,4.98750019073486,25.1000003814697,-8.69999980926514,519,35.5381469726563,87
27,2,4.98750019073486,25.1000003814697,-8.69999980926514,519,35.5381469726563,87
27,2,4.98750019073486,25.1000003814697,-8.69999980926514,519,35.5381469726563,87
27,2,4.98750019073486,25.1000003814697,-8.69999980926514,519,35.5381469726563,87
28,0,2.53333330154419,21.7999992370605,-10,635,37.9976425170898,82
28,0,2.53333330154419,21.7999992370605,-10,635,37.9976425170898,82
28,0,2.53333330154419,21.7999992370605,-10,635,37.9976425170898,82
28,0,2.53333330154419,21.7999992370605,-10,635,37.9976425170898,82
28,1,2.53333330154419,21.7999992370605,-10,635,37.9976425170898,82
28,1,2.53333330154419,21.7999992370605,-10,635,37.9976425170898,82
28,1,2.53333330154419,21.7999992370605,-10,635,37.9976425170898,82
28,1,2.53333330154419,21.7999992370605,-10,635,37.9976425170898,82
28,2,2.53333330154419,21.7999992370605,-10,635,37.9976425170898,82
28,2,2.53333330154419,21.7999992370605,-10,635,37.9976425170898,82
28,2,2.53333330154419,21.7999992370605,-10,635,37.9976425170898,82
28,2,2.53333330154419,21.7999992370605,-10,635,37.9976425170898,82
175,0,4.4375,25.3999996185303,-9.69999980926514,405,34.8173332214355,57
175,0,4.4375,25.3999996185303,-9.69999980926514,405,34.8173332214355,57
175,0,4.4375,25.3999996185303,-9.69999980926514,405,34.8173332214355,57
175,0,4.4375,25.3999996185303,-9.69999980926514,405,34.8173332214355,57
175,1,4.4375,25.3999996185303,-9.69999980926514,405,34.8173332214355,57
175,1,4.4375,25.3999996185303,-9.69999980926514,405,34.8173332214355,57
175,1,4.4375,25.3999996185303,-9.69999980926514,405,34.8173332214355,57
175,1,4.4375,25.3999996185303,-9.69999980926514,405,34.8173332214355,57
175,2,4.4375,25.3999996185303,-9.69999980926514,405,34.8173332214355,57
175,2,4.4375,25.3999996185303,-9.69999980926514,405,34.8173332214355,57
175,2,4.4375,25.3999996185303,-9.69999980926514,405,34.8173332214355,57
175,2,4.4375,25.3999996185303,-9.69999980926514,405,34.8173332214355,57
176,0,4.70833349227905,25.5,-8.80000019073486,523,36.6377677917481,71
176,0,4.70833349227905,25.5,-8.80000019073486,523,36.6377677917481,71
176,0,4.70833349227905,25.5,-8.80000019073486,523,36.6377677917481,71
176,0,4.70833349227905,25.5,-8.80000019073486,523,36.6377677917481,71
176,1,4.70833349227905,25.5,-8.80000019073486,523,36.6377677917481,71
176,1,4.70833349227905,25.5,-8.80000019073486,523,36.6377677917481,71
176,1,4.70833349227905,25.5,-8.80000019073486,523,36.6377677917481,71
176,1,4.70833349227905,25.5,-8.80000019073486,523,36.6377677917481,71
176,2,4.70833349227905,25.5,-8.80000019073486,523,36.6377677917481,71
176,2,4.70833349227905,25.5,-8.80000019073486,523,36.6377677917481,71
176,2,4.70833349227905,25.5,-8.80000019073486,523,36.6377677917481,71
176,2,4.70833349227905,25.5,-8.80000019073486,523,36.6377677917481,71
177,0,4.84166669845581,25.7000007629395,-8.89999961853027,389,32.1914482116699,56
177,0,4.84166669845581,25.7000007629395,-8.89999961853027,389,32.1914482116699,56
177,0,4.84166669845581,25.7000007629395,-8.89999961853027,389,32.1914482116699,56
177,0,4.84166669845581,25.7000007629395,-8.89999961853027,389,32.1914482116699,56
177,1,4.84166669845581,25.7000007629395,-8.89999961853027,389,32.1914482116699,56
177,1,4.84166669845581,25.7000007629395,-8.89999961853027,389,32.1914482116699,56
177,1,4.84166669845581,25.7000007629395,-8.89999961853027,389,32.1914482116699,56
177,1,4.84166669845581,25.7000007629395,-8.89999961853027,389,32.1914482116699,56
177,2,4.84166669845581,25.7000007629395,-8.89999961853027,389,32.1914482116699,56
177,2,4.84166669845581,25.7000007629395,-8.89999961853027,389,32.1914482116699,56
177,2,4.84166669845581,25.7000007629395,-8.89999961853027,389,32.1914482116699,56
177,2,4.84166669845581,25.7000007629395,-8.89999961853027,389,32.1914482116699,56
178,0,3.96666669845581,25.3999996185303,-10.8999996185303,433,35.4491996765137,61
178,0,3.96666669845581,25.3999996185303,-10.8999996185303,433,35.4491996765137,61
178,0,3.96666669845581,25.3999996185303,-10.8999996185303,433,35.4491996765137,61
178,0,3.96666669845581,25.3999996185303,-10.8999996185303,433,35.4491996765137,61
178,1,3.96666669845581,25.3999996185303,-10.8999996185303,433,35.4491996765137,61
178,1,3.96666669845581,25.3999996185303,-10.8999996185303,433,35.4491996765137,61
178,1,3.96666669845581,25.3999996185303,-10.8999996185303,433,35.4491996765137,61
178,1,3.96666669845581,25.3999996185303,-10.8999996185303,433,35.4491996765137,61
178,2,3.96666669845581,25.3999996185303,-10.8999996185303,433,35.4491996765137,61
178,2,3.96666669845581,25.3999996185303,-10.8999996185303,433,35.4491996765137,61
178,2,3.96666669845581,25.3999996185303,-10.8999996185303,433,35.4491996765137,61
178,2,3.96666669845581,25.3999996185303,-10.8999996185303,433,35.4491996765137,61
179,0,2.63749980926514,23.2000007629395,-11.1000003814697,627,37.5170478820801,80
179,0,2.63749980926514,23.2000007629395,-11.1000003814697,627,37.5170478820801,80
179,0,2.63749980926514,23.2000007629395,-11.1000003814697,627,37.5170478820801,80
179,0,2.63749980926514,23.2000007629395,-11.1000003814697,627,37.5170478820801,80
179,1,2.63749980926514,23.2000007629395,-11.1000003814697,627,37.5170478820801,80
179,1,2.63749980926514,23.2000007629395,-11.1000003814697,627,37.5170478820801,80
179,1,2.63749980926514,23.2000007629395,-11.1000003814697,627,37.5170478820801,80
179,1,2.63749980926514,23.2000007629395,-11.1000003814697,627,37.5170478820801,80
179,2,2.63749980926514,23.2000007629395,-11.1000003814697,627,37.5170478820801,80
179,2,2.63749980926514,23.2000007629395,-11.1000003814697,627,37.5170478820801,80
179,2,2.63749980926514,23.2000007629395,-11.1000003814697,627,37.5170478820801,80
179,2,2.63749980926514,23.2000007629395,-11.1000003814697,627,37.5170478820801,80
180,0,4.29166650772095,25.2000007629395,-9.60000038146973,410,32.8462791442871,58
180,0,4.29166650772095,25.2000007629395,-9.60000038146973,410,32.8462791442871,58
180,0,4.29166650772095,25.2000007629395,-9.60000038146973,410,32.8462791442871,58
180,0,4.29166650772095,25.2000007629395,-9.60000038146973,410,32.8462791442871,58
180,1,4.29166650772095,25.2000007629395,-9.60000038146973,410,32.8462791442871,58
180,1,4.29166650772095,25.2000007629395,-9.60000038146973,410,32.8462791442871,58
180,1,4.29166650772095,25.2000007629395,-9.60000038146973,410,32.8462791442871,58
180,1,4.29166650772095,25.2000007629395,-9.60000038146973,410,32.8462791442871,58
180,2,4.29166650772095,25.2000007629395,-9.60000038146973,410,32.8462791442871,58
180,2,4.29166650772095,25.2000007629395,-9.60000038146973,410,32.8462791442871,58
180,2,4.29166650772095,25.2000007629395,-9.60000038146973,410,32.8462791442871,58
180,2,4.29166650772095,25.2000007629395,-9.60000038146973,410,32.8462791442871,58
181,0,4.50416660308838,25.7000007629395,-9.5,460,35.7305297851563,65
181,0,4.50416660308838,25.7000007629395,-9.5,460,35.7305297851563,65
181,0,4.50416660308838,25.7000007629395,-9.5,460,35.7305297851563,65
181,0,4.50416660308838,25.7000007629395,-9.5,460,35.7305297851563,65
181,1,4.50416660308838,25.7000007629395,-9.5,460,35.7305297851563,65
181,1,4.50416660308838,25.7000007629395,-9.5,460,35.7305297851563,65
181,1,4.50416660308838,25.7000007629395,-9.5,460,35.7305297851563,65
181,1,4.50416660308838,25.7000007629395,-9.5,460,35.7305297851563,65
181,2,4.50416660308838,25.7000007629395,-9.5,460,35.7305297851563,65
181,2,4.50416660308838,25.7000007629395,-9.5,460,35.7305297851563,65
181,2,4.50416660308838,25.7000007629395,-9.5,460,35.7305297851563,65
181,2,4.50416660308838,25.7000007629395,-9.5,460,35.7305297851563,65
182,0,4.04166650772095,25.1000003814697,-10,451,37.3868522644043,62
182,0,4.04166650772095,25.1000003814697,-10,451,37.3868522644043,62
182,0,4.04166650772095,25.1000003814697,-10,451,37.3868522644043,62
182,0,4.04166650772095,25.1000003814697,-10,451,37.3868522644043,62
182,1,4.04166650772095,25.1000003814697,-10,451,37.3868522644043,62
182,1,4.04166650772095,25.1000003814697,-10,451,37.3868522644043,62
182,1,4.04166650772095,25.1000003814697,-10,451,37.3868522644043,62
182,1,4.04166650772095,25.1000003814697,-10,451,37.3868522644043,62
182,2,4.04166650772095,25.1000003814697,-10,451,37.3868522644043,62
182,2,4.04166650772095,25.1000003814697,-10,451,37.3868522644043,62
182,2,4.04166650772095,25.1000003814697,-10,451,37.3868522644043,62
182,2,4.04166650772095,25.1000003814697,-10,451,37.3868522644043,62
183,0,2.8125,22.5,-9.89999961853027,658,39.6084442138672,82
183,0,2.8125,22.5,-9.89999961853027,658,39.6084442138672,82
183,0,2.8125,22.5,-9.89999961853027,658,39.6084442138672,82
183,0,2.8125,22.5,-9.89999961853027,658,39.6084442138672,82
183,1,2.8125,22.5,-9.89999961853027,658,39.6084442138672,82
183,1,2.8125,22.5,-9.89999961853027,658,39.6084442138672,82
183,1,2.8125,22.5,-9.89999961853027,658,39.6084442138672,82
183,1,2.8125,22.5,-9.89999961853027,658,39.6084442138672,82
183,2,2.8125,22.5,-9.89999961853027,658,39.6084442138672,82
183,2,2.8125,22.5,-9.89999961853027,658,39.6084442138672,82
183,2,2.8125,22.5,-9.89999961853027,658,39.6084442138672,82
183,2,2.8125,22.5,-9.89999961853027,658,39.6084442138672,82
184,0,5.73333358764648,26.2000007629395,-8,549,38.4499702453613,81
184,0,5.73333358764648,26.2000007629395,-8,549,38.4499702453613,81
184,0,5.73333358764648,26.2000007629395,-8,549,38.4499702453613,81
184,0,5.73333358764648,26.2000007629395,-8,549,38.4499702453613,81
184,1,5.73333358764648,26.2000007629395,-8,549,38.4499702453613,81
184,1,5.73333358764648,26.2000007629395,-8,549,38.4499702453613,81
184,1,5.73333358764648,26.2000007629395,-8,549,38.4499702453613,81
184,1,5.73333358764648,26.2000007629395,-8,549,38.4499702453613,81
184,2,5.73333358764648,26.2000007629395,-8,549,38.4499702453613,81
184,2,5.73333358764648,26.2000007629395,-8,549,38.4499702453613,81
184,2,5.73333358764648,26.2000007629395,-8,549,38.4499702453613,81
184,2,5.73333358764648,26.2000007629395,-8,549,38.4499702453613,81
185,0,5.13749980926514,26,-8.60000038146973,389,31.9375514984131,56
185,0,5.13749980926514,26,-8.60000038146973,389,31.9375514984131,56
185,0,5.13749980926514,26,-8.60000038146973,389,31.9375514984131,56
185,0,5.13749980926514,26,-8.60000038146973,389,31.9375514984131,56
185,1,5.13749980926514,26,-8.60000038146973,389,31.9375514984131,56
185,1,5.13749980926514,26,-8.60000038146973,389,31.9375514984131,56
185,1,5.13749980926514,26,-8.60000038146973,389,31.9375514984131,56
185,1,5.13749980926514,26,-8.60000038146973,389,31.9375514984131,56
185,2,5.13749980926514,26,-8.60000038146973,389,31.9375514984131,56
185,2,5.13749980926514,26,-8.60000038146973,389,31.9375514984131,56
185,2,5.13749980926514,26,-8.60000038146973,389,31.9375514984131,56
185,2,5.13749980926514,26,-8.60000038146973,389,31.9375514984131,56
186,0,5.42916679382324,25.1000003814697,-7.09999990463257,437,32.8802261352539,63
186,0,5.42916679382324,25.1000003814697,-7.09999990463257,437,32.8802261352539,63
186,0,5.42916679382324,25.1000003814697,-7.09999990463257,437,32.8802261352539,63
186,0,5.42916679382324,25.1000003814697,-7.09999990463257,437,32.8802261352539,63
186,1,5.42916679382324,25.1000003814697,-7.09999990463257,437,32.8802261352539,63
186,1,5.42916679382324,25.1000003814697,-7.09999990463257,437,32.8802261352539,63
186,1,5.42916679382324,25.1000003814697,-7.09999990463257,437,32.8802261352539,63
186,1,5.42916679382324,25.1000003814697,-7.09999990463257,437,32.8802261352539,63
186,2,5.42916679382324,25.1000003814697,-7.09999990463257,437,32.8802261352539,63
186,2,5.42916679382324,25.1000003814697,-7.09999990463257,437,32.8802261352539,63
186,2,5.42916679382324,25.1000003814697,-7.09999990463257,437,32.8802261352539,63
186,2,5.42916679382324,25.1000003814697,-7.09999990463257,437,32.8802261352539,63
187,0,4.37083339691162,25.7999992370605,-10.1000003814697,423,36.429084777832,59
187,0,4.37083339691162,25.7999992370605,-10.1000003814697,423,36.429084777832,59
187,0,4.37083339691162,25.7999992370605,-10.1000003814697,423,36.429084777832,59
187,0,4.37083339691162,25.7999992370605,-10.1000003814697,423,36.429084777832,59
187,1,4.37083339691162,25.7999992370605,-10.1000003814697,423,36.429084777832,59
187,1,4.37083339691162,25.7999992370605,-10.1000003814697,423,36.429084777832,59
187,1,4.37083339691162,25.7999992370605,-10.1000003814697,423,36.429084777832,59
187,1,4.37083339691162,25.7999992370605,-10.1000003814697,423,36.429084777832,59
187,2,4.37083339691162,25.7999992370605,-10.1000003814697,423,36.429084777832,59
187,2,4.37083339691162,25.7999992370605,-10.1000003814697,423,36.429084777832,59
187,2,4.37083339691162,25.7999992370605,-10.1000003814697,423,36.429084777832,59
187,2,4.37083339691162,25.7999992370605,-10.1000003814697,423,36.429084777832,59
188,0,4.56666660308838,25.1000003814697,-8.89999961853027,518,35.166748046875,71
188,0,4.56666660308838,25.1000003814697,-8.89999961853027,518,35.166748046875,71
188,0,4.56666660308838,25.1000003814697,-8.89999961853027,518,35.166748046875,71
188,0,4.56666660308838,25.1000003814697,-8.89999961853027,518,35.166748046875,71
188,1,4.56666660308838,25.1000003814697,-8.89999961853027,518,35.166748046875,71
188,1,4.56666660308838,25.1000003814697,-8.89999961853027,518,35.166748046875,71
188,1,4.56666660308838,25.1000003814697,-8.89999961853027,518,35.166748046875,71
188,1,4.56666660308838,25.1000003814697,-8.89999961853027,518,35.166748046875,71
188,2,4.56666660308838,25.1000003814697,-8.89999961853027,518,35.166748046875,71
188,2,4.56666660308838,25.1000003814697,-8.89999961853027,518,35.166748046875,71
188,2,4.56666660308838,25.1000003814697,-8.89999961853027,518,35.166748046875,71
188,2,4.56666660308838,25.1000003814697,-8.89999961853027,518,35.166748046875,71
189,0,4.25,25.7000007629395,-10.3999996185303,504,39.0657386779785,68
189,0,4.25,25.7000007629395,-10.3999996185303,504,39.0657386779785,68
189,0,4.25,25.7000007629395,-10.3999996185303,504,39.0657386779785,68
189,0,4.25,25.7000007629395,-10.3999996185303,504,39.0657386779785,68
189,1,4.25,25.7000007629395,-10.3999996185303,504,39.0657386779785,68
189,1,4.25,25.7000007629395,-10.3999996185303,504,39.0657386779785,68
189,1,4.25,25.7000007629395,-10.3999996185303,504,39.0657386779785,68
189,1,4.25,25.7000007629395,-10.3999996185303,504,39.0657386779785,68
189,2,4.25,25.7000007629395,-10.3999996185303,504,39.0657386779785,68
189,2,4.25,25.7000007629395,-10.3999996185303,504,39.0657386779785,68
189,2,4.25,25.7000007629395,-10.3999996185303,504,39.0657386779785,68
189,2,4.25,25.7000007629395,-10.3999996185303,504,39.0657386779785,68
190,0,4.63333320617676,25.2999992370606,-8.69999980926514,517,35.6899871826172,70
190,0,4.63333320617676,25.2999992370606,-8.69999980926514,517,35.6899871826172,70
190,0,4.63333320617676,25.2999992370606,-8.69999980926514,517,35.6899871826172,70
190,0,4.63333320617676,25.2999992370606,-8.69999980926514,517,35.6899871826172,70
190,1,4.63333320617676,25.2999992370606,-8.69999980926514,517,35.6899871826172,70
190,1,4.63333320617676,25.2999992370606,-8.69999980926514,517,35.6899871826172,70
190,1,4.63333320617676,25.2999992370606,-8.69999980926514,517,35.6899871826172,70
190,1,4.63333320617676,25.2999992370606,-8.69999980926514,517,35.6899871826172,70
190,2,4.63333320617676,25.2999992370606,-8.69999980926514,517,35.6899871826172,70
190,2,4.63333320617676,25.2999992370606,-8.69999980926514,517,35.6899871826172,70
190,2,4.63333320617676,25.2999992370606,-8.69999980926514,517,35.6899871826172,70
190,2,4.63333320617676,25.2999992370606,-8.69999980926514,517,35.6899871826172,70
191,0,4.13333320617676,24.8999996185303,-9.5,438,35.1665573120117,61
191,0,4.13333320617676,24.8999996185303,-9.5,438,35.1665573120117,61
191,0,4.13333320617676,24.8999996185303,-9.5,438,35.1665573120117,61
191,0,4.13333320617676,24.8999996185303,-9.5,438,35.1665573120117,61
191,1,4.13333320617676,24.8999996185303,-9.5,438,35.1665573120117,61
191,1,4.13333320617676,24.8999996185303,-9.5,438,35.1665573120117,61
191,1,4.13333320617676,24.8999996185303,-9.5,438,35.1665573120117,61
191,1,4.13333320617676,24.8999996185303,-9.5,438,35.1665573120117,61
191,2,4.13333320617676,24.8999996185303,-9.5,438,35.1665573120117,61
191,2,4.13333320617676,24.8999996185303,-9.5,438,35.1665573120117,61
191,2,4.13333320617676,24.8999996185303,-9.5,438,35.1665573120117,61
191,2,4.13333320617676,24.8999996185303,-9.5,438,35.1665573120117,61
192,0,2.06666660308838,22.2999992370605,-10.8999996185303,640,38.7444725036621,80
192,0,2.06666660308838,22.2999992370605,-10.8999996185303,640,38.7444725036621,80
192,0,2.06666660308838,22.2999992370605,-10.8999996185303,640,38.7444725036621,80
192,0,2.06666660308838,22.2999992370605,-10.8999996185303,640,38.7444725036621,80
192,1,2.06666660308838,22.2999992370605,-10.8999996185303,640,38.7444725036621,80
192,1,2.06666660308838,22.2999992370605,-10.8999996185303,640,38.7444725036621,80
192,1,2.06666660308838,22.2999992370605,-10.8999996185303,640,38.7444725036621,80
192,1,2.06666660308838,22.2999992370605,-10.8999996185303,640,38.7444725036621,80
192,2,2.06666660308838,22.2999992370605,-10.8999996185303,640,38.7444725036621,80
192,2,2.06666660308838,22.2999992370605,-10.8999996185303,640,38.7444725036621,80
192,2,2.06666660308838,22.2999992370605,-10.8999996185303,640,38.7444725036621,80
192,2,2.06666660308838,22.2999992370605,-10.8999996185303,640,38.7444725036621,80
193,0,5.24166679382324,26.3999996185303,-9.10000038146973,549,37.9819488525391,86
193,0,5.24166679382324,26.3999996185303,-9.10000038146973,549,37.9819488525391,86
193,0,5.24166679382324,26.3999996185303,-9.10000038146973,549,37.9819488525391,86
193,0,5.24166679382324,26.3999996185303,-9.10000038146973,549,37.9819488525391,86
193,1,5.24166679382324,26.3999996185303,-9.10000038146973,549,37.9819488525391,86
193,1,5.24166679382324,26.3999996185303,-9.10000038146973,549,37.9819488525391,86
193,1,5.24166679382324,26.3999996185303,-9.10000038146973,549,37.9819488525391,86
193,1,5.24166679382324,26.3999996185303,-9.10000038146973,549,37.9819488525391,86
193,2,5.24166679382324,26.3999996185303,-9.10000038146973,549,37.9819488525391,86
193,2,5.24166679382324,26.3999996185303,-9.10000038146973,549,37.9819488525391,86
193,2,5.24166679382324,26.3999996185303,-9.10000038146973,549,37.9819488525391,86
193,2,5.24166679382324,26.3999996185303,-9.10000038146973,549,37.9819488525391,86
194,0,6.50833320617676,27.5,-7.40000009536743,409,29.0033912658691,62
194,0,6.50833320617676,27.5,-7.40000009536743,409,29.0033912658691,62
194,0,6.50833320617676,27.5,-7.40000009536743,409,29.0033912658691,62
194,0,6.50833320617676,27.5,-7.40000009536743,409,29.0033912658691,62
194,1,6.50833320617676,27.5,-7.40000009536743,409,29.0033912658691,62
194,1,6.50833320617676,27.5,-7.40000009536743,409,29.0033912658691,62
194,1,6.50833320617676,27.5,-7.40000009536743,409,29.0033912658691,62
194,1,6.50833320617676,27.5,-7.40000009536743,409,29.0033912658691,62
194,2,6.50833320617676,27.5,-7.40000009536743,409,29.0033912658691,62
194,2,6.50833320617676,27.5,-7.40000009536743,409,29.0033912658691,62
194,2,6.50833320617676,27.5,-7.40000009536743,409,29.0033912658691,62
194,2,6.50833320617676,27.5,-7.40000009536743,409,29.0033912658691,62
195,0,4.41666650772095,25.8999996185303,-10.3000001907349,536,37.9778900146484,88
195,0,4.41666650772095,25.8999996185303,-10.3000001907349,536,37.9778900146484,88
195,0,4.41666650772095,25.8999996185303,-10.3000001907349,536,37.9778900146484,88
195,0,4.41666650772095,25.8999996185303,-10.3000001907349,536,37.9778900146484,88
195,1,4.41666650772095,25.8999996185303,-10.3000001907349,536,37.9778900146484,88
195,1,4.41666650772095,25.8999996185303,-10.3000001907349,536,37.9778900146484,88
195,1,4.41666650772095,25.8999996185303,-10.3000001907349,536,37.9778900146484,88
195,1,4.41666650772095,25.8999996185303,-10.3000001907349,536,37.9778900146484,88
195,2,4.41666650772095,25.8999996185303,-10.3000001907349,536,37.9778900146484,88
195,2,4.41666650772095,25.8999996185303,-10.3000001907349,536,37.9778900146484,88
195,2,4.41666650772095,25.8999996185303,-10.3000001907349,536,37.9778900146484,88
195,2,4.41666650772095,25.8999996185303,-10.3000001907349,536,37.9778900146484,88
196,0,5.39583349227905,27.7000007629395,-10.5,489,40.2499542236328,80
196,0,5.39583349227905,27.7000007629395,-10.5,489,40.2499542236328,80
196,0,5.39583349227905,27.7000007629395,-10.5,489,40.2499542236328,80
196,0,5.39583349227905,27.7000007629395,-10.5,489,40.2499542236328,80
196,1,5.39583349227905,27.7000007629395,-10.5,489,40.2499542236328,80
196,1,5.39583349227905,27.7000007629395,-10.5,489,40.2499542236328,80
196,1,5.39583349227905,27.7000007629395,-10.5,489,40.2499542236328,80
196,1,5.39583349227905,27.7000007629395,-10.5,489,40.2499542236328,80
196,2,5.39583349227905,27.7000007629395,-10.5,489,40.2499542236328,80
196,2,5.39583349227905,27.7000007629395,-10.5,489,40.2499542236328,80
196,2,5.39583349227905,27.7000007629395,-10.5,489,40.2499542236328,80
196,2,5.39583349227905,27.7000007629395,-10.5,489,40.2499542236328,80
197,0,4,23.6000003814697,-8.69999980926514,609,40.2742767333984,74
197,0,4,23.6000003814697,-8.69999980926514,609,40.2742767333984,74
197,0,4,23.6000003814697,-8.69999980926514,609,40.2742767333984,74
197,0,4,23.6000003814697,-8.69999980926514,609,40.2742767333984,74
197,1,4,23.6000003814697,-8.69999980926514,609,40.2742767333984,74
197,1,4,23.6000003814697,-8.69999980926514,609,40.2742767333984,74
197,1,4,23.6000003814697,-8.69999980926514,609,40.2742767333984,74
197,1,4,23.6000003814697,-8.69999980926514,609,40.2742767333984,74
197,2,4,23.6000003814697,-8.69999980926514,609,40.2742767333984,74
197,2,4,23.6000003814697,-8.69999980926514,609,40.2742767333984,74
197,2,4,23.6000003814697,-8.69999980926514,609,40.2742767333984,74
197,2,4,23.6000003814697,-8.69999980926514,609,40.2742767333984,74
198,0,4.13333320617676,25,-9.5,534,37.8762359619141,71
198,0,4.13333320617676,25,-9.5,534,37.8762359619141,71
198,0,4.13333320617676,25,-9.5,534,37.8762359619141,71
198,0,4.13333320617676,25,-9.5,534,37.8762359619141,71
198,1,4.13333320617676,25,-9.5,534,37.8762359619141,71
198,1,4.13333320617676,25,-9.5,534,37.8762359619141,71
198,1,4.13333320617676,25,-9.5,534,37.8762359619141,71
198,1,4.13333320617676,25,-9.5,534,37.8762359619141,71
198,2,4.13333320617676,25,-9.5,534,37.8762359619141,71
198,2,4.13333320617676,25,-9.5,534,37.8762359619141,71
198,2,4.13333320617676,25,-9.5,534,37.8762359619141,71
198,2,4.13333320617676,25,-9.5,534,37.8762359619141,71
199,0,5.12083339691162,25.3999996185303,-8.10000038146973,397,31.4375686645508,59
199,0,5.12083339691162,25.3999996185303,-8.10000038146973,397,31.4375686645508,59
199,0,5.12083339691162,25.3999996185303,-8.10000038146973,397,31.4375686645508,59
199,0,5.12083339691162,25.3999996185303,-8.10000038146973,397,31.4375686645508,59
199,1,5.12083339691162,25.3999996185303,-8.10000038146973,397,31.4375686645508,59
199,1,5.12083339691162,25.3999996185303,-8.10000038146973,397,31.4375686645508,59
199,1,5.12083339691162,25.3999996185303,-8.10000038146973,397,31.4375686645508,59
199,1,5.12083339691162,25.3999996185303,-8.10000038146973,397,31.4375686645508,59
199,2,5.12083339691162,25.3999996185303,-8.10000038146973,397,31.4375686645508,59
199,2,5.12083339691162,25.3999996185303,-8.10000038146973,397,31.4375686645508,59
199,2,5.12083339691162,25.3999996185303,-8.10000038146973,397,31.4375686645508,59
199,2,5.12083339691162,25.3999996185303,-8.10000038146973,397,31.4375686645508,59
200,0,4.19166660308838,24.3999996185303,-8.80000019073486,446,33.9387664794922,62
200,0,4.19166660308838,24.3999996185303,-8.80000019073486,446,33.9387664794922,62
200,0,4.19166660308838,24.3999996185303,-8.80000019073486,446,33.9387664794922,62
200,0,4.19166660308838,24.3999996185303,-8.80000019073486,446,33.9387664794922,62
200,1,4.19166660308838,24.3999996185303,-8.80000019073486,446,33.9387664794922,62
200,1,4.19166660308838,24.3999996185303,-8.80000019073486,446,33.9387664794922,62
200,1,4.19166660308838,24.3999996185303,-8.80000019073486,446,33.9387664794922,62
200,1,4.19166660308838,24.3999996185303,-8.80000019073486,446,33.9387664794922,62
200,2,4.19166660308838,24.3999996185303,-8.80000019073486,446,33.9387664794922,62
200,2,4.19166660308838,24.3999996185303,-8.80000019073486,446,33.9387664794922,62
200,2,4.19166660308838,24.3999996185303,-8.80000019073486,446,33.9387664794922,62
200,2,4.19166660308838,24.3999996185303,-8.80000019073486,446,33.9387664794922,62
201,0,4.87916660308838,27.1000003814697,-10.6999998092651,372,31.701286315918,56
201,0,4.87916660308838,27.1000003814697,-10.6999998092651,372,31.701286315918,56
201,0,4.87916660308838,27.1000003814697,-10.6999998092651,372,31.701286315918,56
201,0,4.87916660308838,27.1000003814697,-10.6999998092651,372,31.701286315918,56
201,1,4.87916660308838,27.1000003814697,-10.6999998092651,372,31.701286315918,56
201,1,4.87916660308838,27.1000003814697,-10.6999998092651,372,31.701286315918,56
201,1,4.87916660308838,27.1000003814697,-10.6999998092651,372,31.701286315918,56
201,1,4.87916660308838,27.1000003814697,-10.6999998092651,372,31.701286315918,56
201,2,4.87916660308838,27.1000003814697,-10.6999998092651,372,31.701286315918,56
201,2,4.87916660308838,27.1000003814697,-10.6999998092651,372,31.701286315918,56
201,2,4.87916660308838,27.1000003814697,-10.6999998092651,372,31.701286315918,56
201,2,4.87916660308838,27.1000003814697,-10.6999998092651,372,31.701286315918,56
202,0,4.72083330154419,25.2000007629395,-8.30000019073486,467,33.2433547973633,66
202,0,4.72083330154419,25.2000007629395,-8.30000019073486,467,33.2433547973633,66
202,0,4.72083330154419,25.2000007629395,-8.30000019073486,467,33.2433547973633,66
202,0,4.72083330154419,25.2000007629395,-8.30000019073486,467,33.2433547973633,66
202,1,4.72083330154419,25.2000007629395,-8.30000019073486,467,33.2433547973633,66
202,1,4.72083330154419,25.2000007629395,-8.30000019073486,467,33.2433547973633,66
202,1,4.72083330154419,25.2000007629395,-8.30000019073486,467,33.2433547973633,66
202,1,4.72083330154419,25.2000007629395,-8.30000019073486,467,33.2433547973633,66
202,2,4.72083330154419,25.2000007629395,-8.30000019073486,467,33.2433547973633,66
202,2,4.72083330154419,25.2000007629395,-8.30000019073486,467,33.2433547973633,66
202,2,4.72083330154419,25.2000007629395,-8.30000019073486,467,33.2433547973633,66
202,2,4.72083330154419,25.2000007629395,-8.30000019073486,467,33.2433547973633,66
203,0,4.30416679382324,25.5,-9.89999961853027,529,38.1320838928223,88
203,0,4.30416679382324,25.5,-9.89999961853027,529,38.1320838928223,88
203,0,4.30416679382324,25.5,-9.89999961853027,529,38.1320838928223,88
203,0,4.30416679382324,25.5,-9.89999961853027,529,38.1320838928223,88
203,1,4.30416679382324,25.5,-9.89999961853027,529,38.1320838928223,88
203,1,4.30416679382324,25.5,-9.89999961853027,529,38.1320838928223,88
203,1,4.30416679382324,25.5,-9.89999961853027,529,38.1320838928223,88
203,1,4.30416679382324,25.5,-9.89999961853027,529,38.1320838928223,88
203,2,4.30416679382324,25.5,-9.89999961853027,529,38.1320838928223,88
203,2,4.30416679382324,25.5,-9.89999961853027,529,38.1320838928223,88
203,2,4.30416679382324,25.5,-9.89999961853027,529,38.1320838928223,88
203,2,4.30416679382324,25.5,-9.89999961853027,529,38.1320838928223,88
204,0,4.29166650772095,26,-10.1000003814697,454,35.2710800170898,63
204,0,4.29166650772095,26,-10.1000003814697,454,35.2710800170898,63
204,0,4.29166650772095,26,-10.1000003814697,454,35.2710800170898,63
204,0,4.29166650772095,26,-10.1000003814697,454,35.2710800170898,63
204,1,4.29166650772095,26,-10.1000003814697,454,35.2710800170898,63
204,1,4.29166650772095,26,-10.1000003814697,454,35.2710800170898,63
204,1,4.29166650772095,26,-10.1000003814697,454,35.2710800170898,63
204,1,4.29166650772095,26,-10.1000003814697,454,35.2710800170898,63
204,2,4.29166650772095,26,-10.1000003814697,454,35.2710800170898,63
204,2,4.29166650772095,26,-10.1000003814697,454,35.2710800170898,63
204,2,4.29166650772095,26,-10.1000003814697,454,35.2710800170898,63
204,2,4.29166650772095,26,-10.1000003814697,454,35.2710800170898,63
205,0,4.82499980926514,24.8999996185303,-8,423,32.7066078186035,62
205,0,4.82499980926514,24.8999996185303,-8,423,32.7066078186035,62
205,0,4.82499980926514,24.8999996185303,-8,423,32.7066078186035,62
205,0,4.82499980926514,24.8999996185303,-8,423,32.7066078186035,62
205,1,4.82499980926514,24.8999996185303,-8,423,32.7066078186035,62
205,1,4.82499980926514,24.8999996185303,-8,423,32.7066078186035,62
205,1,4.82499980926514,24.8999996185303,-8,423,32.7066078186035,62
205,1,4.82499980926514,24.8999996185303,-8,423,32.7066078186035,62
205,2,4.82499980926514,24.8999996185303,-8,423,32.7066078186035,62
205,2,4.82499980926514,24.8999996185303,-8,423,32.7066078186035,62
205,2,4.82499980926514,24.8999996185303,-8,423,32.7066078186035,62
205,2,4.82499980926514,24.8999996185303,-8,423,32.7066078186035,62
206,0,4.39166641235352,25.1000003814697,-9.30000019073486,409,32.1668815612793,61
206,0,4.39166641235352,25.1000003814697,-9.30000019073486,409,32.1668815612793,61
206,0,4.39166641235352,25.1000003814697,-9.30000019073486,409,32.1668815612793,61
206,0,4.39166641235352,25.1000003814697,-9.30000019073486,409,32.1668815612793,61
206,1,4.39166641235352,25.1000003814697,-9.30000019073486,409,32.1668815612793,61
206,1,4.39166641235352,25.1000003814697,-9.30000019073486,409,32.1668815612793,61
206,1,4.39166641235352,25.1000003814697,-9.30000019073486,409,32.1668815612793,61
206,1,4.39166641235352,25.1000003814697,-9.30000019073486,409,32.1668815612793,61
206,2,4.39166641235352,25.1000003814697,-9.30000019073486,409,32.1668815612793,61
206,2,4.39166641235352,25.1000003814697,-9.30000019073486,409,32.1668815612793,61
206,2,4.39166641235352,25.1000003814697,-9.30000019073486,409,32.1668815612793,61
206,2,4.39166641235352,25.1000003814697,-9.30000019073486,409,32.1668815612793,61
207,0,4.85833358764648,25.5,-8.39999961853027,518,35.3781471252441,70
207,0,4.85833358764648,25.5,-8.39999961853027,518,35.3781471252441,70
207,0,4.85833358764648,25.5,-8.39999961853027,518,35.3781471252441,70
207,0,4.85833358764648,25.5,-8.39999961853027,518,35.3781471252441,70
207,1,4.85833358764648,25.5,-8.39999961853027,518,35.3781471252441,70
207,1,4.85833358764648,25.5,-8.39999961853027,518,35.3781471252441,70
207,1,4.85833358764648,25.5,-8.39999961853027,518,35.3781471252441,70
207,1,4.85833358764648,25.5,-8.39999961853027,518,35.3781471252441,70
207,2,4.85833358764648,25.5,-8.39999961853027,518,35.3781471252441,70
207,2,4.85833358764648,25.5,-8.39999961853027,518,35.3781471252441,70
207,2,4.85833358764648,25.5,-8.39999961853027,518,35.3781471252441,70
207,2,4.85833358764648,25.5,-8.39999961853027,518,35.3781471252441,70
208,0,4.43333339691162,24.5,-8.5,439,33.2416801452637,63
208,0,4.43333339691162,24.5,-8.5,439,33.2416801452637,63
208,0,4.43333339691162,24.5,-8.5,439,33.2416801452637,63
208,0,4.43333339691162,24.5,-8.5,439,33.2416801452637,63
208,1,4.43333339691162,24.5,-8.5,439,33.2416801452637,63
208,1,4.43333339691162,24.5,-8.5,439,33.2416801452637,63
208,1,4.43333339691162,24.5,-8.5,439,33.2416801452637,63
208,1,4.43333339691162,24.5,-8.5,439,33.2416801452637,63
208,2,4.43333339691162,24.5,-8.5,439,33.2416801452637,63
208,2,4.43333339691162,24.5,-8.5,439,33.2416801452637,63
208,2,4.43333339691162,24.5,-8.5,439,33.2416801452637,63
208,2,4.43333339691162,24.5,-8.5,439,33.2416801452637,63
209,0,4.0750002861023,24.2000007629395,-8.89999961853027,548,36.4953536987305,73
209,0,4.0750002861023,24.2000007629395,-8.89999961853027,548,36.4953536987305,73
209,0,4.0750002861023,24.2000007629395,-8.89999961853027,548,36.4953536987305,73
209,0,4.0750002861023,24.2000007629395,-8.89999961853027,548,36.4953536987305,73
209,1,4.0750002861023,24.2000007629395,-8.89999961853027,548,36.4953536987305,73
209,1,4.0750002861023,24.2000007629395,-8.89999961853027,548,36.4953536987305,73
209,1,4.0750002861023,24.2000007629395,-8.89999961853027,548,36.4953536987305,73
209,1,4.0750002861023,24.2000007629395,-8.89999961853027,548,36.4953536987305,73
209,2,4.0750002861023,24.2000007629395,-8.89999961853027,548,36.4953536987305,73
209,2,4.0750002861023,24.2000007629395,-8.89999961853027,548,36.4953536987305,73
209,2,4.0750002861023,24.2000007629395,-8.89999961853027,548,36.4953536987305,73
209,2,4.0750002861023,24.2000007629395,-8.89999961853027,548,36.4953536987305,73
210,0,4.12083339691162,25.2000007629395,-10,492,37.9732894897461,67
210,0,4.12083339691162,25.2000007629395,-10,492,37.9732894897461,67
210,0,4.12083339691162,25.2000007629395,-10,492,37.9732894897461,67
210,0,4.12083339691162,25.2000007629395,-10,492,37.9732894897461,67
210,1,4.12083339691162,25.2000007629395,-10,492,37.9732894897461,67
210,1,4.12083339691162,25.2000007629395,-10,492,37.9732894897461,67
210,1,4.12083339691162,25.2000007629395,-10,492,37.9732894897461,67
210,1,4.12083339691162,25.2000007629395,-10,492,37.9732894897461,67
210,2,4.12083339691162,25.2000007629395,-10,492,37.9732894897461,67
210,2,4.12083339691162,25.2000007629395,-10,492,37.9732894897461,67
210,2,4.12083339691162,25.2000007629395,-10,492,37.9732894897461,67
210,2,4.12083339691162,25.2000007629395,-10,492,37.9732894897461,67
211,0,3.58750009536743,25.1000003814697,-10.6999998092651,482,34.8776779174805,67
211,0,3.58750009536743,25.1000003814697,-10.6999998092651,482,34.8776779174805,67
211,0,3.58750009536743,25.1000003814697,-10.6999998092651,482,34.8776779174805,67
211,0,3.58750009536743,25.1000003814697,-10.6999998092651,482,34.8776779174805,67
211,1,3.58750009536743,25.1000003814697,-10.6999998092651,482,34.8776779174805,67
211,1,3.58750009536743,25.1000003814697,-10.6999998092651,482,34.8776779174805,67
211,1,3.58750009536743,25.1000003814697,-10.6999998092651,482,34.8776779174805,67
211,1,3.58750009536743,25.1000003814697,-10.6999998092651,482,34.8776779174805,67
211,2,3.58750009536743,25.1000003814697,-10.6999998092651,482,34.8776779174805,67
211,2,3.58750009536743,25.1000003814697,-10.6999998092651,482,34.8776779174805,67
211,2,3.58750009536743,25.1000003814697,-10.6999998092651,482,34.8776779174805,67
211,2,3.58750009536743,25.1000003814697,-10.6999998092651,482,34.8776779174805,67
212,0,4.5625,27.1000003814697,-11.6999998092651,392,35.4932327270508,69
212,0,4.5625,27.1000003814697,-11.6999998092651,392,35.4932327270508,69
212,0,4.5625,27.1000003814697,-11.6999998092651,392,35.4932327270508,69
212,0,4.5625,27.1000003814697,-11.6999998092651,392,35.4932327270508,69
212,1,4.5625,27.1000003814697,-11.6999998092651,392,35.4932327270508,69
212,1,4.5625,27.1000003814697,-11.6999998092651,392,35.4932327270508,69
212,1,4.5625,27.1000003814697,-11.6999998092651,392,35.4932327270508,69
212,1,4.5625,27.1000003814697,-11.6999998092651,392,35.4932327270508,69
212,2,4.5625,27.1000003814697,-11.6999998092651,392,35.4932327270508,69
212,2,4.5625,27.1000003814697,-11.6999998092651,392,35.4932327270508,69
212,2,4.5625,27.1000003814697,-11.6999998092651,392,35.4932327270508,69
212,2,4.5625,27.1000003814697,-11.6999998092651,392,35.4932327270508,69
213,0,4.8125,25.7999992370605,-9.39999961853027,557,38.9544525146484,88
213,0,4.8125,25.7999992370605,-9.39999961853027,557,38.9544525146484,88
213,0,4.8125,25.7999992370605,-9.39999961853027,557,38.9544525146484,88
213,0,4.8125,25.7999992370605,-9.39999961853027,557,38.9544525146484,88
213,1,4.8125,25.7999992370605,-9.39999961853027,557,38.9544525146484,88
213,1,4.8125,25.7999992370605,-9.39999961853027,557,38.9544525146484,88
213,1,4.8125,25.7999992370605,-9.39999961853027,557,38.9544525146484,88
213,1,4.8125,25.7999992370605,-9.39999961853027,557,38.9544525146484,88
213,2,4.8125,25.7999992370605,-9.39999961853027,557,38.9544525146484,88
213,2,4.8125,25.7999992370605,-9.39999961853027,557,38.9544525146484,88
213,2,4.8125,25.7999992370605,-9.39999961853027,557,38.9544525146484,88
213,2,4.8125,25.7999992370605,-9.39999961853027,557,38.9544525146484,88
214,0,4.48750019073486,26.8999996185303,-11.5,417,34.7763519287109,60
214,0,4.48750019073486,26.8999996185303,-11.5,417,34.7763519287109,60
214,0,4.48750019073486,26.8999996185303,-11.5,417,34.7763519287109,60
214,0,4.48750019073486,26.8999996185303,-11.5,417,34.7763519287109,60
214,1,4.48750019073486,26.8999996185303,-11.5,417,34.7763519287109,60
214,1,4.48750019073486,26.8999996185303,-11.5,417,34.7763519287109,60
214,1,4.48750019073486,26.8999996185303,-11.5,417,34.7763519287109,60
214,1,4.48750019073486,26.8999996185303,-11.5,417,34.7763519287109,60
214,2,4.48750019073486,26.8999996185303,-11.5,417,34.7763519287109,60
214,2,4.48750019073486,26.8999996185303,-11.5,417,34.7763519287109,60
214,2,4.48750019073486,26.8999996185303,-11.5,417,34.7763519287109,60
214,2,4.48750019073486,26.8999996185303,-11.5,417,34.7763519287109,60
215,0,2.94999980926514,23,-10.3000001907349,621,38.6919479370117,80
215,0,2.94999980926514,23,-10.3000001907349,621,38.6919479370117,80
215,0,2.94999980926514,23,-10.3000001907349,621,38.6919479370117,80
215,0,2.94999980926514,23,-10.3000001907349,621,38.6919479370117,80
215,1,2.94999980926514,23,-10.3000001907349,621,38.6919479370117,80
215,1,2.94999980926514,23,-10.3000001907349,621,38.6919479370117,80
215,1,2.94999980926514,23,-10.3000001907349,621,38.6919479370117,80
215,1,2.94999980926514,23,-10.3000001907349,621,38.6919479370117,80
215,2,2.94999980926514,23,-10.3000001907349,621,38.6919479370117,80
215,2,2.94999980926514,23,-10.3000001907349,621,38.6919479370117,80
215,2,2.94999980926514,23,-10.3000001907349,621,38.6919479370117,80
215,2,2.94999980926514,23,-10.3000001907349,621,38.6919479370117,80
216,0,5.58333349227905,26.8999996185303,-8.5,466,33.0430755615234,66
216,0,5.58333349227905,26.8999996185303,-8.5,466,33.0430755615234,66
216,0,5.58333349227905,26.8999996185303,-8.5,466,33.0430755615234,66
216,0,5.58333349227905,26.8999996185303,-8.5,466,33.0430755615234,66
216,1,5.58333349227905,26.8999996185303,-8.5,466,33.0430755615234,66
216,1,5.58333349227905,26.8999996185303,-8.5,466,33.0430755615234,66
216,1,5.58333349227905,26.8999996185303,-8.5,466,33.0430755615234,66
216,1,5.58333349227905,26.8999996185303,-8.5,466,33.0430755615234,66
216,2,5.58333349227905,26.8999996185303,-8.5,466,33.0430755615234,66
216,2,5.58333349227905,26.8999996185303,-8.5,466,33.0430755615234,66
216,2,5.58333349227905,26.8999996185303,-8.5,466,33.0430755615234,66
216,2,5.58333349227905,26.8999996185303,-8.5,466,33.0430755615234,66
217,0,5.60833311080933,26.2999992370606,-8.30000019073486,375,29.5092449188232,70
217,0,5.60833311080933,26.2999992370606,-8.30000019073486,375,29.5092449188232,70
217,0,5.60833311080933,26.2999992370606,-8.30000019073486,375,29.5092449188232,70
217,0,5.60833311080933,26.2999992370606,-8.30000019073486,375,29.5092449188232,70
217,1,5.60833311080933,26.2999992370606,-8.30000019073486,375,29.5092449188232,70
217,1,5.60833311080933,26.2999992370606,-8.30000019073486,375,29.5092449188232,70
217,1,5.60833311080933,26.2999992370606,-8.30000019073486,375,29.5092449188232,70
217,1,5.60833311080933,26.2999992370606,-8.30000019073486,375,29.5092449188232,70
217,2,5.60833311080933,26.2999992370606,-8.30000019073486,375,29.5092449188232,70
217,2,5.60833311080933,26.2999992370606,-8.30000019073486,375,29.5092449188232,70
217,2,5.60833311080933,26.2999992370606,-8.30000019073486,375,29.5092449188232,70
217,2,5.60833311080933,26.2999992370606,-8.30000019073486,375,29.5092449188232,70
218,0,4.50416660308838,25.3999996185303,-9.19999980926514,490,36.2073860168457,68
218,0,4.50416660308838,25.3999996185303,-9.19999980926514,490,36.2073860168457,68
218,0,4.50416660308838,25.3999996185303,-9.19999980926514,490,36.2073860168457,68
218,0,4.50416660308838,25.3999996185303,-9.19999980926514,490,36.2073860168457,68
218,1,4.50416660308838,25.3999996185303,-9.19999980926514,490,36.2073860168457,68
218,1,4.50416660308838,25.3999996185303,-9.19999980926514,490,36.2073860168457,68
218,1,4.50416660308838,25.3999996185303,-9.19999980926514,490,36.2073860168457,68
218,1,4.50416660308838,25.3999996185303,-9.19999980926514,490,36.2073860168457,68
218,2,4.50416660308838,25.3999996185303,-9.19999980926514,490,36.2073860168457,68
218,2,4.50416660308838,25.3999996185303,-9.19999980926514,490,36.2073860168457,68
218,2,4.50416660308838,25.3999996185303,-9.19999980926514,490,36.2073860168457,68
218,2,4.50416660308838,25.3999996185303,-9.19999980926514,490,36.2073860168457,68
219,0,5.47916650772095,26,-8.19999980926514,351,31.3019790649414,53
219,0,5.47916650772095,26,-8.19999980926514,351,31.3019790649414,53
219,0,5.47916650772095,26,-8.19999980926514,351,31.3019790649414,53
219,0,5.47916650772095,26,-8.19999980926514,351,31.3019790649414,53
219,1,5.47916650772095,26,-8.19999980926514,351,31.3019790649414,53
219,1,5.47916650772095,26,-8.19999980926514,351,31.3019790649414,53
219,1,5.47916650772095,26,-8.19999980926514,351,31.3019790649414,53
219,1,5.47916650772095,26,-8.19999980926514,351,31.3019790649414,53
219,2,5.47916650772095,26,-8.19999980926514,351,31.3019790649414,53
219,2,5.47916650772095,26,-8.19999980926514,351,31.3019790649414,53
219,2,5.47916650772095,26,-8.19999980926514,351,31.3019790649414,53
219,2,5.47916650772095,26,-8.19999980926514,351,31.3019790649414,53
220,0,5.42500019073486,25.7999992370605,-7.80000019073486,387,31.2056846618652,59
220,0,5.42500019073486,25.7999992370605,-7.80000019073486,387,31.2056846618652,59
220,0,5.42500019073486,25.7999992370605,-7.80000019073486,387,31.2056846618652,59
220,0,5.42500019073486,25.7999992370605,-7.80000019073486,387,31.2056846618652,59
220,1,5.42500019073486,25.7999992370605,-7.80000019073486,387,31.2056846618652,59
220,1,5.42500019073486,25.7999992370605,-7.80000019073486,387,31.2056846618652,59
220,1,5.42500019073486,25.7999992370605,-7.80000019073486,387,31.2056846618652,59
220,1,5.42500019073486,25.7999992370605,-7.80000019073486,387,31.2056846618652,59
220,2,5.42500019073486,25.7999992370605,-7.80000019073486,387,31.2056846618652,59
220,2,5.42500019073486,25.7999992370605,-7.80000019073486,387,31.2056846618652,59
220,2,5.42500019073486,25.7999992370605,-7.80000019073486,387,31.2056846618652,59
220,2,5.42500019073486,25.7999992370605,-7.80000019073486,387,31.2056846618652,59
221,0,3.34583330154419,23.5,-9.89999961853027,547,37.7903823852539,72
221,0,3.34583330154419,23.5,-9.89999961853027,547,37.7903823852539,72
221,0,3.34583330154419,23.5,-9.89999961853027,547,37.7903823852539,72
221,0,3.34583330154419,23.5,-9.89999961853027,547,37.7903823852539,72
221,1,3.34583330154419,23.5,-9.89999961853027,547,37.7903823852539,72
221,1,3.34583330154419,23.5,-9.89999961853027,547,37.7903823852539,72
221,1,3.34583330154419,23.5,-9.89999961853027,547,37.7903823852539,72
221,1,3.34583330154419,23.5,-9.89999961853027,547,37.7903823852539,72
221,2,3.34583330154419,23.5,-9.89999961853027,547,37.7903823852539,72
221,2,3.34583330154419,23.5,-9.89999961853027,547,37.7903823852539,72
221,2,3.34583330154419,23.5,-9.89999961853027,547,37.7903823852539,72
221,2,3.34583330154419,23.5,-9.89999961853027,547,37.7903823852539,72
222,0,5.22499990463257,26.7000007629395,-8.80000019073486,466,36.8157615661621,65
222,0,5.22499990463257,26.7000007629395,-8.80000019073486,466,36.8157615661621,65
222,0,5.22499990463257,26.7000007629395,-8.80000019073486,466,36.8157615661621,65
222,0,5.22499990463257,26.7000007629395,-8.80000019073486,466,36.8157615661621,65
222,1,5.22499990463257,26.7000007629395,-8.80000019073486,466,36.8157615661621,65
222,1,5.22499990463257,26.7000007629395,-8.80000019073486,466,36.8157615661621,65
222,1,5.22499990463257,26.7000007629395,-8.80000019073486,466,36.8157615661621,65
222,1,5.22499990463257,26.7000007629395,-8.80000019073486,466,36.8157615661621,65
222,2,5.22499990463257,26.7000007629395,-8.80000019073486,466,36.8157615661621,65
222,2,5.22499990463257,26.7000007629395,-8.80000019073486,466,36.8157615661621,65
222,2,5.22499990463257,26.7000007629395,-8.80000019073486,466,36.8157615661621,65
222,2,5.22499990463257,26.7000007629395,-8.80000019073486,466,36.8157615661621,65
223,0,4.7000002861023,26.6000003814697,-10.5,488,39.3340950012207,67
223,0,4.7000002861023,26.6000003814697,-10.5,488,39.3340950012207,67
223,0,4.7000002861023,26.6000003814697,-10.5,488,39.3340950012207,67
223,0,4.7000002861023,26.6000003814697,-10.5,488,39.3340950012207,67
223,1,4.7000002861023,26.6000003814697,-10.5,488,39.3340950012207,67
223,1,4.7000002861023,26.6000003814697,-10.5,488,39.3340950012207,67
223,1,4.7000002861023,26.6000003814697,-10.5,488,39.3340950012207,67
223,1,4.7000002861023,26.6000003814697,-10.5,488,39.3340950012207,67
223,2,4.7000002861023,26.6000003814697,-10.5,488,39.3340950012207,67
223,2,4.7000002861023,26.6000003814697,-10.5,488,39.3340950012207,67
223,2,4.7000002861023,26.6000003814697,-10.5,488,39.3340950012207,67
223,2,4.7000002861023,26.6000003814697,-10.5,488,39.3340950012207,67
224,0,4.26249980926514,25.5,-10.1000003814697,437,38.0439376831055,62
224,0,4.26249980926514,25.5,-10.1000003814697,437,38.0439376831055,62
224,0,4.26249980926514,25.5,-10.1000003814697,437,38.0439376831055,62
224,0,4.26249980926514,25.5,-10.1000003814697,437,38.0439376831055,62
224,1,4.26249980926514,25.5,-10.1000003814697,437,38.0439376831055,62
224,1,4.26249980926514,25.5,-10.1000003814697,437,38.0439376831055,62
224,1,4.26249980926514,25.5,-10.1000003814697,437,38.0439376831055,62
224,1,4.26249980926514,25.5,-10.1000003814697,437,38.0439376831055,62
224,2,4.26249980926514,25.5,-10.1000003814697,437,38.0439376831055,62
224,2,4.26249980926514,25.5,-10.1000003814697,437,38.0439376831055,62
224,2,4.26249980926514,25.5,-10.1000003814697,437,38.0439376831055,62
224,2,4.26249980926514,25.5,-10.1000003814697,437,38.0439376831055,62
225,0,4.50833320617676,26.1000003814697,-10.3999996185303,494,38.5440444946289,83
225,0,4.50833320617676,26.1000003814697,-10.3999996185303,494,38.5440444946289,83
225,0,4.50833320617676,26.1000003814697,-10.3999996185303,494,38.5440444946289,83
225,0,4.50833320617676,26.1000003814697,-10.3999996185303,494,38.5440444946289,83
225,1,4.50833320617676,26.1000003814697,-10.3999996185303,494,38.5440444946289,83
225,1,4.50833320617676,26.1000003814697,-10.3999996185303,494,38.5440444946289,83
225,1,4.50833320617676,26.1000003814697,-10.3999996185303,494,38.5440444946289,83
225,1,4.50833320617676,26.1000003814697,-10.3999996185303,494,38.5440444946289,83
225,2,4.50833320617676,26.1000003814697,-10.3999996185303,494,38.5440444946289,83
225,2,4.50833320617676,26.1000003814697,-10.3999996185303,494,38.5440444946289,83
225,2,4.50833320617676,26.1000003814697,-10.3999996185303,494,38.5440444946289,83
225,2,4.50833320617676,26.1000003814697,-10.3999996185303,494,38.5440444946289,83
226,0,4.03333330154419,25,-10.1000003814697,572,38.0536460876465,92
226,0,4.03333330154419,25,-10.1000003814697,572,38.0536460876465,92
226,0,4.03333330154419,25,-10.1000003814697,572,38.0536460876465,92
226,0,4.03333330154419,25,-10.1000003814697,572,38.0536460876465,92
226,1,4.03333330154419,25,-10.1000003814697,572,38.0536460876465,92
226,1,4.03333330154419,25,-10.1000003814697,572,38.0536460876465,92
226,1,4.03333330154419,25,-10.1000003814697,572,38.0536460876465,92
226,1,4.03333330154419,25,-10.1000003814697,572,38.0536460876465,92
226,2,4.03333330154419,25,-10.1000003814697,572,38.0536460876465,92
226,2,4.03333330154419,25,-10.1000003814697,572,38.0536460876465,92
226,2,4.03333330154419,25,-10.1000003814697,572,38.0536460876465,92
226,2,4.03333330154419,25,-10.1000003814697,572,38.0536460876465,92
227,0,6.11666679382324,27.8999996185303,-8.80000019073486,340,29.8734188079834,52
227,0,6.11666679382324,27.8999996185303,-8.80000019073486,340,29.8734188079834,52
227,0,6.11666679382324,27.8999996185303,-8.80000019073486,340,29.8734188079834,52
227,0,6.11666679382324,27.8999996185303,-8.80000019073486,340,29.8734188079834,52
227,1,6.11666679382324,27.8999996185303,-8.80000019073486,340,29.8734188079834,52
227,1,6.11666679382324,27.8999996185303,-8.80000019073486,340,29.8734188079834,52
227,1,6.11666679382324,27.8999996185303,-8.80000019073486,340,29.8734188079834,52
227,1,6.11666679382324,27.8999996185303,-8.80000019073486,340,29.8734188079834,52
227,2,6.11666679382324,27.8999996185303,-8.80000019073486,340,29.8734188079834,52
227,2,6.11666679382324,27.8999996185303,-8.80000019073486,340,29.8734188079834,52
227,2,6.11666679382324,27.8999996185303,-8.80000019073486,340,29.8734188079834,52
227,2,6.11666679382324,27.8999996185303,-8.80000019073486,340,29.8734188079834,52
228,0,4.74166679382324,25.7000007629395,-8.69999980926514,534,36.4584732055664,72
228,0,4.74166679382324,25.7000007629395,-8.69999980926514,534,36.4584732055664,72
228,0,4.74166679382324,25.7000007629395,-8.69999980926514,534,36.4584732055664,72
228,0,4.74166679382324,25.7000007629395,-8.69999980926514,534,36.4584732055664,72
228,1,4.74166679382324,25.7000007629395,-8.69999980926514,534,36.4584732055664,72
228,1,4.74166679382324,25.7000007629395,-8.69999980926514,534,36.4584732055664,72
228,1,4.74166679382324,25.7000007629395,-8.69999980926514,534,36.4584732055664,72
228,1,4.74166679382324,25.7000007629395,-8.69999980926514,534,36.4584732055664,72
228,2,4.74166679382324,25.7000007629395,-8.69999980926514,534,36.4584732055664,72
228,2,4.74166679382324,25.7000007629395,-8.69999980926514,534,36.4584732055664,72
228,2,4.74166679382324,25.7000007629395,-8.69999980926514,534,36.4584732055664,72
228,2,4.74166679382324,25.7000007629395,-8.69999980926514,534,36.4584732055664,72
229,0,4.80000019073486,25.2000007629395,-8.30000019073486,496,33.8041229248047,69
229,0,4.80000019073486,25.2000007629395,-8.30000019073486,496,33.8041229248047,69
229,0,4.80000019073486,25.2000007629395,-8.30000019073486,496,33.8041229248047,69
229,0,4.80000019073486,25.2000007629395,-8.30000019073486,496,33.8041229248047,69
229,1,4.80000019073486,25.2000007629395,-8.30000019073486,496,33.8041229248047,69
229,1,4.80000019073486,25.2000007629395,-8.30000019073486,496,33.8041229248047,69
229,1,4.80000019073486,25.2000007629395,-8.30000019073486,496,33.8041229248047,69
229,1,4.80000019073486,25.2000007629395,-8.30000019073486,496,33.8041229248047,69
229,2,4.80000019073486,25.2000007629395,-8.30000019073486,496,33.8041229248047,69
229,2,4.80000019073486,25.2000007629395,-8.30000019073486,496,33.8041229248047,69
229,2,4.80000019073486,25.2000007629395,-8.30000019073486,496,33.8041229248047,69
229,2,4.80000019073486,25.2000007629395,-8.30000019073486,496,33.8041229248047,69
230,0,6.44583320617676,27.5,-7.69999980926514,340,28.9027366638184,65
230,0,6.44583320617676,27.5,-7.69999980926514,340,28.9027366638184,65
230,0,6.44583320617676,27.5,-7.69999980926514,340,28.9027366638184,65
230,0,6.44583320617676,27.5,-7.69999980926514,340,28.9027366638184,65
230,1,6.44583320617676,27.5,-7.69999980926514,340,28.9027366638184,65
230,1,6.44583320617676,27.5,-7.69999980926514,340,28.9027366638184,65
230,1,6.44583320617676,27.5,-7.69999980926514,340,28.9027366638184,65
230,1,6.44583320617676,27.5,-7.69999980926514,340,28.9027366638184,65
230,2,6.44583320617676,27.5,-7.69999980926514,340,28.9027366638184,65
230,2,6.44583320617676,27.5,-7.69999980926514,340,28.9027366638184,65
230,2,6.44583320617676,27.5,-7.69999980926514,340,28.9027366638184,65
230,2,6.44583320617676,27.5,-7.69999980926514,340,28.9027366638184,65
231,0,4.27916669845581,24.7000007629395,-9,435,33.4935340881348,61
231,0,4.27916669845581,24.7000007629395,-9,435,33.4935340881348,61
231,0,4.27916669845581,24.7000007629395,-9,435,33.4935340881348,61
231,0,4.27916669845581,24.7000007629395,-9,435,33.4935340881348,61
231,1,4.27916669845581,24.7000007629395,-9,435,33.4935340881348,61
231,1,4.27916669845581,24.7000007629395,-9,435,33.4935340881348,61
231,1,4.27916669845581,24.7000007629395,-9,435,33.4935340881348,61
231,1,4.27916669845581,24.7000007629395,-9,435,33.4935340881348,61
231,2,4.27916669845581,24.7000007629395,-9,435,33.4935340881348,61
231,2,4.27916669845581,24.7000007629395,-9,435,33.4935340881348,61
231,2,4.27916669845581,24.7000007629395,-9,435,33.4935340881348,61
231,2,4.27916669845581,24.7000007629395,-9,435,33.4935340881348,61
232,0,6.46250009536743,27.6000003814697,-8.19999980926514,438,31.4806346893311,79
232,0,6.46250009536743,27.6000003814697,-8.19999980926514,438,31.4806346893311,79
232,0,6.46250009536743,27.6000003814697,-8.19999980926514,438,31.4806346893311,79
232,0,6.46250009536743,27.6000003814697,-8.19999980926514,438,31.4806346893311,79
232,1,6.46250009536743,27.6000003814697,-8.19999980926514,438,31.4806346893311,79
232,1,6.46250009536743,27.6000003814697,-8.19999980926514,438,31.4806346893311,79
232,1,6.46250009536743,27.6000003814697,-8.19999980926514,438,31.4806346893311,79
232,1,6.46250009536743,27.6000003814697,-8.19999980926514,438,31.4806346893311,79
232,2,6.46250009536743,27.6000003814697,-8.19999980926514,438,31.4806346893311,79
232,2,6.46250009536743,27.6000003814697,-8.19999980926514,438,31.4806346893311,79
232,2,6.46250009536743,27.6000003814697,-8.19999980926514,438,31.4806346893311,79
232,2,6.46250009536743,27.6000003814697,-8.19999980926514,438,31.4806346893311,79
233,0,4.09166669845581,25.5,-10.6000003814697,439,36.7015419006348,61
233,0,4.09166669845581,25.5,-10.6000003814697,439,36.7015419006348,61
233,0,4.09166669845581,25.5,-10.6000003814697,439,36.7015419006348,61
233,0,4.09166669845581,25.5,-10.6000003814697,439,36.7015419006348,61
233,1,4.09166669845581,25.5,-10.6000003814697,439,36.7015419006348,61
233,1,4.09166669845581,25.5,-10.6000003814697,439,36.7015419006348,61
233,1,4.09166669845581,25.5,-10.6000003814697,439,36.7015419006348,61
233,1,4.09166669845581,25.5,-10.6000003814697,439,36.7015419006348,61
233,2,4.09166669845581,25.5,-10.6000003814697,439,36.7015419006348,61
233,2,4.09166669845581,25.5,-10.6000003814697,439,36.7015419006348,61
233,2,4.09166669845581,25.5,-10.6000003814697,439,36.7015419006348,61
233,2,4.09166669845581,25.5,-10.6000003814697,439,36.7015419006348,61
234,0,4.18333339691162,25.7000007629395,-10.3000001907349,494,38.1440162658691,67
234,0,4.18333339691162,25.7000007629395,-10.3000001907349,494,38.1440162658691,67
234,0,4.18333339691162,25.7000007629395,-10.3000001907349,494,38.1440162658691,67
234,0,4.18333339691162,25.7000007629395,-10.3000001907349,494,38.1440162658691,67
234,1,4.18333339691162,25.7000007629395,-10.3000001907349,494,38.1440162658691,67
234,1,4.18333339691162,25.7000007629395,-10.3000001907349,494,38.1440162658691,67
234,1,4.18333339691162,25.7000007629395,-10.3000001907349,494,38.1440162658691,67
234,1,4.18333339691162,25.7000007629395,-10.3000001907349,494,38.1440162658691,67
234,2,4.18333339691162,25.7000007629395,-10.3000001907349,494,38.1440162658691,67
234,2,4.18333339691162,25.7000007629395,-10.3000001907349,494,38.1440162658691,67
234,2,4.18333339691162,25.7000007629395,-10.3000001907349,494,38.1440162658691,67
234,2,4.18333339691162,25.7000007629395,-10.3000001907349,494,38.1440162658691,67
235,0,3.09166669845581,23,-9.89999961853027,620,38.5684318542481,78
235,0,3.09166669845581,23,-9.89999961853027,620,38.5684318542481,78
235,0,3.09166669845581,23,-9.89999961853027,620,38.5684318542481,78
235,0,3.09166669845581,23,-9.89999961853027,620,38.5684318542481,78
235,1,3.09166669845581,23,-9.89999961853027,620,38.5684318542481,78
235,1,3.09166669845581,23,-9.89999961853027,620,38.5684318542481,78
235,1,3.09166669845581,23,-9.89999961853027,620,38.5684318542481,78
235,1,3.09166669845581,23,-9.89999961853027,620,38.5684318542481,78
235,2,3.09166669845581,23,-9.89999961853027,620,38.5684318542481,78
235,2,3.09166669845581,23,-9.89999961853027,620,38.5684318542481,78
235,2,3.09166669845581,23,-9.89999961853027,620,38.5684318542481,78
235,2,3.09166669845581,23,-9.89999961853027,620,38.5684318542481,78
236,0,5.04583358764648,25.1000003814697,-7.69999980926514,478,34.4733810424805,66
236,0,5.04583358764648,25.1000003814697,-7.69999980926514,478,34.4733810424805,66
236,0,5.04583358764648,25.1000003814697,-7.69999980926514,478,34.4733810424805,66
236,0,5.04583358764648,25.1000003814697,-7.69999980926514,478,34.4733810424805,66
236,1,5.04583358764648,25.1000003814697,-7.69999980926514,478,34.4733810424805,66
236,1,5.04583358764648,25.1000003814697,-7.69999980926514,478,34.4733810424805,66
236,1,5.04583358764648,25.1000003814697,-7.69999980926514,478,34.4733810424805,66
236,1,5.04583358764648,25.1000003814697,-7.69999980926514,478,34.4733810424805,66
236,2,5.04583358764648,25.1000003814697,-7.69999980926514,478,34.4733810424805,66
236,2,5.04583358764648,25.1000003814697,-7.69999980926514,478,34.4733810424805,66
236,2,5.04583358764648,25.1000003814697,-7.69999980926514,478,34.4733810424805,66
236,2,5.04583358764648,25.1000003814697,-7.69999980926514,478,34.4733810424805,66
237,0,4.40416669845581,24.8999996185303,-9.19999980926514,409,32.1668815612793,59
237,0,4.40416669845581,24.8999996185303,-9.19999980926514,409,32.1668815612793,59
237,0,4.40416669845581,24.8999996185303,-9.19999980926514,409,32.1668815612793,59
237,0,4.40416669845581,24.8999996185303,-9.19999980926514,409,32.1668815612793,59
237,1,4.40416669845581,24.8999996185303,-9.19999980926514,409,32.1668815612793,59
237,1,4.40416669845581,24.8999996185303,-9.19999980926514,409,32.1668815612793,59
237,1,4.40416669845581,24.8999996185303,-9.19999980926514,409,32.1668815612793,59
237,1,4.40416669845581,24.8999996185303,-9.19999980926514,409,32.1668815612793,59
237,2,4.40416669845581,24.8999996185303,-9.19999980926514,409,32.1668815612793,59
237,2,4.40416669845581,24.8999996185303,-9.19999980926514,409,32.1668815612793,59
237,2,4.40416669845581,24.8999996185303,-9.19999980926514,409,32.1668815612793,59
237,2,4.40416669845581,24.8999996185303,-9.19999980926514,409,32.1668815612793,59
238,0,2.89999985694885,22.5,-9.69999980926514,649,39.6190605163574,79
238,0,2.89999985694885,22.5,-9.69999980926514,649,39.6190605163574,79
238,0,2.89999985694885,22.5,-9.69999980926514,649,39.6190605163574,79
238,0,2.89999985694885,22.5,-9.69999980926514,649,39.6190605163574,79
238,1,2.89999985694885,22.5,-9.69999980926514,649,39.6190605163574,79
238,1,2.89999985694885,22.5,-9.69999980926514,649,39.6190605163574,79
238,1,2.89999985694885,22.5,-9.69999980926514,649,39.6190605163574,79
238,1,2.89999985694885,22.5,-9.69999980926514,649,39.6190605163574,79
238,2,2.89999985694885,22.5,-9.69999980926514,649,39.6190605163574,79
238,2,2.89999985694885,22.5,-9.69999980926514,649,39.6190605163574,79
238,2,2.89999985694885,22.5,-9.69999980926514,649,39.6190605163574,79
238,2,2.89999985694885,22.5,-9.69999980926514,649,39.6190605163574,79
239,0,2.28333330154419,22.6000003814697,-11,568,36.739917755127,76
239,0,2.28333330154419,22.6000003814697,-11,568,36.739917755127,76
239,0,2.28333330154419,22.6000003814697,-11,568,36.739917755127,76
239,0,2.28333330154419,22.6000003814697,-11,568,36.739917755127,76
239,1,2.28333330154419,22.6000003814697,-11,568,36.739917755127,76
239,1,2.28333330154419,22.6000003814697,-11,568,36.739917755127,76
239,1,2.28333330154419,22.6000003814697,-11,568,36.739917755127,76
239,1,2.28333330154419,22.6000003814697,-11,568,36.739917755127,76
239,2,2.28333330154419,22.6000003814697,-11,568,36.739917755127,76
239,2,2.28333330154419,22.6000003814697,-11,568,36.739917755127,76
239,2,2.28333330154419,22.6000003814697,-11,568,36.739917755127,76
239,2,2.28333330154419,22.6000003814697,-11,568,36.739917755127,76
240,0,6.57083320617676,26.1000003814697,-6.30000019073486,475,35.0124168395996,63
240,0,6.57083320617676,26.1000003814697,-6.30000019073486,475,35.0124168395996,63
240,0,6.57083320617676,26.1000003814697,-6.30000019073486,475,35.0124168395996,63
240,0,6.57083320617676,26.1000003814697,-6.30000019073486,475,35.0124168395996,63
240,1,6.57083320617676,26.1000003814697,-6.30000019073486,475,35.0124168395996,63
240,1,6.57083320617676,26.1000003814697,-6.30000019073486,475,35.0124168395996,63
240,1,6.57083320617676,26.1000003814697,-6.30000019073486,475,35.0124168395996,63
240,1,6.57083320617676,26.1000003814697,-6.30000019073486,475,35.0124168395996,63
240,2,6.57083320617676,26.1000003814697,-6.30000019073486,475,35.0124168395996,63
240,2,6.57083320617676,26.1000003814697,-6.30000019073486,475,35.0124168395996,63
240,2,6.57083320617676,26.1000003814697,-6.30000019073486,475,35.0124168395996,63
240,2,6.57083320617676,26.1000003814697,-6.30000019073486,475,35.0124168395996,63
241,0,6.19583320617676,26.6000003814697,-7.5,409,30.274299621582,72
241,0,6.19583320617676,26.6000003814697,-7.5,409,30.274299621582,72
241,0,6.19583320617676,26.6000003814697,-7.5,409,30.274299621582,72
241,0,6.19583320617676,26.6000003814697,-7.5,409,30.274299621582,72
241,1,6.19583320617676,26.6000003814697,-7.5,409,30.274299621582,72
241,1,6.19583320617676,26.6000003814697,-7.5,409,30.274299621582,72
241,1,6.19583320617676,26.6000003814697,-7.5,409,30.274299621582,72
241,1,6.19583320617676,26.6000003814697,-7.5,409,30.274299621582,72
241,2,6.19583320617676,26.6000003814697,-7.5,409,30.274299621582,72
241,2,6.19583320617676,26.6000003814697,-7.5,409,30.274299621582,72
241,2,6.19583320617676,26.6000003814697,-7.5,409,30.274299621582,72
241,2,6.19583320617676,26.6000003814697,-7.5,409,30.274299621582,72
242,0,5.08750009536743,27.1000003814697,-9.60000038146973,445,36.011417388916,62
242,0,5.08750009536743,27.1000003814697,-9.60000038146973,445,36.011417388916,62
242,0,5.08750009536743,27.1000003814697,-9.60000038146973,445,36.011417388916,62
242,0,5.08750009536743,27.1000003814697,-9.60000038146973,445,36.011417388916,62
242,1,5.08750009536743,27.1000003814697,-9.60000038146973,445,36.011417388916,62
242,1,5.08750009536743,27.1000003814697,-9.60000038146973,445,36.011417388916,62
242,1,5.08750009536743,27.1000003814697,-9.60000038146973,445,36.011417388916,62
242,1,5.08750009536743,27.1000003814697,-9.60000038146973,445,36.011417388916,62
242,2,5.08750009536743,27.1000003814697,-9.60000038146973,445,36.011417388916,62
242,2,5.08750009536743,27.1000003814697,-9.60000038146973,445,36.011417388916,62
242,2,5.08750009536743,27.1000003814697,-9.60000038146973,445,36.011417388916,62
242,2,5.08750009536743,27.1000003814697,-9.60000038146973,445,36.011417388916,62
243,0,5.72916650772095,26.3999996185303,-8,362,30.2488384246826,55
243,0,5.72916650772095,26.3999996185303,-8,362,30.2488384246826,55
243,0,5.72916650772095,26.3999996185303,-8,362,30.2488384246826,55
243,0,5.72916650772095,26.3999996185303,-8,362,30.2488384246826,55
243,1,5.72916650772095,26.3999996185303,-8,362,30.2488384246826,55
243,1,5.72916650772095,26.3999996185303,-8,362,30.2488384246826,55
243,1,5.72916650772095,26.3999996185303,-8,362,30.2488384246826,55
243,1,5.72916650772095,26.3999996185303,-8,362,30.2488384246826,55
243,2,5.72916650772095,26.3999996185303,-8,362,30.2488384246826,55
243,2,5.72916650772095,26.3999996185303,-8,362,30.2488384246826,55
243,2,5.72916650772095,26.3999996185303,-8,362,30.2488384246826,55
243,2,5.72916650772095,26.3999996185303,-8,362,30.2488384246826,55
244,0,4.01249980926514,25.2999992370606,-10.3000001907349,577,37.701847076416,73
244,0,4.01249980926514,25.2999992370606,-10.3000001907349,577,37.701847076416,73
244,0,4.01249980926514,25.2999992370606,-10.3000001907349,577,37.701847076416,73
244,0,4.01249980926514,25.2999992370606,-10.3000001907349,577,37.701847076416,73
244,1,4.01249980926514,25.2999992370606,-10.3000001907349,577,37.701847076416,73
244,1,4.01249980926514,25.2999992370606,-10.3000001907349,577,37.701847076416,73
244,1,4.01249980926514,25.2999992370606,-10.3000001907349,577,37.701847076416,73
244,1,4.01249980926514,25.2999992370606,-10.3000001907349,577,37.701847076416,73
244,2,4.01249980926514,25.2999992370606,-10.3000001907349,577,37.701847076416,73
244,2,4.01249980926514,25.2999992370606,-10.3000001907349,577,37.701847076416,73
244,2,4.01249980926514,25.2999992370606,-10.3000001907349,577,37.701847076416,73
244,2,4.01249980926514,25.2999992370606,-10.3000001907349,577,37.701847076416,73
245,0,4.37916660308838,26.5,-11.3000001907349,419,36.3301239013672,60
245,0,4.37916660308838,26.5,-11.3000001907349,419,36.3301239013672,60
245,0,4.37916660308838,26.5,-11.3000001907349,419,36.3301239013672,60
245,0,4.37916660308838,26.5,-11.3000001907349,419,36.3301239013672,60
245,1,4.37916660308838,26.5,-11.3000001907349,419,36.3301239013672,60
245,1,4.37916660308838,26.5,-11.3000001907349,419,36.3301239013672,60
245,1,4.37916660308838,26.5,-11.3000001907349,419,36.3301239013672,60
245,1,4.37916660308838,26.5,-11.3000001907349,419,36.3301239013672,60
245,2,4.37916660308838,26.5,-11.3000001907349,419,36.3301239013672,60
245,2,4.37916660308838,26.5,-11.3000001907349,419,36.3301239013672,60
245,2,4.37916660308838,26.5,-11.3000001907349,419,36.3301239013672,60
245,2,4.37916660308838,26.5,-11.3000001907349,419,36.3301239013672,60
246,0,4.13749980926514,23.7000007629395,-8.5,610,40.0890808105469,74
246,0,4.13749980926514,23.7000007629395,-8.5,610,40.0890808105469,74
246,0,4.13749980926514,23.7000007629395,-8.5,610,40.0890808105469,74
246,0,4.13749980926514,23.7000007629395,-8.5,610,40.0890808105469,74
246,1,4.13749980926514,23.7000007629395,-8.5,610,40.0890808105469,74
246,1,4.13749980926514,23.7000007629395,-8.5,610,40.0890808105469,74
246,1,4.13749980926514,23.7000007629395,-8.5,610,40.0890808105469,74
246,1,4.13749980926514,23.7000007629395,-8.5,610,40.0890808105469,74
246,2,4.13749980926514,23.7000007629395,-8.5,610,40.0890808105469,74
246,2,4.13749980926514,23.7000007629395,-8.5,610,40.0890808105469,74
246,2,4.13749980926514,23.7000007629395,-8.5,610,40.0890808105469,74
246,2,4.13749980926514,23.7000007629395,-8.5,610,40.0890808105469,74
247,0,4.84166669845581,26.7000007629395,-10.5,392,30.9547214508057,60
247,0,4.84166669845581,26.7000007629395,-10.5,392,30.9547214508057,60
247,0,4.84166669845581,26.7000007629395,-10.5,392,30.9547214508057,60
247,0,4.84166669845581,26.7000007629395,-10.5,392,30.9547214508057,60
247,1,4.84166669845581,26.7000007629395,-10.5,392,30.9547214508057,60
247,1,4.84166669845581,26.7000007629395,-10.5,392,30.9547214508057,60
247,1,4.84166669845581,26.7000007629395,-10.5,392,30.9547214508057,60
247,1,4.84166669845581,26.7000007629395,-10.5,392,30.9547214508057,60
247,2,4.84166669845581,26.7000007629395,-10.5,392,30.9547214508057,60
247,2,4.84166669845581,26.7000007629395,-10.5,392,30.9547214508057,60
247,2,4.84166669845581,26.7000007629395,-10.5,392,30.9547214508057,60
247,2,4.84166669845581,26.7000007629395,-10.5,392,30.9547214508057,60
248,0,4.60833358764648,26.3999996185303,-10.3000001907349,427,36.9403800964356,61
248,0,4.60833358764648,26.3999996185303,-10.3000001907349,427,36.9403800964356,61
248,0,4.60833358764648,26.3999996185303,-10.3000001907349,427,36.9403800964356,61
248,0,4.60833358764648,26.3999996185303,-10.3000001907349,427,36.9403800964356,61
248,1,4.60833358764648,26.3999996185303,-10.3000001907349,427,36.9403800964356,61
248,1,4.60833358764648,26.3999996185303,-10.3000001907349,427,36.9403800964356,61
248,1,4.60833358764648,26.3999996185303,-10.3000001907349,427,36.9403800964356,61
248,1,4.60833358764648,26.3999996185303,-10.3000001907349,427,36.9403800964356,61
248,2,4.60833358764648,26.3999996185303,-10.3000001907349,427,36.9403800964356,61
248,2,4.60833358764648,26.3999996185303,-10.3000001907349,427,36.9403800964356,61
248,2,4.60833358764648,26.3999996185303,-10.3000001907349,427,36.9403800964356,61
248,2,4.60833358764648,26.3999996185303,-10.3000001907349,427,36.9403800964356,61
249,0,4.39583349227905,24.5,-8.60000038146973,575,38.5071563720703,72
249,0,4.39583349227905,24.5,-8.60000038146973,575,38.5071563720703,72
249,0,4.39583349227905,24.5,-8.60000038146973,575,38.5071563720703,72
249,0,4.39583349227905,24.5,-8.60000038146973,575,38.5071563720703,72
249,1,4.39583349227905,24.5,-8.60000038146973,575,38.5071563720703,72
249,1,4.39583349227905,24.5,-8.60000038146973,575,38.5071563720703,72
249,1,4.39583349227905,24.5,-8.60000038146973,575,38.5071563720703,72
249,1,4.39583349227905,24.5,-8.60000038146973,575,38.5071563720703,72
249,2,4.39583349227905,24.5,-8.60000038146973,575,38.5071563720703,72
249,2,4.39583349227905,24.5,-8.60000038146973,575,38.5071563720703,72
249,2,4.39583349227905,24.5,-8.60000038146973,575,38.5071563720703,72
249,2,4.39583349227905,24.5,-8.60000038146973,575,38.5071563720703,72
250,0,4.57916688919067,24.7000007629395,-8.39999961853027,422,32.4561500549316,61
250,0,4.57916688919067,24.7000007629395,-8.39999961853027,422,32.4561500549316,61
250,0,4.57916688919067,24.7000007629395,-8.39999961853027,422,32.4561500549316,61
250,0,4.57916688919067,24.7000007629395,-8.39999961853027,422,32.4561500549316,61
250,1,4.57916688919067,24.7000007629395,-8.39999961853027,422,32.4561500549316,61
250,1,4.57916688919067,24.7000007629395,-8.39999961853027,422,32.4561500549316,61
250,1,4.57916688919067,24.7000007629395,-8.39999961853027,422,32.4561500549316,61
250,1,4.57916688919067,24.7000007629395,-8.39999961853027,422,32.4561500549316,61
250,2,4.57916688919067,24.7000007629395,-8.39999961853027,422,32.4561500549316,61
250,2,4.57916688919067,24.7000007629395,-8.39999961853027,422,32.4561500549316,61
250,2,4.57916688919067,24.7000007629395,-8.39999961853027,422,32.4561500549316,61
250,2,4.57916688919067,24.7000007629395,-8.39999961853027,422,32.4561500549316,61
251,0,4.32083320617676,25.2999992370606,-9.69999980926514,399,32.871036529541,58
251,0,4.32083320617676,25.2999992370606,-9.69999980926514,399,32.871036529541,58
251,0,4.32083320617676,25.2999992370606,-9.69999980926514,399,32.871036529541,58
251,0,4.32083320617676,25.2999992370606,-9.69999980926514,399,32.871036529541,58
251,1,4.32083320617676,25.2999992370606,-9.69999980926514,399,32.871036529541,58
251,1,4.32083320617676,25.2999992370606,-9.69999980926514,399,32.871036529541,58
251,1,4.32083320617676,25.2999992370606,-9.69999980926514,399,32.871036529541,58
251,1,4.32083320617676,25.2999992370606,-9.69999980926514,399,32.871036529541,58
251,2,4.32083320617676,25.2999992370606,-9.69999980926514,399,32.871036529541,58
251,2,4.32083320617676,25.2999992370606,-9.69999980926514,399,32.871036529541,58
251,2,4.32083320617676,25.2999992370606,-9.69999980926514,399,32.871036529541,58
251,2,4.32083320617676,25.2999992370606,-9.69999980926514,399,32.871036529541,58
252,0,3.29999995231628,23.5,-10,610,39.1755485534668,76
252,0,3.29999995231628,23.5,-10,610,39.1755485534668,76
252,0,3.29999995231628,23.5,-10,610,39.1755485534668,76
252,0,3.29999995231628,23.5,-10,610,39.1755485534668,76
252,1,3.29999995231628,23.5,-10,610,39.1755485534668,76
252,1,3.29999995231628,23.5,-10,610,39.1755485534668,76
252,1,3.29999995231628,23.5,-10,610,39.1755485534668,76
252,1,3.29999995231628,23.5,-10,610,39.1755485534668,76
252,2,3.29999995231628,23.5,-10,610,39.1755485534668,76
252,2,3.29999995231628,23.5,-10,610,39.1755485534668,76
252,2,3.29999995231628,23.5,-10,610,39.1755485534668,76
252,2,3.29999995231628,23.5,-10,610,39.1755485534668,76
253,0,4.82916688919067,25.3999996185303,-8.39999961853027,518,34.2401428222656,71
253,0,4.82916688919067,25.3999996185303,-8.39999961853027,518,34.2401428222656,71
253,0,4.82916688919067,25.3999996185303,-8.39999961853027,518,34.2401428222656,71
253,0,4.82916688919067,25.3999996185303,-8.39999961853027,518,34.2401428222656,71
253,1,4.82916688919067,25.3999996185303,-8.39999961853027,518,34.2401428222656,71
253,1,4.82916688919067,25.3999996185303,-8.39999961853027,518,34.2401428222656,71
253,1,4.82916688919067,25.3999996185303,-8.39999961853027,518,34.2401428222656,71
253,1,4.82916688919067,25.3999996185303,-8.39999961853027,518,34.2401428222656,71
253,2,4.82916688919067,25.3999996185303,-8.39999961853027,518,34.2401428222656,71
253,2,4.82916688919067,25.3999996185303,-8.39999961853027,518,34.2401428222656,71
253,2,4.82916688919067,25.3999996185303,-8.39999961853027,518,34.2401428222656,71
253,2,4.82916688919067,25.3999996185303,-8.39999961853027,518,34.2401428222656,71
254,0,6.02916669845581,27.7999992370606,-9.10000038146973,462,36.2797813415527,78
254,0,6.02916669845581,27.7999992370606,-9.10000038146973,462,36.2797813415527,78
254,0,6.02916669845581,27.7999992370606,-9.10000038146973,462,36.2797813415527,78
254,0,6.02916669845581,27.7999992370606,-9.10000038146973,462,36.2797813415527,78
254,1,6.02916669845581,27.7999992370606,-9.10000038146973,462,36.2797813415527,78
254,1,6.02916669845581,27.7999992370606,-9.10000038146973,462,36.2797813415527,78
254,1,6.02916669845581,27.7999992370606,-9.10000038146973,462,36.2797813415527,78
254,1,6.02916669845581,27.7999992370606,-9.10000038146973,462,36.2797813415527,78
254,2,6.02916669845581,27.7999992370606,-9.10000038146973,462,36.2797813415527,78
254,2,6.02916669845581,27.7999992370606,-9.10000038146973,462,36.2797813415527,78
254,2,6.02916669845581,27.7999992370606,-9.10000038146973,462,36.2797813415527,78
254,2,6.02916669845581,27.7999992370606,-9.10000038146973,462,36.2797813415527,78
255,0,6.47499990463257,28.8999996185303,-9.30000019073486,452,33.6899452209473,78
255,0,6.47499990463257,28.8999996185303,-9.30000019073486,452,33.6899452209473,78
255,0,6.47499990463257,28.8999996185303,-9.30000019073486,452,33.6899452209473,78
255,0,6.47499990463257,28.8999996185303,-9.30000019073486,452,33.6899452209473,78
255,1,6.47499990463257,28.8999996185303,-9.30000019073486,452,33.6899452209473,78
255,1,6.47499990463257,28.8999996185303,-9.30000019073486,452,33.6899452209473,78
255,1,6.47499990463257,28.8999996185303,-9.30000019073486,452,33.6899452209473,78
255,1,6.47499990463257,28.8999996185303,-9.30000019073486,452,33.6899452209473,78
255,2,6.47499990463257,28.8999996185303,-9.30000019073486,452,33.6899452209473,78
255,2,6.47499990463257,28.8999996185303,-9.30000019073486,452,33.6899452209473,78
255,2,6.47499990463257,28.8999996185303,-9.30000019073486,452,33.6899452209473,78
255,2,6.47499990463257,28.8999996185303,-9.30000019073486,452,33.6899452209473,78
256,0,4.72499990463257,25.5,-8.80000019073486,510,34.8293266296387,70
256,0,4.72499990463257,25.5,-8.80000019073486,510,34.8293266296387,70
256,0,4.72499990463257,25.5,-8.80000019073486,510,34.8293266296387,70
256,0,4.72499990463257,25.5,-8.80000019073486,510,34.8293266296387,70
256,1,4.72499990463257,25.5,-8.80000019073486,510,34.8293266296387,70
256,1,4.72499990463257,25.5,-8.80000019073486,510,34.8293266296387,70
256,1,4.72499990463257,25.5,-8.80000019073486,510,34.8293266296387,70
256,1,4.72499990463257,25.5,-8.80000019073486,510,34.8293266296387,70
256,2,4.72499990463257,25.5,-8.80000019073486,510,34.8293266296387,70
256,2,4.72499990463257,25.5,-8.80000019073486,510,34.8293266296387,70
256,2,4.72499990463257,25.5,-8.80000019073486,510,34.8293266296387,70
256,2,4.72499990463257,25.5,-8.80000019073486,510,34.8293266296387,70
257,0,4.28749990463257,26.2999992370606,-11.1000003814697,433,35.7278327941895,61
257,0,4.28749990463257,26.2999992370606,-11.1000003814697,433,35.7278327941895,61
257,0,4.28749990463257,26.2999992370606,-11.1000003814697,433,35.7278327941895,61
257,0,4.28749990463257,26.2999992370606,-11.1000003814697,433,35.7278327941895,61
257,1,4.28749990463257,26.2999992370606,-11.1000003814697,433,35.7278327941895,61
257,1,4.28749990463257,26.2999992370606,-11.1000003814697,433,35.7278327941895,61
257,1,4.28749990463257,26.2999992370606,-11.1000003814697,433,35.7278327941895,61
257,1,4.28749990463257,26.2999992370606,-11.1000003814697,433,35.7278327941895,61
257,2,4.28749990463257,26.2999992370606,-11.1000003814697,433,35.7278327941895,61
257,2,4.28749990463257,26.2999992370606,-11.1000003814697,433,35.7278327941895,61
257,2,4.28749990463257,26.2999992370606,-11.1000003814697,433,35.7278327941895,61
257,2,4.28749990463257,26.2999992370606,-11.1000003814697,433,35.7278327941895,61
258,0,5.85416650772095,25.8999996185303,-7.30000019073486,416,30.7211685180664,73
258,0,5.85416650772095,25.8999996185303,-7.30000019073486,416,30.7211685180664,73
258,0,5.85416650772095,25.8999996185303,-7.30000019073486,416,30.7211685180664,73
258,0,5.85416650772095,25.8999996185303,-7.30000019073486,416,30.7211685180664,73
258,1,5.85416650772095,25.8999996185303,-7.30000019073486,416,30.7211685180664,73
258,1,5.85416650772095,25.8999996185303,-7.30000019073486,416,30.7211685180664,73
258,1,5.85416650772095,25.8999996185303,-7.30000019073486,416,30.7211685180664,73
258,1,5.85416650772095,25.8999996185303,-7.30000019073486,416,30.7211685180664,73
258,2,5.85416650772095,25.8999996185303,-7.30000019073486,416,30.7211685180664,73
258,2,5.85416650772095,25.8999996185303,-7.30000019073486,416,30.7211685180664,73
258,2,5.85416650772095,25.8999996185303,-7.30000019073486,416,30.7211685180664,73
258,2,5.85416650772095,25.8999996185303,-7.30000019073486,416,30.7211685180664,73
259,0,2.80833339691162,22.7999992370606,-10.3999996185303,627,38.7446136474609,79
259,0,2.80833339691162,22.7999992370606,-10.3999996185303,627,38.7446136474609,79
259,0,2.80833339691162,22.7999992370606,-10.3999996185303,627,38.7446136474609,79
259,0,2.80833339691162,22.7999992370606,-10.3999996185303,627,38.7446136474609,79
259,1,2.80833339691162,22.7999992370606,-10.3999996185303,627,38.7446136474609,79
259,1,2.80833339691162,22.7999992370606,-10.3999996185303,627,38.7446136474609,79
259,1,2.80833339691162,22.7999992370606,-10.3999996185303,627,38.7446136474609,79
259,1,2.80833339691162,22.7999992370606,-10.3999996185303,627,38.7446136474609,79
259,2,2.80833339691162,22.7999992370606,-10.3999996185303,627,38.7446136474609,79
259,2,2.80833339691162,22.7999992370606,-10.3999996185303,627,38.7446136474609,79
259,2,2.80833339691162,22.7999992370606,-10.3999996185303,627,38.7446136474609,79
259,2,2.80833339691162,22.7999992370606,-10.3999996185303,627,38.7446136474609,79
260,0,1.74583327770233,21.8999996185303,-11.1000003814697,684,39.0612449645996,85
260,0,1.74583327770233,21.8999996185303,-11.1000003814697,684,39.0612449645996,85
260,0,1.74583327770233,21.8999996185303,-11.1000003814697,684,39.0612449645996,85
260,0,1.74583327770233,21.8999996185303,-11.1000003814697,684,39.0612449645996,85
260,1,1.74583327770233,21.8999996185303,-11.1000003814697,684,39.0612449645996,85
260,1,1.74583327770233,21.8999996185303,-11.1000003814697,684,39.0612449645996,85
260,1,1.74583327770233,21.8999996185303,-11.1000003814697,684,39.0612449645996,85
260,1,1.74583327770233,21.8999996185303,-11.1000003814697,684,39.0612449645996,85
260,2,1.74583327770233,21.8999996185303,-11.1000003814697,684,39.0612449645996,85
260,2,1.74583327770233,21.8999996185303,-11.1000003814697,684,39.0612449645996,85
260,2,1.74583327770233,21.8999996185303,-11.1000003814697,684,39.0612449645996,85
260,2,1.74583327770233,21.8999996185303,-11.1000003814697,684,39.0612449645996,85
261,0,1.95000004768372,21.6000003814697,-10.6999998092651,656,38.9476890563965,81
261,0,1.95000004768372,21.6000003814697,-10.6999998092651,656,38.9476890563965,81
261,0,1.95000004768372,21.6000003814697,-10.6999998092651,656,38.9476890563965,81
261,0,1.95000004768372,21.6000003814697,-10.6999998092651,656,38.9476890563965,81
261,1,1.95000004768372,21.6000003814697,-10.6999998092651,656,38.9476890563965,81
261,1,1.95000004768372,21.6000003814697,-10.6999998092651,656,38.9476890563965,81
261,1,1.95000004768372,21.6000003814697,-10.6999998092651,656,38.9476890563965,81
261,1,1.95000004768372,21.6000003814697,-10.6999998092651,656,38.9476890563965,81
261,2,1.95000004768372,21.6000003814697,-10.6999998092651,656,38.9476890563965,81
261,2,1.95000004768372,21.6000003814697,-10.6999998092651,656,38.9476890563965,81
261,2,1.95000004768372,21.6000003814697,-10.6999998092651,656,38.9476890563965,81
261,2,1.95000004768372,21.6000003814697,-10.6999998092651,656,38.9476890563965,81
262,0,5.8250002861023,26.7000007629395,-8.10000038146973,355,30.4331073760986,54
262,0,5.8250002861023,26.7000007629395,-8.10000038146973,355,30.4331073760986,54
262,0,5.8250002861023,26.7000007629395,-8.10000038146973,355,30.4331073760986,54
262,0,5.8250002861023,26.7000007629395,-8.10000038146973,355,30.4331073760986,54
262,1,5.8250002861023,26.7000007629395,-8.10000038146973,355,30.4331073760986,54
262,1,5.8250002861023,26.7000007629395,-8.10000038146973,355,30.4331073760986,54
262,1,5.8250002861023,26.7000007629395,-8.10000038146973,355,30.4331073760986,54
262,1,5.8250002861023,26.7000007629395,-8.10000038146973,355,30.4331073760986,54
262,2,5.8250002861023,26.7000007629395,-8.10000038146973,355,30.4331073760986,54
262,2,5.8250002861023,26.7000007629395,-8.10000038146973,355,30.4331073760986,54
262,2,5.8250002861023,26.7000007629395,-8.10000038146973,355,30.4331073760986,54
262,2,5.8250002861023,26.7000007629395,-8.10000038146973,355,30.4331073760986,54
263,0,4.89166688919067,25.7999992370605,-9,393,32.4361114501953,56
263,0,4.89166688919067,25.7999992370605,-9,393,32.4361114501953,56
263,0,4.89166688919067,25.7999992370605,-9,393,32.4361114501953,56
263,0,4.89166688919067,25.7999992370605,-9,393,32.4361114501953,56
263,1,4.89166688919067,25.7999992370605,-9,393,32.4361114501953,56
263,1,4.89166688919067,25.7999992370605,-9,393,32.4361114501953,56
263,1,4.89166688919067,25.7999992370605,-9,393,32.4361114501953,56
263,1,4.89166688919067,25.7999992370605,-9,393,32.4361114501953,56
263,2,4.89166688919067,25.7999992370605,-9,393,32.4361114501953,56
263,2,4.89166688919067,25.7999992370605,-9,393,32.4361114501953,56
263,2,4.89166688919067,25.7999992370605,-9,393,32.4361114501953,56
263,2,4.89166688919067,25.7999992370605,-9,393,32.4361114501953,56
264,0,5.58750009536743,28.2000007629395,-10.3000001907349,380,35.5881690979004,54
264,0,5.58750009536743,28.2000007629395,-10.3000001907349,380,35.5881690979004,54
264,0,5.58750009536743,28.2000007629395,-10.3000001907349,380,35.5881690979004,54
264,0,5.58750009536743,28.2000007629395,-10.3000001907349,380,35.5881690979004,54
264,1,5.58750009536743,28.2000007629395,-10.3000001907349,380,35.5881690979004,54
264,1,5.58750009536743,28.2000007629395,-10.3000001907349,380,35.5881690979004,54
264,1,5.58750009536743,28.2000007629395,-10.3000001907349,380,35.5881690979004,54
264,1,5.58750009536743,28.2000007629395,-10.3000001907349,380,35.5881690979004,54
264,2,5.58750009536743,28.2000007629395,-10.3000001907349,380,35.5881690979004,54
264,2,5.58750009536743,28.2000007629395,-10.3000001907349,380,35.5881690979004,54
264,2,5.58750009536743,28.2000007629395,-10.3000001907349,380,35.5881690979004,54
264,2,5.58750009536743,28.2000007629395,-10.3000001907349,380,35.5881690979004,54
265,0,4.25416660308838,24.2000007629395,-8.60000038146973,438,33.4325790405273,61
265,0,4.25416660308838,24.2000007629395,-8.60000038146973,438,33.4325790405273,61
265,0,4.25416660308838,24.2000007629395,-8.60000038146973,438,33.4325790405273,61
265,0,4.25416660308838,24.2000007629395,-8.60000038146973,438,33.4325790405273,61
265,1,4.25416660308838,24.2000007629395,-8.60000038146973,438,33.4325790405273,61
265,1,4.25416660308838,24.2000007629395,-8.60000038146973,438,33.4325790405273,61
265,1,4.25416660308838,24.2000007629395,-8.60000038146973,438,33.4325790405273,61
265,1,4.25416660308838,24.2000007629395,-8.60000038146973,438,33.4325790405273,61
265,2,4.25416660308838,24.2000007629395,-8.60000038146973,438,33.4325790405273,61
265,2,4.25416660308838,24.2000007629395,-8.60000038146973,438,33.4325790405273,61
265,2,4.25416660308838,24.2000007629395,-8.60000038146973,438,33.4325790405273,61
265,2,4.25416660308838,24.2000007629395,-8.60000038146973,438,33.4325790405273,61
266,0,4.53749990463257,25.5,-9,415,34.4911270141602,58
266,0,4.53749990463257,25.5,-9,415,34.4911270141602,58
266,0,4.53749990463257,25.5,-9,415,34.4911270141602,58
266,0,4.53749990463257,25.5,-9,415,34.4911270141602,58
266,1,4.53749990463257,25.5,-9,415,34.4911270141602,58
266,1,4.53749990463257,25.5,-9,415,34.4911270141602,58
266,1,4.53749990463257,25.5,-9,415,34.4911270141602,58
266,1,4.53749990463257,25.5,-9,415,34.4911270141602,58
266,2,4.53749990463257,25.5,-9,415,34.4911270141602,58
266,2,4.53749990463257,25.5,-9,415,34.4911270141602,58
266,2,4.53749990463257,25.5,-9,415,34.4911270141602,58
266,2,4.53749990463257,25.5,-9,415,34.4911270141602,58
267,0,4.87916660308838,25.6000003814697,-8.5,384,33.9167556762695,54
267,0,4.87916660308838,25.6000003814697,-8.5,384,33.9167556762695,54
267,0,4.87916660308838,25.6000003814697,-8.5,384,33.9167556762695,54
267,0,4.87916660308838,25.6000003814697,-8.5,384,33.9167556762695,54
267,1,4.87916660308838,25.6000003814697,-8.5,384,33.9167556762695,54
267,1,4.87916660308838,25.6000003814697,-8.5,384,33.9167556762695,54
267,1,4.87916660308838,25.6000003814697,-8.5,384,33.9167556762695,54
267,1,4.87916660308838,25.6000003814697,-8.5,384,33.9167556762695,54
267,2,4.87916660308838,25.6000003814697,-8.5,384,33.9167556762695,54
267,2,4.87916660308838,25.6000003814697,-8.5,384,33.9167556762695,54
267,2,4.87916660308838,25.6000003814697,-8.5,384,33.9167556762695,54
267,2,4.87916660308838,25.6000003814697,-8.5,384,33.9167556762695,54
268,0,4.91249990463257,25.7999992370605,-8.89999961853027,390,32.2634201049805,56
268,0,4.91249990463257,25.7999992370605,-8.89999961853027,390,32.2634201049805,56
268,0,4.91249990463257,25.7999992370605,-8.89999961853027,390,32.2634201049805,56
268,0,4.91249990463257,25.7999992370605,-8.89999961853027,390,32.2634201049805,56
268,1,4.91249990463257,25.7999992370605,-8.89999961853027,390,32.2634201049805,56
268,1,4.91249990463257,25.7999992370605,-8.89999961853027,390,32.2634201049805,56
268,1,4.91249990463257,25.7999992370605,-8.89999961853027,390,32.2634201049805,56
268,1,4.91249990463257,25.7999992370605,-8.89999961853027,390,32.2634201049805,56
268,2,4.91249990463257,25.7999992370605,-8.89999961853027,390,32.2634201049805,56
268,2,4.91249990463257,25.7999992370605,-8.89999961853027,390,32.2634201049805,56
268,2,4.91249990463257,25.7999992370605,-8.89999961853027,390,32.2634201049805,56
268,2,4.91249990463257,25.7999992370605,-8.89999961853027,390,32.2634201049805,56
269,0,4.73750019073486,25.3999996185303,-8.69999980926514,395,34.2102165222168,56
269,0,4.73750019073486,25.3999996185303,-8.69999980926514,395,34.2102165222168,56
269,0,4.73750019073486,25.3999996185303,-8.69999980926514,395,34.2102165222168,56
269,0,4.73750019073486,25.3999996185303,-8.69999980926514,395,34.2102165222168,56
269,1,4.73750019073486,25.3999996185303,-8.69999980926514,395,34.2102165222168,56
269,1,4.73750019073486,25.3999996185303,-8.69999980926514,395,34.2102165222168,56
269,1,4.73750019073486,25.3999996185303,-8.69999980926514,395,34.2102165222168,56
269,1,4.73750019073486,25.3999996185303,-8.69999980926514,395,34.2102165222168,56
269,2,4.73750019073486,25.3999996185303,-8.69999980926514,395,34.2102165222168,56
269,2,4.73750019073486,25.3999996185303,-8.69999980926514,395,34.2102165222168,56
269,2,4.73750019073486,25.3999996185303,-8.69999980926514,395,34.2102165222168,56
269,2,4.73750019073486,25.3999996185303,-8.69999980926514,395,34.2102165222168,56
270,0,5.69583320617676,27,-9,340,30.2250194549561,52
270,0,5.69583320617676,27,-9,340,30.2250194549561,52
270,0,5.69583320617676,27,-9,340,30.2250194549561,52
270,0,5.69583320617676,27,-9,340,30.2250194549561,52
270,1,5.69583320617676,27,-9,340,30.2250194549561,52
270,1,5.69583320617676,27,-9,340,30.2250194549561,52
270,1,5.69583320617676,27,-9,340,30.2250194549561,52
270,1,5.69583320617676,27,-9,340,30.2250194549561,52
270,2,5.69583320617676,27,-9,340,30.2250194549561,52
270,2,5.69583320617676,27,-9,340,30.2250194549561,52
270,2,5.69583320617676,27,-9,340,30.2250194549561,52
270,2,5.69583320617676,27,-9,340,30.2250194549561,52
271,0,5.63333320617676,27.2999992370606,-9.39999961853027,336,32.3142623901367,59
271,0,5.63333320617676,27.2999992370606,-9.39999961853027,336,32.3142623901367,59
271,0,5.63333320617676,27.2999992370606,-9.39999961853027,336,32.3142623901367,59
271,0,5.63333320617676,27.2999992370606,-9.39999961853027,336,32.3142623901367,59
271,1,5.63333320617676,27.2999992370606,-9.39999961853027,336,32.3142623901367,59
271,1,5.63333320617676,27.2999992370606,-9.39999961853027,336,32.3142623901367,59
271,1,5.63333320617676,27.2999992370606,-9.39999961853027,336,32.3142623901367,59
271,1,5.63333320617676,27.2999992370606,-9.39999961853027,336,32.3142623901367,59
271,2,5.63333320617676,27.2999992370606,-9.39999961853027,336,32.3142623901367,59
271,2,5.63333320617676,27.2999992370606,-9.39999961853027,336,32.3142623901367,59
271,2,5.63333320617676,27.2999992370606,-9.39999961853027,336,32.3142623901367,59
271,2,5.63333320617676,27.2999992370606,-9.39999961853027,336,32.3142623901367,59
272,0,5.41249990463257,26.3999996185303,-8.5,375,32.2817878723145,56
272,0,5.41249990463257,26.3999996185303,-8.5,375,32.2817878723145,56
272,0,5.41249990463257,26.3999996185303,-8.5,375,32.2817878723145,56
272,0,5.41249990463257,26.3999996185303,-8.5,375,32.2817878723145,56
272,1,5.41249990463257,26.3999996185303,-8.5,375,32.2817878723145,56
272,1,5.41249990463257,26.3999996185303,-8.5,375,32.2817878723145,56
272,1,5.41249990463257,26.3999996185303,-8.5,375,32.2817878723145,56
272,1,5.41249990463257,26.3999996185303,-8.5,375,32.2817878723145,56
272,2,5.41249990463257,26.3999996185303,-8.5,375,32.2817878723145,56
272,2,5.41249990463257,26.3999996185303,-8.5,375,32.2817878723145,56
272,2,5.41249990463257,26.3999996185303,-8.5,375,32.2817878723145,56
272,2,5.41249990463257,26.3999996185303,-8.5,375,32.2817878723145,56
273,0,5.51666688919067,26.7000007629395,-8.69999980926514,358,34.9536056518555,49
273,0,5.51666688919067,26.7000007629395,-8.69999980926514,358,34.9536056518555,49
273,0,5.51666688919067,26.7000007629395,-8.69999980926514,358,34.9536056518555,49
273,0,5.51666688919067,26.7000007629395,-8.69999980926514,358,34.9536056518555,49
273,1,5.51666688919067,26.7000007629395,-8.69999980926514,358,34.9536056518555,49
273,1,5.51666688919067,26.7000007629395,-8.69999980926514,358,34.9536056518555,49
273,1,5.51666688919067,26.7000007629395,-8.69999980926514,358,34.9536056518555,49
273,1,5.51666688919067,26.7000007629395,-8.69999980926514,358,34.9536056518555,49
273,2,5.51666688919067,26.7000007629395,-8.69999980926514,358,34.9536056518555,49
273,2,5.51666688919067,26.7000007629395,-8.69999980926514,358,34.9536056518555,49
273,2,5.51666688919067,26.7000007629395,-8.69999980926514,358,34.9536056518555,49
273,2,5.51666688919067,26.7000007629395,-8.69999980926514,358,34.9536056518555,49
274,0,4.98333358764648,25.6000003814697,-8.39999961853027,380,34.5927810668945,53
274,0,4.98333358764648,25.6000003814697,-8.39999961853027,380,34.5927810668945,53
274,0,4.98333358764648,25.6000003814697,-8.39999961853027,380,34.5927810668945,53
274,0,4.98333358764648,25.6000003814697,-8.39999961853027,380,34.5927810668945,53
274,1,4.98333358764648,25.6000003814697,-8.39999961853027,380,34.5927810668945,53
274,1,4.98333358764648,25.6000003814697,-8.39999961853027,380,34.5927810668945,53
274,1,4.98333358764648,25.6000003814697,-8.39999961853027,380,34.5927810668945,53
274,1,4.98333358764648,25.6000003814697,-8.39999961853027,380,34.5927810668945,53
274,2,4.98333358764648,25.6000003814697,-8.39999961853027,380,34.5927810668945,53
274,2,4.98333358764648,25.6000003814697,-8.39999961853027,380,34.5927810668945,53
274,2,4.98333358764648,25.6000003814697,-8.39999961853027,380,34.5927810668945,53
274,2,4.98333358764648,25.6000003814697,-8.39999961853027,380,34.5927810668945,53
275,0,4.66249990463257,25.5,-8.80000019073486,417,34.4475364685059,59
275,0,4.66249990463257,25.5,-8.80000019073486,417,34.4475364685059,59
275,0,4.66249990463257,25.5,-8.80000019073486,417,34.4475364685059,59
275,0,4.66249990463257,25.5,-8.80000019073486,417,34.4475364685059,59
275,1,4.66249990463257,25.5,-8.80000019073486,417,34.4475364685059,59
275,1,4.66249990463257,25.5,-8.80000019073486,417,34.4475364685059,59
275,1,4.66249990463257,25.5,-8.80000019073486,417,34.4475364685059,59
275,1,4.66249990463257,25.5,-8.80000019073486,417,34.4475364685059,59
275,2,4.66249990463257,25.5,-8.80000019073486,417,34.4475364685059,59
275,2,4.66249990463257,25.5,-8.80000019073486,417,34.4475364685059,59
275,2,4.66249990463257,25.5,-8.80000019073486,417,34.4475364685059,59
275,2,4.66249990463257,25.5,-8.80000019073486,417,34.4475364685059,59
276,0,5.78333330154419,26.8999996185303,-8.30000019073486,342,35.5968894958496,47
276,0,5.78333330154419,26.8999996185303,-8.30000019073486,342,35.5968894958496,47
276,0,5.78333330154419,26.8999996185303,-8.30000019073486,342,35.5968894958496,47
276,0,5.78333330154419,26.8999996185303,-8.30000019073486,342,35.5968894958496,47
276,1,5.78333330154419,26.8999996185303,-8.30000019073486,342,35.5968894958496,47
276,1,5.78333330154419,26.8999996185303,-8.30000019073486,342,35.5968894958496,47
276,1,5.78333330154419,26.8999996185303,-8.30000019073486,342,35.5968894958496,47
276,1,5.78333330154419,26.8999996185303,-8.30000019073486,342,35.5968894958496,47
276,2,5.78333330154419,26.8999996185303,-8.30000019073486,342,35.5968894958496,47
276,2,5.78333330154419,26.8999996185303,-8.30000019073486,342,35.5968894958496,47
276,2,5.78333330154419,26.8999996185303,-8.30000019073486,342,35.5968894958496,47
276,2,5.78333330154419,26.8999996185303,-8.30000019073486,342,35.5968894958496,47
277,0,5.85416650772095,27.3999996185303,-9.19999980926514,332,29.4248924255371,53
277,0,5.85416650772095,27.3999996185303,-9.19999980926514,332,29.4248924255371,53
277,0,5.85416650772095,27.3999996185303,-9.19999980926514,332,29.4248924255371,53
277,0,5.85416650772095,27.3999996185303,-9.19999980926514,332,29.4248924255371,53
277,1,5.85416650772095,27.3999996185303,-9.19999980926514,332,29.4248924255371,53
277,1,5.85416650772095,27.3999996185303,-9.19999980926514,332,29.4248924255371,53
277,1,5.85416650772095,27.3999996185303,-9.19999980926514,332,29.4248924255371,53
277,1,5.85416650772095,27.3999996185303,-9.19999980926514,332,29.4248924255371,53
277,2,5.85416650772095,27.3999996185303,-9.19999980926514,332,29.4248924255371,53
277,2,5.85416650772095,27.3999996185303,-9.19999980926514,332,29.4248924255371,53
277,2,5.85416650772095,27.3999996185303,-9.19999980926514,332,29.4248924255371,53
277,2,5.85416650772095,27.3999996185303,-9.19999980926514,332,29.4248924255371,53
278,0,5.1875,26.7000007629395,-9.10000038146973,370,34.0142021179199,53
278,0,5.1875,26.7000007629395,-9.10000038146973,370,34.0142021179199,53
278,0,5.1875,26.7000007629395,-9.10000038146973,370,34.0142021179199,53
278,0,5.1875,26.7000007629395,-9.10000038146973,370,34.0142021179199,53
278,1,5.1875,26.7000007629395,-9.10000038146973,370,34.0142021179199,53
278,1,5.1875,26.7000007629395,-9.10000038146973,370,34.0142021179199,53
278,1,5.1875,26.7000007629395,-9.10000038146973,370,34.0142021179199,53
278,1,5.1875,26.7000007629395,-9.10000038146973,370,34.0142021179199,53
278,2,5.1875,26.7000007629395,-9.10000038146973,370,34.0142021179199,53
278,2,5.1875,26.7000007629395,-9.10000038146973,370,34.0142021179199,53
278,2,5.1875,26.7000007629395,-9.10000038146973,370,34.0142021179199,53
278,2,5.1875,26.7000007629395,-9.10000038146973,370,34.0142021179199,53
279,0,5.32916641235352,26.2999992370606,-8.60000038146973,372,32.0632820129395,56
279,0,5.32916641235352,26.2999992370606,-8.60000038146973,372,32.0632820129395,56
279,0,5.32916641235352,26.2999992370606,-8.60000038146973,372,32.0632820129395,56
279,0,5.32916641235352,26.2999992370606,-8.60000038146973,372,32.0632820129395,56
279,1,5.32916641235352,26.2999992370606,-8.60000038146973,372,32.0632820129395,56
279,1,5.32916641235352,26.2999992370606,-8.60000038146973,372,32.0632820129395,56
279,1,5.32916641235352,26.2999992370606,-8.60000038146973,372,32.0632820129395,56
279,1,5.32916641235352,26.2999992370606,-8.60000038146973,372,32.0632820129395,56
279,2,5.32916641235352,26.2999992370606,-8.60000038146973,372,32.0632820129395,56
279,2,5.32916641235352,26.2999992370606,-8.60000038146973,372,32.0632820129395,56
279,2,5.32916641235352,26.2999992370606,-8.60000038146973,372,32.0632820129395,56
279,2,5.32916641235352,26.2999992370606,-8.60000038146973,372,32.0632820129395,56
280,0,4.83333349227905,25.2999992370606,-8.89999961853027,386,31.9042415618897,56
280,0,4.83333349227905,25.2999992370606,-8.89999961853027,386,31.9042415618897,56
280,0,4.83333349227905,25.2999992370606,-8.89999961853027,386,31.9042415618897,56
280,0,4.83333349227905,25.2999992370606,-8.89999961853027,386,31.9042415618897,56
280,1,4.83333349227905,25.2999992370606,-8.89999961853027,386,31.9042415618897,56
280,1,4.83333349227905,25.2999992370606,-8.89999961853027,386,31.9042415618897,56
280,1,4.83333349227905,25.2999992370606,-8.89999961853027,386,31.9042415618897,56
280,1,4.83333349227905,25.2999992370606,-8.89999961853027,386,31.9042415618897,56
280,2,4.83333349227905,25.2999992370606,-8.89999961853027,386,31.9042415618897,56
280,2,4.83333349227905,25.2999992370606,-8.89999961853027,386,31.9042415618897,56
280,2,4.83333349227905,25.2999992370606,-8.89999961853027,386,31.9042415618897,56
280,2,4.83333349227905,25.2999992370606,-8.89999961853027,386,31.9042415618897,56
281,0,5.71250009536743,27.8999996185303,-9.60000038146973,352,33.5414505004883,49
281,0,5.71250009536743,27.8999996185303,-9.60000038146973,352,33.5414505004883,49
281,0,5.71250009536743,27.8999996185303,-9.60000038146973,352,33.5414505004883,49
281,0,5.71250009536743,27.8999996185303,-9.60000038146973,352,33.5414505004883,49
281,1,5.71250009536743,27.8999996185303,-9.60000038146973,352,33.5414505004883,49
281,1,5.71250009536743,27.8999996185303,-9.60000038146973,352,33.5414505004883,49
281,1,5.71250009536743,27.8999996185303,-9.60000038146973,352,33.5414505004883,49
281,1,5.71250009536743,27.8999996185303,-9.60000038146973,352,33.5414505004883,49
281,2,5.71250009536743,27.8999996185303,-9.60000038146973,352,33.5414505004883,49
281,2,5.71250009536743,27.8999996185303,-9.60000038146973,352,33.5414505004883,49
281,2,5.71250009536743,27.8999996185303,-9.60000038146973,352,33.5414505004883,49
281,2,5.71250009536743,27.8999996185303,-9.60000038146973,352,33.5414505004883,49
282,0,5.32916688919067,26.5,-9,354,32.7421455383301,52
282,0,5.32916688919067,26.5,-9,354,32.7421455383301,52
282,0,5.32916688919067,26.5,-9,354,32.7421455383301,52
282,0,5.32916688919067,26.5,-9,354,32.7421455383301,52
282,1,5.32916688919067,26.5,-9,354,32.7421455383301,52
282,1,5.32916688919067,26.5,-9,354,32.7421455383301,52
282,1,5.32916688919067,26.5,-9,354,32.7421455383301,52
282,1,5.32916688919067,26.5,-9,354,32.7421455383301,52
282,2,5.32916688919067,26.5,-9,354,32.7421455383301,52
282,2,5.32916688919067,26.5,-9,354,32.7421455383301,52
282,2,5.32916688919067,26.5,-9,354,32.7421455383301,52
282,2,5.32916688919067,26.5,-9,354,32.7421455383301,52
283,0,6.12083339691162,27.3999996185303,-9,291,30.2146148681641,48
283,0,6.12083339691162,27.3999996185303,-9,291,30.2146148681641,48
283,0,6.12083339691162,27.3999996185303,-9,291,30.2146148681641,48
283,0,6.12083339691162,27.3999996185303,-9,291,30.2146148681641,48
283,1,6.12083339691162,27.3999996185303,-9,291,30.2146148681641,48
283,1,6.12083339691162,27.3999996185303,-9,291,30.2146148681641,48
283,1,6.12083339691162,27.3999996185303,-9,291,30.2146148681641,48
283,1,6.12083339691162,27.3999996185303,-9,291,30.2146148681641,48
283,2,6.12083339691162,27.3999996185303,-9,291,30.2146148681641,48
283,2,6.12083339691162,27.3999996185303,-9,291,30.2146148681641,48
283,2,6.12083339691162,27.3999996185303,-9,291,30.2146148681641,48
283,2,6.12083339691162,27.3999996185303,-9,291,30.2146148681641,48
284,0,5.09583330154419,26.8999996185303,-9.69999980926514,388,34.5227203369141,54
284,0,5.09583330154419,26.8999996185303,-9.69999980926514,388,34.5227203369141,54
284,0,5.09583330154419,26.8999996185303,-9.69999980926514,388,34.5227203369141,54
284,0,5.09583330154419,26.8999996185303,-9.69999980926514,388,34.5227203369141,54
284,1,5.09583330154419,26.8999996185303,-9.69999980926514,388,34.5227203369141,54
284,1,5.09583330154419,26.8999996185303,-9.69999980926514,388,34.5227203369141,54
284,1,5.09583330154419,26.8999996185303,-9.69999980926514,388,34.5227203369141,54
284,1,5.09583330154419,26.8999996185303,-9.69999980926514,388,34.5227203369141,54
284,2,5.09583330154419,26.8999996185303,-9.69999980926514,388,34.5227203369141,54
284,2,5.09583330154419,26.8999996185303,-9.69999980926514,388,34.5227203369141,54
284,2,5.09583330154419,26.8999996185303,-9.69999980926514,388,34.5227203369141,54
284,2,5.09583330154419,26.8999996185303,-9.69999980926514,388,34.5227203369141,54
285,0,3.32083344459534,19.2000007629395,-6.09999990463257,2066,62.2537307739258,166
285,0,3.32083344459534,19.2000007629395,-6.09999990463257,2066,62.2537307739258,166
285,0,3.32083344459534,19.2000007629395,-6.09999990463257,2066,62.2537307739258,166
285,0,3.32083344459534,19.2000007629395,-6.09999990463257,2066,62.2537307739258,166
285,1,3.32083344459534,19.2000007629395,-6.09999990463257,2066,62.2537307739258,166
285,1,3.32083344459534,19.2000007629395,-6.09999990463257,2066,62.2537307739258,166
285,1,3.32083344459534,19.2000007629395,-6.09999990463257,2066,62.2537307739258,166
285,1,3.32083344459534,19.2000007629395,-6.09999990463257,2066,62.2537307739258,166
285,2,3.32083344459534,19.2000007629395,-6.09999990463257,2066,62.2537307739258,166
285,2,3.32083344459534,19.2000007629395,-6.09999990463257,2066,62.2537307739258,166
285,2,3.32083344459534,19.2000007629395,-6.09999990463257,2066,62.2537307739258,166
285,2,3.32083344459534,19.2000007629395,-6.09999990463257,2066,62.2537307739258,166
286,0,5.68333339691162,21.6000003814697,-4.80000019073486,1977,64.4378814697266,149
286,0,5.68333339691162,21.6000003814697,-4.80000019073486,1977,64.4378814697266,149
286,0,5.68333339691162,21.6000003814697,-4.80000019073486,1977,64.4378814697266,149
286,0,5.68333339691162,21.6000003814697,-4.80000019073486,1977,64.4378814697266,149
286,1,5.68333339691162,21.6000003814697,-4.80000019073486,1977,64.4378814697266,149
286,1,5.68333339691162,21.6000003814697,-4.80000019073486,1977,64.4378814697266,149
286,1,5.68333339691162,21.6000003814697,-4.80000019073486,1977,64.4378814697266,149
286,1,5.68333339691162,21.6000003814697,-4.80000019073486,1977,64.4378814697266,149
286,2,5.68333339691162,21.6000003814697,-4.80000019073486,1977,64.4378814697266,149
286,2,5.68333339691162,21.6000003814697,-4.80000019073486,1977,64.4378814697266,149
286,2,5.68333339691162,21.6000003814697,-4.80000019073486,1977,64.4378814697266,149
286,2,5.68333339691162,21.6000003814697,-4.80000019073486,1977,64.4378814697266,149
287,0,6.09999990463257,22.2000007629395,-4.09999990463257,1887,66.7682800292969,139
287,0,6.09999990463257,22.2000007629395,-4.09999990463257,1887,66.7682800292969,139
287,0,6.09999990463257,22.2000007629395,-4.09999990463257,1887,66.7682800292969,139
287,0,6.09999990463257,22.2000007629395,-4.09999990463257,1887,66.7682800292969,139
287,1,6.09999990463257,22.2000007629395,-4.09999990463257,1887,66.7682800292969,139
287,1,6.09999990463257,22.2000007629395,-4.09999990463257,1887,66.7682800292969,139
287,1,6.09999990463257,22.2000007629395,-4.09999990463257,1887,66.7682800292969,139
287,1,6.09999990463257,22.2000007629395,-4.09999990463257,1887,66.7682800292969,139
287,2,6.09999990463257,22.2000007629395,-4.09999990463257,1887,66.7682800292969,139
287,2,6.09999990463257,22.2000007629395,-4.09999990463257,1887,66.7682800292969,139
287,2,6.09999990463257,22.2000007629395,-4.09999990463257,1887,66.7682800292969,139
287,2,6.09999990463257,22.2000007629395,-4.09999990463257,1887,66.7682800292969,139
288,0,6.29166698455811,22.6000003814697,-4.5,1583,65.1053161621094,121
288,0,6.29166698455811,22.6000003814697,-4.5,1583,65.1053161621094,121
288,0,6.29166698455811,22.6000003814697,-4.5,1583,65.1053161621094,121
288,0,6.29166698455811,22.6000003814697,-4.5,1583,65.1053161621094,121
288,1,6.29166698455811,22.6000003814697,-4.5,1583,65.1053161621094,121
288,1,6.29166698455811,22.6000003814697,-4.5,1583,65.1053161621094,121
288,1,6.29166698455811,22.6000003814697,-4.5,1583,65.1053161621094,121
288,1,6.29166698455811,22.6000003814697,-4.5,1583,65.1053161621094,121
288,2,6.29166698455811,22.6000003814697,-4.5,1583,65.1053161621094,121
288,2,6.29166698455811,22.6000003814697,-4.5,1583,65.1053161621094,121
288,2,6.29166698455811,22.6000003814697,-4.5,1583,65.1053161621094,121
288,2,6.29166698455811,22.6000003814697,-4.5,1583,65.1053161621094,121
289,0,6.14583349227905,22.2000007629395,-4.59999990463257,1935,64.7920761108399,144
289,0,6.14583349227905,22.2000007629395,-4.59999990463257,1935,64.7920761108399,144
289,0,6.14583349227905,22.2000007629395,-4.59999990463257,1935,64.7920761108399,144
289,0,6.14583349227905,22.2000007629395,-4.59999990463257,1935,64.7920761108399,144
289,1,6.14583349227905,22.2000007629395,-4.59999990463257,1935,64.7920761108399,144
289,1,6.14583349227905,22.2000007629395,-4.59999990463257,1935,64.7920761108399,144
289,1,6.14583349227905,22.2000007629395,-4.59999990463257,1935,64.7920761108399,144
289,1,6.14583349227905,22.2000007629395,-4.59999990463257,1935,64.7920761108399,144
289,2,6.14583349227905,22.2000007629395,-4.59999990463257,1935,64.7920761108399,144
289,2,6.14583349227905,22.2000007629395,-4.59999990463257,1935,64.7920761108399,144
289,2,6.14583349227905,22.2000007629395,-4.59999990463257,1935,64.7920761108399,144
289,2,6.14583349227905,22.2000007629395,-4.59999990463257,1935,64.7920761108399,144
290,0,6.64583349227905,22.3999996185303,-3.70000004768372,2123,63.1923599243164,163
290,0,6.64583349227905,22.3999996185303,-3.70000004768372,2123,63.1923599243164,163
290,0,6.64583349227905,22.3999996185303,-3.70000004768372,2123,63.1923599243164,163
290,0,6.64583349227905,22.3999996185303,-3.70000004768372,2123,63.1923599243164,163
290,1,6.64583349227905,22.3999996185303,-3.70000004768372,2123,63.1923599243164,163
290,1,6.64583349227905,22.3999996185303,-3.70000004768372,2123,63.1923599243164,163
290,1,6.64583349227905,22.3999996185303,-3.70000004768372,2123,63.1923599243164,163
290,1,6.64583349227905,22.3999996185303,-3.70000004768372,2123,63.1923599243164,163
290,2,6.64583349227905,22.3999996185303,-3.70000004768372,2123,63.1923599243164,163
290,2,6.64583349227905,22.3999996185303,-3.70000004768372,2123,63.1923599243164,163
290,2,6.64583349227905,22.3999996185303,-3.70000004768372,2123,63.1923599243164,163
290,2,6.64583349227905,22.3999996185303,-3.70000004768372,2123,63.1923599243164,163
291,0,7.73750019073486,24.3999996185303,-3.59999990463257,1761,65.0099411010742,129
291,0,7.73750019073486,24.3999996185303,-3.59999990463257,1761,65.0099411010742,129
291,0,7.73750019073486,24.3999996185303,-3.59999990463257,1761,65.0099411010742,129
291,0,7.73750019073486,24.3999996185303,-3.59999990463257,1761,65.0099411010742,129
291,1,7.73750019073486,24.3999996185303,-3.59999990463257,1761,65.0099411010742,129
291,1,7.73750019073486,24.3999996185303,-3.59999990463257,1761,65.0099411010742,129
291,1,7.73750019073486,24.3999996185303,-3.59999990463257,1761,65.0099411010742,129
291,1,7.73750019073486,24.3999996185303,-3.59999990463257,1761,65.0099411010742,129
291,2,7.73750019073486,24.3999996185303,-3.59999990463257,1761,65.0099411010742,129
291,2,7.73750019073486,24.3999996185303,-3.59999990463257,1761,65.0099411010742,129
291,2,7.73750019073486,24.3999996185303,-3.59999990463257,1761,65.0099411010742,129
291,2,7.73750019073486,24.3999996185303,-3.59999990463257,1761,65.0099411010742,129
292,0,6.0625,22.1000003814697,-4.40000009536743,1600,66.1669921875,123
292,0,6.0625,22.1000003814697,-4.40000009536743,1600,66.1669921875,123
292,0,6.0625,22.1000003814697,-4.40000009536743,1600,66.1669921875,123
292,0,6.0625,22.1000003814697,-4.40000009536743,1600,66.1669921875,123
292,1,6.0625,22.1000003814697,-4.40000009536743,1600,66.1669921875,123
292,1,6.0625,22.1000003814697,-4.40000009536743,1600,66.1669921875,123
292,1,6.0625,22.1000003814697,-4.40000009536743,1600,66.1669921875,123
292,1,6.0625,22.1000003814697,-4.40000009536743,1600,66.1669921875,123
292,2,6.0625,22.1000003814697,-4.40000009536743,1600,66.1669921875,123
292,2,6.0625,22.1000003814697,-4.40000009536743,1600,66.1669921875,123
292,2,6.0625,22.1000003814697,-4.40000009536743,1600,66.1669921875,123
292,2,6.0625,22.1000003814697,-4.40000009536743,1600,66.1669921875,123
293,0,6.25416660308838,22.7999992370606,-4.59999990463257,1388,66.52197265625,105
293,0,6.25416660308838,22.7999992370606,-4.59999990463257,1388,66.52197265625,105
293,0,6.25416660308838,22.7999992370606,-4.59999990463257,1388,66.52197265625,105
293,0,6.25416660308838,22.7999992370606,-4.59999990463257,1388,66.52197265625,105
293,1,6.25416660308838,22.7999992370606,-4.59999990463257,1388,66.52197265625,105
293,1,6.25416660308838,22.7999992370606,-4.59999990463257,1388,66.52197265625,105
293,1,6.25416660308838,22.7999992370606,-4.59999990463257,1388,66.52197265625,105
293,1,6.25416660308838,22.7999992370606,-4.59999990463257,1388,66.52197265625,105
293,2,6.25416660308838,22.7999992370606,-4.59999990463257,1388,66.52197265625,105
293,2,6.25416660308838,22.7999992370606,-4.59999990463257,1388,66.52197265625,105
293,2,6.25416660308838,22.7999992370606,-4.59999990463257,1388,66.52197265625,105
293,2,6.25416660308838,22.7999992370606,-4.59999990463257,1388,66.52197265625,105
294,0,7.84999990463257,25.3999996185303,-4,1213,68.8462524414063,87
294,0,7.84999990463257,25.3999996185303,-4,1213,68.8462524414063,87
294,0,7.84999990463257,25.3999996185303,-4,1213,68.8462524414063,87
294,0,7.84999990463257,25.3999996185303,-4,1213,68.8462524414063,87
294,1,7.84999990463257,25.3999996185303,-4,1213,68.8462524414063,87
294,1,7.84999990463257,25.3999996185303,-4,1213,68.8462524414063,87
294,1,7.84999990463257,25.3999996185303,-4,1213,68.8462524414063,87
294,1,7.84999990463257,25.3999996185303,-4,1213,68.8462524414063,87
294,2,7.84999990463257,25.3999996185303,-4,1213,68.8462524414063,87
294,2,7.84999990463257,25.3999996185303,-4,1213,68.8462524414063,87
294,2,7.84999990463257,25.3999996185303,-4,1213,68.8462524414063,87
294,2,7.84999990463257,25.3999996185303,-4,1213,68.8462524414063,87
295,0,5.05000019073486,20.6000003814697,-5.09999990463257,2151,62.9359855651856,166
295,0,5.05000019073486,20.6000003814697,-5.09999990463257,2151,62.9359855651856,166
295,0,5.05000019073486,20.6000003814697,-5.09999990463257,2151,62.9359855651856,166
295,0,5.05000019073486,20.6000003814697,-5.09999990463257,2151,62.9359855651856,166
295,1,5.05000019073486,20.6000003814697,-5.09999990463257,2151,62.9359855651856,166
295,1,5.05000019073486,20.6000003814697,-5.09999990463257,2151,62.9359855651856,166
295,1,5.05000019073486,20.6000003814697,-5.09999990463257,2151,62.9359855651856,166
295,1,5.05000019073486,20.6000003814697,-5.09999990463257,2151,62.9359855651856,166
295,2,5.05000019073486,20.6000003814697,-5.09999990463257,2151,62.9359855651856,166
295,2,5.05000019073486,20.6000003814697,-5.09999990463257,2151,62.9359855651856,166
295,2,5.05000019073486,20.6000003814697,-5.09999990463257,2151,62.9359855651856,166
295,2,5.05000019073486,20.6000003814697,-5.09999990463257,2151,62.9359855651856,166
296,0,8.55000019073486,26.2999992370606,-3.59999990463257,1034,70.1948394775391,67
296,0,8.55000019073486,26.2999992370606,-3.59999990463257,1034,70.1948394775391,67
296,0,8.55000019073486,26.2999992370606,-3.59999990463257,1034,70.1948394775391,67
296,0,8.55000019073486,26.2999992370606,-3.59999990463257,1034,70.1948394775391,67
296,1,8.55000019073486,26.2999992370606,-3.59999990463257,1034,70.1948394775391,67
296,1,8.55000019073486,26.2999992370606,-3.59999990463257,1034,70.1948394775391,67
296,1,8.55000019073486,26.2999992370606,-3.59999990463257,1034,70.1948394775391,67
296,1,8.55000019073486,26.2999992370606,-3.59999990463257,1034,70.1948394775391,67
296,2,8.55000019073486,26.2999992370606,-3.59999990463257,1034,70.1948394775391,67
296,2,8.55000019073486,26.2999992370606,-3.59999990463257,1034,70.1948394775391,67
296,2,8.55000019073486,26.2999992370606,-3.59999990463257,1034,70.1948394775391,67
296,2,8.55000019073486,26.2999992370606,-3.59999990463257,1034,70.1948394775391,67
297,0,5.25833320617676,20.8999996185303,-4.80000019073486,1873,65.8657073974609,142
297,0,5.25833320617676,20.8999996185303,-4.80000019073486,1873,65.8657073974609,142
297,0,5.25833320617676,20.8999996185303,-4.80000019073486,1873,65.8657073974609,142
297,0,5.25833320617676,20.8999996185303,-4.80000019073486,1873,65.8657073974609,142
297,1,5.25833320617676,20.8999996185303,-4.80000019073486,1873,65.8657073974609,142
297,1,5.25833320617676,20.8999996185303,-4.80000019073486,1873,65.8657073974609,142
297,1,5.25833320617676,20.8999996185303,-4.80000019073486,1873,65.8657073974609,142
297,1,5.25833320617676,20.8999996185303,-4.80000019073486,1873,65.8657073974609,142
297,2,5.25833320617676,20.8999996185303,-4.80000019073486,1873,65.8657073974609,142
297,2,5.25833320617676,20.8999996185303,-4.80000019073486,1873,65.8657073974609,142
297,2,5.25833320617676,20.8999996185303,-4.80000019073486,1873,65.8657073974609,142
297,2,5.25833320617676,20.8999996185303,-4.80000019073486,1873,65.8657073974609,142
298,0,4.74166679382324,20.5,-5.19999980926514,1695,64.2379302978516,135
298,0,4.74166679382324,20.5,-5.19999980926514,1695,64.2379302978516,135
298,0,4.74166679382324,20.5,-5.19999980926514,1695,64.2379302978516,135
298,0,4.74166679382324,20.5,-5.19999980926514,1695,64.2379302978516,135
298,1,4.74166679382324,20.5,-5.19999980926514,1695,64.2379302978516,135
298,1,4.74166679382324,20.5,-5.19999980926514,1695,64.2379302978516,135
298,1,4.74166679382324,20.5,-5.19999980926514,1695,64.2379302978516,135
298,1,4.74166679382324,20.5,-5.19999980926514,1695,64.2379302978516,135
298,2,4.74166679382324,20.5,-5.19999980926514,1695,64.2379302978516,135
298,2,4.74166679382324,20.5,-5.19999980926514,1695,64.2379302978516,135
298,2,4.74166679382324,20.5,-5.19999980926514,1695,64.2379302978516,135
298,2,4.74166679382324,20.5,-5.19999980926514,1695,64.2379302978516,135
299,0,9.62083339691162,29.1000003814697,-2.40000009536743,1091,66.062126159668,69
299,0,9.62083339691162,29.1000003814697,-2.40000009536743,1091,66.062126159668,69
299,0,9.62083339691162,29.1000003814697,-2.40000009536743,1091,66.062126159668,69
299,0,9.62083339691162,29.1000003814697,-2.40000009536743,1091,66.062126159668,69
299,1,9.62083339691162,29.1000003814697,-2.40000009536743,1091,66.062126159668,69
299,1,9.62083339691162,29.1000003814697,-2.40000009536743,1091,66.062126159668,69
299,1,9.62083339691162,29.1000003814697,-2.40000009536743,1091,66.062126159668,69
299,1,9.62083339691162,29.1000003814697,-2.40000009536743,1091,66.062126159668,69
299,2,9.62083339691162,29.1000003814697,-2.40000009536743,1091,66.062126159668,69
299,2,9.62083339691162,29.1000003814697,-2.40000009536743,1091,66.062126159668,69
299,2,9.62083339691162,29.1000003814697,-2.40000009536743,1091,66.062126159668,69
299,2,9.62083339691162,29.1000003814697,-2.40000009536743,1091,66.062126159668,69
300,0,8.1458330154419,29,-5.80000019073486,617,61.5806045532227,48
300,0,8.1458330154419,29,-5.80000019073486,617,61.5806045532227,48
300,0,8.1458330154419,29,-5.80000019073486,617,61.5806045532227,48
300,0,8.1458330154419,29,-5.80000019073486,617,61.5806045532227,48
300,1,8.1458330154419,29,-5.80000019073486,617,61.5806045532227,48
300,1,8.1458330154419,29,-5.80000019073486,617,61.5806045532227,48
300,1,8.1458330154419,29,-5.80000019073486,617,61.5806045532227,48
300,1,8.1458330154419,29,-5.80000019073486,617,61.5806045532227,48
300,2,8.1458330154419,29,-5.80000019073486,617,61.5806045532227,48
300,2,8.1458330154419,29,-5.80000019073486,617,61.5806045532227,48
300,2,8.1458330154419,29,-5.80000019073486,617,61.5806045532227,48
300,2,8.1458330154419,29,-5.80000019073486,617,61.5806045532227,48
301,0,5.32916688919067,22.2000007629395,-4.80000019073486,1427,67.555290222168,88
301,0,5.32916688919067,22.2000007629395,-4.80000019073486,1427,67.555290222168,88
301,0,5.32916688919067,22.2000007629395,-4.80000019073486,1427,67.555290222168,88
301,0,5.32916688919067,22.2000007629395,-4.80000019073486,1427,67.555290222168,88
301,1,5.32916688919067,22.2000007629395,-4.80000019073486,1427,67.555290222168,88
301,1,5.32916688919067,22.2000007629395,-4.80000019073486,1427,67.555290222168,88
301,1,5.32916688919067,22.2000007629395,-4.80000019073486,1427,67.555290222168,88
301,1,5.32916688919067,22.2000007629395,-4.80000019073486,1427,67.555290222168,88
301,2,5.32916688919067,22.2000007629395,-4.80000019073486,1427,67.555290222168,88
301,2,5.32916688919067,22.2000007629395,-4.80000019073486,1427,67.555290222168,88
301,2,5.32916688919067,22.2000007629395,-4.80000019073486,1427,67.555290222168,88
301,2,5.32916688919067,22.2000007629395,-4.80000019073486,1427,67.555290222168,88
302,0,5.61666679382324,23.7999992370606,-5.69999980926514,1338,67.6644515991211,86
302,0,5.61666679382324,23.7999992370606,-5.69999980926514,1338,67.6644515991211,86
302,0,5.61666679382324,23.7999992370606,-5.69999980926514,1338,67.6644515991211,86
302,0,5.61666679382324,23.7999992370606,-5.69999980926514,1338,67.6644515991211,86
302,1,5.61666679382324,23.7999992370606,-5.69999980926514,1338,67.6644515991211,86
302,1,5.61666679382324,23.7999992370606,-5.69999980926514,1338,67.6644515991211,86
302,1,5.61666679382324,23.7999992370606,-5.69999980926514,1338,67.6644515991211,86
302,1,5.61666679382324,23.7999992370606,-5.69999980926514,1338,67.6644515991211,86
302,2,5.61666679382324,23.7999992370606,-5.69999980926514,1338,67.6644515991211,86
302,2,5.61666679382324,23.7999992370606,-5.69999980926514,1338,67.6644515991211,86
302,2,5.61666679382324,23.7999992370606,-5.69999980926514,1338,67.6644515991211,86
302,2,5.61666679382324,23.7999992370606,-5.69999980926514,1338,67.6644515991211,86
303,0,8.37083339691162,27.6000003814697,-3.40000009536743,1139,67.6050491333008,77
303,0,8.37083339691162,27.6000003814697,-3.40000009536743,1139,67.6050491333008,77
303,0,8.37083339691162,27.6000003814697,-3.40000009536743,1139,67.6050491333008,77
303,0,8.37083339691162,27.6000003814697,-3.40000009536743,1139,67.6050491333008,77
303,1,8.37083339691162,27.6000003814697,-3.40000009536743,1139,67.6050491333008,77
303,1,8.37083339691162,27.6000003814697,-3.40000009536743,1139,67.6050491333008,77
303,1,8.37083339691162,27.6000003814697,-3.40000009536743,1139,67.6050491333008,77
303,1,8.37083339691162,27.6000003814697,-3.40000009536743,1139,67.6050491333008,77
303,2,8.37083339691162,27.6000003814697,-3.40000009536743,1139,67.6050491333008,77
303,2,8.37083339691162,27.6000003814697,-3.40000009536743,1139,67.6050491333008,77
303,2,8.37083339691162,27.6000003814697,-3.40000009536743,1139,67.6050491333008,77
303,2,8.37083339691162,27.6000003814697,-3.40000009536743,1139,67.6050491333008,77
304,0,6.7708330154419,26.5,-5.90000009536743,886,65.5218048095703,59
304,0,6.7708330154419,26.5,-5.90000009536743,886,65.5218048095703,59
304,0,6.7708330154419,26.5,-5.90000009536743,886,65.5218048095703,59
304,0,6.7708330154419,26.5,-5.90000009536743,886,65.5218048095703,59
304,1,6.7708330154419,26.5,-5.90000009536743,886,65.5218048095703,59
304,1,6.7708330154419,26.5,-5.90000009536743,886,65.5218048095703,59
304,1,6.7708330154419,26.5,-5.90000009536743,886,65.5218048095703,59
304,1,6.7708330154419,26.5,-5.90000009536743,886,65.5218048095703,59
304,2,6.7708330154419,26.5,-5.90000009536743,886,65.5218048095703,59
304,2,6.7708330154419,26.5,-5.90000009536743,886,65.5218048095703,59
304,2,6.7708330154419,26.5,-5.90000009536743,886,65.5218048095703,59
304,2,6.7708330154419,26.5,-5.90000009536743,886,65.5218048095703,59
305,0,7.23750019073486,26.1000003814697,-4.59999990463257,924,65.3080139160156,63
305,0,7.23750019073486,26.1000003814697,-4.59999990463257,924,65.3080139160156,63
305,0,7.23750019073486,26.1000003814697,-4.59999990463257,924,65.3080139160156,63
305,0,7.23750019073486,26.1000003814697,-4.59999990463257,924,65.3080139160156,63
305,1,7.23750019073486,26.1000003814697,-4.59999990463257,924,65.3080139160156,63
305,1,7.23750019073486,26.1000003814697,-4.59999990463257,924,65.3080139160156,63
305,1,7.23750019073486,26.1000003814697,-4.59999990463257,924,65.3080139160156,63
305,1,7.23750019073486,26.1000003814697,-4.59999990463257,924,65.3080139160156,63
305,2,7.23750019073486,26.1000003814697,-4.59999990463257,924,65.3080139160156,63
305,2,7.23750019073486,26.1000003814697,-4.59999990463257,924,65.3080139160156,63
305,2,7.23750019073486,26.1000003814697,-4.59999990463257,924,65.3080139160156,63
305,2,7.23750019073486,26.1000003814697,-4.59999990463257,924,65.3080139160156,63
306,0,5.98333311080933,25,-6,1299,68.4739456176758,84
306,0,5.98333311080933,25,-6,1299,68.4739456176758,84
306,0,5.98333311080933,25,-6,1299,68.4739456176758,84
306,0,5.98333311080933,25,-6,1299,68.4739456176758,84
306,1,5.98333311080933,25,-6,1299,68.4739456176758,84
306,1,5.98333311080933,25,-6,1299,68.4739456176758,84
306,1,5.98333311080933,25,-6,1299,68.4739456176758,84
306,1,5.98333311080933,25,-6,1299,68.4739456176758,84
306,2,5.98333311080933,25,-6,1299,68.4739456176758,84
306,2,5.98333311080933,25,-6,1299,68.4739456176758,84
306,2,5.98333311080933,25,-6,1299,68.4739456176758,84
306,2,5.98333311080933,25,-6,1299,68.4739456176758,84
307,0,11.3458337783813,31.3999996185303,-1.20000004768372,722,67.5943069458008,51
307,0,11.3458337783813,31.3999996185303,-1.20000004768372,722,67.5943069458008,51
307,0,11.3458337783813,31.3999996185303,-1.20000004768372,722,67.5943069458008,51
307,0,11.3458337783813,31.3999996185303,-1.20000004768372,722,67.5943069458008,51
307,1,11.3458337783813,31.3999996185303,-1.20000004768372,722,67.5943069458008,51
307,1,11.3458337783813,31.3999996185303,-1.20000004768372,722,67.5943069458008,51
307,1,11.3458337783813,31.3999996185303,-1.20000004768372,722,67.5943069458008,51
307,1,11.3458337783813,31.3999996185303,-1.20000004768372,722,67.5943069458008,51
307,2,11.3458337783813,31.3999996185303,-1.20000004768372,722,67.5943069458008,51
307,2,11.3458337783813,31.3999996185303,-1.20000004768372,722,67.5943069458008,51
307,2,11.3458337783813,31.3999996185303,-1.20000004768372,722,67.5943069458008,51
307,2,11.3458337783813,31.3999996185303,-1.20000004768372,722,67.5943069458008,51
308,0,7.62916660308838,26.3999996185303,-4,988,65.667594909668,67
308,0,7.62916660308838,26.3999996185303,-4,988,65.667594909668,67
308,0,7.62916660308838,26.3999996185303,-4,988,65.667594909668,67
308,0,7.62916660308838,26.3999996185303,-4,988,65.667594909668,67
308,1,7.62916660308838,26.3999996185303,-4,988,65.667594909668,67
308,1,7.62916660308838,26.3999996185303,-4,988,65.667594909668,67
308,1,7.62916660308838,26.3999996185303,-4,988,65.667594909668,67
308,1,7.62916660308838,26.3999996185303,-4,988,65.667594909668,67
308,2,7.62916660308838,26.3999996185303,-4,988,65.667594909668,67
308,2,7.62916660308838,26.3999996185303,-4,988,65.667594909668,67
308,2,7.62916660308838,26.3999996185303,-4,988,65.667594909668,67
308,2,7.62916660308838,26.3999996185303,-4,988,65.667594909668,67
309,0,6.05416679382324,25.2000007629395,-6.09999990463257,921,64.1216201782227,63
309,0,6.05416679382324,25.2000007629395,-6.09999990463257,921,64.1216201782227,63
309,0,6.05416679382324,25.2000007629395,-6.09999990463257,921,64.1216201782227,63
309,0,6.05416679382324,25.2000007629395,-6.09999990463257,921,64.1216201782227,63
309,1,6.05416679382324,25.2000007629395,-6.09999990463257,921,64.1216201782227,63
309,1,6.05416679382324,25.2000007629395,-6.09999990463257,921,64.1216201782227,63
309,1,6.05416679382324,25.2000007629395,-6.09999990463257,921,64.1216201782227,63
309,1,6.05416679382324,25.2000007629395,-6.09999990463257,921,64.1216201782227,63
309,2,6.05416679382324,25.2000007629395,-6.09999990463257,921,64.1216201782227,63
309,2,6.05416679382324,25.2000007629395,-6.09999990463257,921,64.1216201782227,63
309,2,6.05416679382324,25.2000007629395,-6.09999990463257,921,64.1216201782227,63
309,2,6.05416679382324,25.2000007629395,-6.09999990463257,921,64.1216201782227,63
310,0,8.77500057220459,28.2000007629395,-3.40000009536743,1108,66.9844741821289,75
310,0,8.77500057220459,28.2000007629395,-3.40000009536743,1108,66.9844741821289,75
310,0,8.77500057220459,28.2000007629395,-3.40000009536743,1108,66.9844741821289,75
310,0,8.77500057220459,28.2000007629395,-3.40000009536743,1108,66.9844741821289,75
310,1,8.77500057220459,28.2000007629395,-3.40000009536743,1108,66.9844741821289,75
310,1,8.77500057220459,28.2000007629395,-3.40000009536743,1108,66.9844741821289,75
310,1,8.77500057220459,28.2000007629395,-3.40000009536743,1108,66.9844741821289,75
310,1,8.77500057220459,28.2000007629395,-3.40000009536743,1108,66.9844741821289,75
310,2,8.77500057220459,28.2000007629395,-3.40000009536743,1108,66.9844741821289,75
310,2,8.77500057220459,28.2000007629395,-3.40000009536743,1108,66.9844741821289,75
310,2,8.77500057220459,28.2000007629395,-3.40000009536743,1108,66.9844741821289,75
310,2,8.77500057220459,28.2000007629395,-3.40000009536743,1108,66.9844741821289,75
311,0,11.2041664123535,30.1000003814697,-0.200000002980232,900,68.4969177246094,59
311,0,11.2041664123535,30.1000003814697,-0.200000002980232,900,68.4969177246094,59
311,0,11.2041664123535,30.1000003814697,-0.200000002980232,900,68.4969177246094,59
311,0,11.2041664123535,30.1000003814697,-0.200000002980232,900,68.4969177246094,59
311,1,11.2041664123535,30.1000003814697,-0.200000002980232,900,68.4969177246094,59
311,1,11.2041664123535,30.1000003814697,-0.200000002980232,900,68.4969177246094,59
311,1,11.2041664123535,30.1000003814697,-0.200000002980232,900,68.4969177246094,59
311,1,11.2041664123535,30.1000003814697,-0.200000002980232,900,68.4969177246094,59
311,2,11.2041664123535,30.1000003814697,-0.200000002980232,900,68.4969177246094,59
311,2,11.2041664123535,30.1000003814697,-0.200000002980232,900,68.4969177246094,59
311,2,11.2041664123535,30.1000003814697,-0.200000002980232,900,68.4969177246094,59
311,2,11.2041664123535,30.1000003814697,-0.200000002980232,900,68.4969177246094,59
312,0,8.63333320617676,28.2000007629395,-3.59999990463257,1109,67.4428100585938,75
312,0,8.63333320617676,28.2000007629395,-3.59999990463257,1109,67.4428100585938,75
312,0,8.63333320617676,28.2000007629395,-3.59999990463257,1109,67.4428100585938,75
312,0,8.63333320617676,28.2000007629395,-3.59999990463257,1109,67.4428100585938,75
312,1,8.63333320617676,28.2000007629395,-3.59999990463257,1109,67.4428100585938,75
312,1,8.63333320617676,28.2000007629395,-3.59999990463257,1109,67.4428100585938,75
312,1,8.63333320617676,28.2000007629395,-3.59999990463257,1109,67.4428100585938,75
312,1,8.63333320617676,28.2000007629395,-3.59999990463257,1109,67.4428100585938,75
312,2,8.63333320617676,28.2000007629395,-3.59999990463257,1109,67.4428100585938,75
312,2,8.63333320617676,28.2000007629395,-3.59999990463257,1109,67.4428100585938,75
312,2,8.63333320617676,28.2000007629395,-3.59999990463257,1109,67.4428100585938,75
312,2,8.63333320617676,28.2000007629395,-3.59999990463257,1109,67.4428100585938,75
313,0,9.08333301544189,28.8999996185303,-3.40000009536743,974,65.9569854736328,64
313,0,9.08333301544189,28.8999996185303,-3.40000009536743,974,65.9569854736328,64
313,0,9.08333301544189,28.8999996185303,-3.40000009536743,974,65.9569854736328,64
313,0,9.08333301544189,28.8999996185303,-3.40000009536743,974,65.9569854736328,64
313,1,9.08333301544189,28.8999996185303,-3.40000009536743,974,65.9569854736328,64
313,1,9.08333301544189,28.8999996185303,-3.40000009536743,974,65.9569854736328,64
313,1,9.08333301544189,28.8999996185303,-3.40000009536743,974,65.9569854736328,64
313,1,9.08333301544189,28.8999996185303,-3.40000009536743,974,65.9569854736328,64
313,2,9.08333301544189,28.8999996185303,-3.40000009536743,974,65.9569854736328,64
313,2,9.08333301544189,28.8999996185303,-3.40000009536743,974,65.9569854736328,64
313,2,9.08333301544189,28.8999996185303,-3.40000009536743,974,65.9569854736328,64
313,2,9.08333301544189,28.8999996185303,-3.40000009536743,974,65.9569854736328,64
314,0,10.1041669845581,29.7999992370606,-2.29999995231628,684,60.4320907592773,53
314,0,10.1041669845581,29.7999992370606,-2.29999995231628,684,60.4320907592773,53
314,0,10.1041669845581,29.7999992370606,-2.29999995231628,684,60.4320907592773,53
314,0,10.1041669845581,29.7999992370606,-2.29999995231628,684,60.4320907592773,53
314,1,10.1041669845581,29.7999992370606,-2.29999995231628,684,60.4320907592773,53
314,1,10.1041669845581,29.7999992370606,-2.29999995231628,684,60.4320907592773,53
314,1,10.1041669845581,29.7999992370606,-2.29999995231628,684,60.4320907592773,53
314,1,10.1041669845581,29.7999992370606,-2.29999995231628,684,60.4320907592773,53
314,2,10.1041669845581,29.7999992370606,-2.29999995231628,684,60.4320907592773,53
314,2,10.1041669845581,29.7999992370606,-2.29999995231628,684,60.4320907592773,53
314,2,10.1041669845581,29.7999992370606,-2.29999995231628,684,60.4320907592773,53
314,2,10.1041669845581,29.7999992370606,-2.29999995231628,684,60.4320907592773,53
315,0,10.9083337783813,30.2000007629395,-0.699999988079071,954,71.5936050415039,57
315,0,10.9083337783813,30.2000007629395,-0.699999988079071,954,71.5936050415039,57
315,0,10.9083337783813,30.2000007629395,-0.699999988079071,954,71.5936050415039,57
315,0,10.9083337783813,30.2000007629395,-0.699999988079071,954,71.5936050415039,57
315,1,10.9083337783813,30.2000007629395,-0.699999988079071,954,71.5936050415039,57
315,1,10.9083337783813,30.2000007629395,-0.699999988079071,954,71.5936050415039,57
315,1,10.9083337783813,30.2000007629395,-0.699999988079071,954,71.5936050415039,57
315,1,10.9083337783813,30.2000007629395,-0.699999988079071,954,71.5936050415039,57
315,2,10.9083337783813,30.2000007629395,-0.699999988079071,954,71.5936050415039,57
315,2,10.9083337783813,30.2000007629395,-0.699999988079071,954,71.5936050415039,57
315,2,10.9083337783813,30.2000007629395,-0.699999988079071,954,71.5936050415039,57
315,2,10.9083337783813,30.2000007629395,-0.699999988079071,954,71.5936050415039,57
316,0,8.65833377838135,27.2999992370606,-2.70000004768372,830,66.0236206054688,57
316,0,8.65833377838135,27.2999992370606,-2.70000004768372,830,66.0236206054688,57
316,0,8.65833377838135,27.2999992370606,-2.70000004768372,830,66.0236206054688,57
316,0,8.65833377838135,27.2999992370606,-2.70000004768372,830,66.0236206054688,57
316,1,8.65833377838135,27.2999992370606,-2.70000004768372,830,66.0236206054688,57
316,1,8.65833377838135,27.2999992370606,-2.70000004768372,830,66.0236206054688,57
316,1,8.65833377838135,27.2999992370606,-2.70000004768372,830,66.0236206054688,57
316,1,8.65833377838135,27.2999992370606,-2.70000004768372,830,66.0236206054688,57
316,2,8.65833377838135,27.2999992370606,-2.70000004768372,830,66.0236206054688,57
316,2,8.65833377838135,27.2999992370606,-2.70000004768372,830,66.0236206054688,57
316,2,8.65833377838135,27.2999992370606,-2.70000004768372,830,66.0236206054688,57
316,2,8.65833377838135,27.2999992370606,-2.70000004768372,830,66.0236206054688,57
317,0,5.65833330154419,24.2000007629395,-5.90000009536743,1049,63.7034645080566,70
317,0,5.65833330154419,24.2000007629395,-5.90000009536743,1049,63.7034645080566,70
317,0,5.65833330154419,24.2000007629395,-5.90000009536743,1049,63.7034645080566,70
317,0,5.65833330154419,24.2000007629395,-5.90000009536743,1049,63.7034645080566,70
317,1,5.65833330154419,24.2000007629395,-5.90000009536743,1049,63.7034645080566,70
317,1,5.65833330154419,24.2000007629395,-5.90000009536743,1049,63.7034645080566,70
317,1,5.65833330154419,24.2000007629395,-5.90000009536743,1049,63.7034645080566,70
317,1,5.65833330154419,24.2000007629395,-5.90000009536743,1049,63.7034645080566,70
317,2,5.65833330154419,24.2000007629395,-5.90000009536743,1049,63.7034645080566,70
317,2,5.65833330154419,24.2000007629395,-5.90000009536743,1049,63.7034645080566,70
317,2,5.65833330154419,24.2000007629395,-5.90000009536743,1049,63.7034645080566,70
317,2,5.65833330154419,24.2000007629395,-5.90000009536743,1049,63.7034645080566,70
318,0,7.5625,25.8999996185303,-3.40000009536743,1221,67.6535873413086,77
318,0,7.5625,25.8999996185303,-3.40000009536743,1221,67.6535873413086,77
318,0,7.5625,25.8999996185303,-3.40000009536743,1221,67.6535873413086,77
318,0,7.5625,25.8999996185303,-3.40000009536743,1221,67.6535873413086,77
318,1,7.5625,25.8999996185303,-3.40000009536743,1221,67.6535873413086,77
318,1,7.5625,25.8999996185303,-3.40000009536743,1221,67.6535873413086,77
318,1,7.5625,25.8999996185303,-3.40000009536743,1221,67.6535873413086,77
318,1,7.5625,25.8999996185303,-3.40000009536743,1221,67.6535873413086,77
318,2,7.5625,25.8999996185303,-3.40000009536743,1221,67.6535873413086,77
318,2,7.5625,25.8999996185303,-3.40000009536743,1221,67.6535873413086,77
318,2,7.5625,25.8999996185303,-3.40000009536743,1221,67.6535873413086,77
318,2,7.5625,25.8999996185303,-3.40000009536743,1221,67.6535873413086,77
319,0,6.625,25.2999992370606,-4.90000009536743,983,64.8804244995117,65
319,0,6.625,25.2999992370606,-4.90000009536743,983,64.8804244995117,65
319,0,6.625,25.2999992370606,-4.90000009536743,983,64.8804244995117,65
319,0,6.625,25.2999992370606,-4.90000009536743,983,64.8804244995117,65
319,1,6.625,25.2999992370606,-4.90000009536743,983,64.8804244995117,65
319,1,6.625,25.2999992370606,-4.90000009536743,983,64.8804244995117,65
319,1,6.625,25.2999992370606,-4.90000009536743,983,64.8804244995117,65
319,1,6.625,25.2999992370606,-4.90000009536743,983,64.8804244995117,65
319,2,6.625,25.2999992370606,-4.90000009536743,983,64.8804244995117,65
319,2,6.625,25.2999992370606,-4.90000009536743,983,64.8804244995117,65
319,2,6.625,25.2999992370606,-4.90000009536743,983,64.8804244995117,65
319,2,6.625,25.2999992370606,-4.90000009536743,983,64.8804244995117,65
320,0,7.99583339691162,26,-2.79999995231628,1106,70.0002365112305,68
320,0,7.99583339691162,26,-2.79999995231628,1106,70.0002365112305,68
320,0,7.99583339691162,26,-2.79999995231628,1106,70.0002365112305,68
320,0,7.99583339691162,26,-2.79999995231628,1106,70.0002365112305,68
320,1,7.99583339691162,26,-2.79999995231628,1106,70.0002365112305,68
320,1,7.99583339691162,26,-2.79999995231628,1106,70.0002365112305,68
320,1,7.99583339691162,26,-2.79999995231628,1106,70.0002365112305,68
320,1,7.99583339691162,26,-2.79999995231628,1106,70.0002365112305,68
320,2,7.99583339691162,26,-2.79999995231628,1106,70.0002365112305,68
320,2,7.99583339691162,26,-2.79999995231628,1106,70.0002365112305,68
320,2,7.99583339691162,26,-2.79999995231628,1106,70.0002365112305,68
320,2,7.99583339691162,26,-2.79999995231628,1106,70.0002365112305,68
321,0,9.45416641235352,28.5,-2.20000004768372,810,67.059455871582,55
321,0,9.45416641235352,28.5,-2.20000004768372,810,67.059455871582,55
321,0,9.45416641235352,28.5,-2.20000004768372,810,67.059455871582,55
321,0,9.45416641235352,28.5,-2.20000004768372,810,67.059455871582,55
321,1,9.45416641235352,28.5,-2.20000004768372,810,67.059455871582,55
321,1,9.45416641235352,28.5,-2.20000004768372,810,67.059455871582,55
321,1,9.45416641235352,28.5,-2.20000004768372,810,67.059455871582,55
321,1,9.45416641235352,28.5,-2.20000004768372,810,67.059455871582,55
321,2,9.45416641235352,28.5,-2.20000004768372,810,67.059455871582,55
321,2,9.45416641235352,28.5,-2.20000004768372,810,67.059455871582,55
321,2,9.45416641235352,28.5,-2.20000004768372,810,67.059455871582,55
321,2,9.45416641235352,28.5,-2.20000004768372,810,67.059455871582,55
322,0,8.90416622161865,28.3999996185303,-3.40000009536743,813,63.5328559875488,58
322,0,8.90416622161865,28.3999996185303,-3.40000009536743,813,63.5328559875488,58
322,0,8.90416622161865,28.3999996185303,-3.40000009536743,813,63.5328559875488,58
322,0,8.90416622161865,28.3999996185303,-3.40000009536743,813,63.5328559875488,58
322,1,8.90416622161865,28.3999996185303,-3.40000009536743,813,63.5328559875488,58
322,1,8.90416622161865,28.3999996185303,-3.40000009536743,813,63.5328559875488,58
322,1,8.90416622161865,28.3999996185303,-3.40000009536743,813,63.5328559875488,58
322,1,8.90416622161865,28.3999996185303,-3.40000009536743,813,63.5328559875488,58
322,2,8.90416622161865,28.3999996185303,-3.40000009536743,813,63.5328559875488,58
322,2,8.90416622161865,28.3999996185303,-3.40000009536743,813,63.5328559875488,58
322,2,8.90416622161865,28.3999996185303,-3.40000009536743,813,63.5328559875488,58
322,2,8.90416622161865,28.3999996185303,-3.40000009536743,813,63.5328559875488,58
323,0,9.70833301544189,28.7000007629395,-1.60000002384186,988,71.9787826538086,59
323,0,9.70833301544189,28.7000007629395,-1.60000002384186,988,71.9787826538086,59
323,0,9.70833301544189,28.7000007629395,-1.60000002384186,988,71.9787826538086,59
323,0,9.70833301544189,28.7000007629395,-1.60000002384186,988,71.9787826538086,59
323,1,9.70833301544189,28.7000007629395,-1.60000002384186,988,71.9787826538086,59
323,1,9.70833301544189,28.7000007629395,-1.60000002384186,988,71.9787826538086,59
323,1,9.70833301544189,28.7000007629395,-1.60000002384186,988,71.9787826538086,59
323,1,9.70833301544189,28.7000007629395,-1.60000002384186,988,71.9787826538086,59
323,2,9.70833301544189,28.7000007629395,-1.60000002384186,988,71.9787826538086,59
323,2,9.70833301544189,28.7000007629395,-1.60000002384186,988,71.9787826538086,59
323,2,9.70833301544189,28.7000007629395,-1.60000002384186,988,71.9787826538086,59
323,2,9.70833301544189,28.7000007629395,-1.60000002384186,988,71.9787826538086,59
324,0,10.2208337783813,29.5,-1.39999997615814,887,68.4054718017578,57
324,0,10.2208337783813,29.5,-1.39999997615814,887,68.4054718017578,57
324,0,10.2208337783813,29.5,-1.39999997615814,887,68.4054718017578,57
324,0,10.2208337783813,29.5,-1.39999997615814,887,68.4054718017578,57
324,1,10.2208337783813,29.5,-1.39999997615814,887,68.4054718017578,57
324,1,10.2208337783813,29.5,-1.39999997615814,887,68.4054718017578,57
324,1,10.2208337783813,29.5,-1.39999997615814,887,68.4054718017578,57
324,1,10.2208337783813,29.5,-1.39999997615814,887,68.4054718017578,57
324,2,10.2208337783813,29.5,-1.39999997615814,887,68.4054718017578,57
324,2,10.2208337783813,29.5,-1.39999997615814,887,68.4054718017578,57
324,2,10.2208337783813,29.5,-1.39999997615814,887,68.4054718017578,57
324,2,10.2208337783813,29.5,-1.39999997615814,887,68.4054718017578,57
325,0,9.27499961853027,29,-3.20000004768372,812,63.2305793762207,58
325,0,9.27499961853027,29,-3.20000004768372,812,63.2305793762207,58
325,0,9.27499961853027,29,-3.20000004768372,812,63.2305793762207,58
325,0,9.27499961853027,29,-3.20000004768372,812,63.2305793762207,58
325,1,9.27499961853027,29,-3.20000004768372,812,63.2305793762207,58
325,1,9.27499961853027,29,-3.20000004768372,812,63.2305793762207,58
325,1,9.27499961853027,29,-3.20000004768372,812,63.2305793762207,58
325,1,9.27499961853027,29,-3.20000004768372,812,63.2305793762207,58
325,2,9.27499961853027,29,-3.20000004768372,812,63.2305793762207,58
325,2,9.27499961853027,29,-3.20000004768372,812,63.2305793762207,58
325,2,9.27499961853027,29,-3.20000004768372,812,63.2305793762207,58
325,2,9.27499961853027,29,-3.20000004768372,812,63.2305793762207,58
326,0,7.19583320617676,25.8999996185303,-4.30000019073486,1103,67.8010711669922,73
326,0,7.19583320617676,25.8999996185303,-4.30000019073486,1103,67.8010711669922,73
326,0,7.19583320617676,25.8999996185303,-4.30000019073486,1103,67.8010711669922,73
326,0,7.19583320617676,25.8999996185303,-4.30000019073486,1103,67.8010711669922,73
326,1,7.19583320617676,25.8999996185303,-4.30000019073486,1103,67.8010711669922,73
326,1,7.19583320617676,25.8999996185303,-4.30000019073486,1103,67.8010711669922,73
326,1,7.19583320617676,25.8999996185303,-4.30000019073486,1103,67.8010711669922,73
326,1,7.19583320617676,25.8999996185303,-4.30000019073486,1103,67.8010711669922,73
326,2,7.19583320617676,25.8999996185303,-4.30000019073486,1103,67.8010711669922,73
326,2,7.19583320617676,25.8999996185303,-4.30000019073486,1103,67.8010711669922,73
326,2,7.19583320617676,25.8999996185303,-4.30000019073486,1103,67.8010711669922,73
326,2,7.19583320617676,25.8999996185303,-4.30000019073486,1103,67.8010711669922,73
327,0,8.3333330154419,27.7000007629395,-3.70000004768372,962,65.8455963134766,65
327,0,8.3333330154419,27.7000007629395,-3.70000004768372,962,65.8455963134766,65
327,0,8.3333330154419,27.7000007629395,-3.70000004768372,962,65.8455963134766,65
327,0,8.3333330154419,27.7000007629395,-3.70000004768372,962,65.8455963134766,65
327,1,8.3333330154419,27.7000007629395,-3.70000004768372,962,65.8455963134766,65
327,1,8.3333330154419,27.7000007629395,-3.70000004768372,962,65.8455963134766,65
327,1,8.3333330154419,27.7000007629395,-3.70000004768372,962,65.8455963134766,65
327,1,8.3333330154419,27.7000007629395,-3.70000004768372,962,65.8455963134766,65
327,2,8.3333330154419,27.7000007629395,-3.70000004768372,962,65.8455963134766,65
327,2,8.3333330154419,27.7000007629395,-3.70000004768372,962,65.8455963134766,65
327,2,8.3333330154419,27.7000007629395,-3.70000004768372,962,65.8455963134766,65
327,2,8.3333330154419,27.7000007629395,-3.70000004768372,962,65.8455963134766,65
328,0,11.4875001907349,31.3999996185303,-0.800000011920929,759,73.1445999145508,47
328,0,11.4875001907349,31.3999996185303,-0.800000011920929,759,73.1445999145508,47
328,0,11.4875001907349,31.3999996185303,-0.800000011920929,759,73.1445999145508,47
328,0,11.4875001907349,31.3999996185303,-0.800000011920929,759,73.1445999145508,47
328,1,11.4875001907349,31.3999996185303,-0.800000011920929,759,73.1445999145508,47
328,1,11.4875001907349,31.3999996185303,-0.800000011920929,759,73.1445999145508,47
328,1,11.4875001907349,31.3999996185303,-0.800000011920929,759,73.1445999145508,47
328,1,11.4875001907349,31.3999996185303,-0.800000011920929,759,73.1445999145508,47
328,2,11.4875001907349,31.3999996185303,-0.800000011920929,759,73.1445999145508,47
328,2,11.4875001907349,31.3999996185303,-0.800000011920929,759,73.1445999145508,47
328,2,11.4875001907349,31.3999996185303,-0.800000011920929,759,73.1445999145508,47
328,2,11.4875001907349,31.3999996185303,-0.800000011920929,759,73.1445999145508,47
329,0,7.02500009536743,25.7000007629395,-4.69999980926514,966,65.4000396728516,64
329,0,7.02500009536743,25.7000007629395,-4.69999980926514,966,65.4000396728516,64
329,0,7.02500009536743,25.7000007629395,-4.69999980926514,966,65.4000396728516,64
329,0,7.02500009536743,25.7000007629395,-4.69999980926514,966,65.4000396728516,64
329,1,7.02500009536743,25.7000007629395,-4.69999980926514,966,65.4000396728516,64
329,1,7.02500009536743,25.7000007629395,-4.69999980926514,966,65.4000396728516,64
329,1,7.02500009536743,25.7000007629395,-4.69999980926514,966,65.4000396728516,64
329,1,7.02500009536743,25.7000007629395,-4.69999980926514,966,65.4000396728516,64
329,2,7.02500009536743,25.7000007629395,-4.69999980926514,966,65.4000396728516,64
329,2,7.02500009536743,25.7000007629395,-4.69999980926514,966,65.4000396728516,64
329,2,7.02500009536743,25.7000007629395,-4.69999980926514,966,65.4000396728516,64
329,2,7.02500009536743,25.7000007629395,-4.69999980926514,966,65.4000396728516,64
334,0,7.61249971389771,27.7000007629395,-5.09999990463257,760,66.1583938598633,63
334,0,7.61249971389771,27.7000007629395,-5.09999990463257,760,66.1583938598633,63
334,0,7.61249971389771,27.7000007629395,-5.09999990463257,760,66.1583938598633,63
334,0,7.61249971389771,27.7000007629395,-5.09999990463257,760,66.1583938598633,63
334,1,7.61249971389771,27.7000007629395,-5.09999990463257,760,66.1583938598633,63
334,1,7.61249971389771,27.7000007629395,-5.09999990463257,760,66.1583938598633,63
334,1,7.61249971389771,27.7000007629395,-5.09999990463257,760,66.1583938598633,63
334,1,7.61249971389771,27.7000007629395,-5.09999990463257,760,66.1583938598633,63
334,2,7.61249971389771,27.7000007629395,-5.09999990463257,760,66.1583938598633,63
334,2,7.61249971389771,27.7000007629395,-5.09999990463257,760,66.1583938598633,63
334,2,7.61249971389771,27.7000007629395,-5.09999990463257,760,66.1583938598633,63
334,2,7.61249971389771,27.7000007629395,-5.09999990463257,760,66.1583938598633,63
335,0,6.64166688919067,25.1000003814697,-5,1078,63.9580955505371,93
335,0,6.64166688919067,25.1000003814697,-5,1078,63.9580955505371,93
335,0,6.64166688919067,25.1000003814697,-5,1078,63.9580955505371,93
335,0,6.64166688919067,25.1000003814697,-5,1078,63.9580955505371,93
335,1,6.64166688919067,25.1000003814697,-5,1078,63.9580955505371,93
335,1,6.64166688919067,25.1000003814697,-5,1078,63.9580955505371,93
335,1,6.64166688919067,25.1000003814697,-5,1078,63.9580955505371,93
335,1,6.64166688919067,25.1000003814697,-5,1078,63.9580955505371,93
335,2,6.64166688919067,25.1000003814697,-5,1078,63.9580955505371,93
335,2,6.64166688919067,25.1000003814697,-5,1078,63.9580955505371,93
335,2,6.64166688919067,25.1000003814697,-5,1078,63.9580955505371,93
335,2,6.64166688919067,25.1000003814697,-5,1078,63.9580955505371,93
336,0,7.30833339691162,27.2000007629395,-5.19999980926514,765,66.0675888061524,63
336,0,7.30833339691162,27.2000007629395,-5.19999980926514,765,66.0675888061524,63
336,0,7.30833339691162,27.2000007629395,-5.19999980926514,765,66.0675888061524,63
336,0,7.30833339691162,27.2000007629395,-5.19999980926514,765,66.0675888061524,63
336,1,7.30833339691162,27.2000007629395,-5.19999980926514,765,66.0675888061524,63
336,1,7.30833339691162,27.2000007629395,-5.19999980926514,765,66.0675888061524,63
336,1,7.30833339691162,27.2000007629395,-5.19999980926514,765,66.0675888061524,63
336,1,7.30833339691162,27.2000007629395,-5.19999980926514,765,66.0675888061524,63
336,2,7.30833339691162,27.2000007629395,-5.19999980926514,765,66.0675888061524,63
336,2,7.30833339691162,27.2000007629395,-5.19999980926514,765,66.0675888061524,63
336,2,7.30833339691162,27.2000007629395,-5.19999980926514,765,66.0675888061524,63
336,2,7.30833339691162,27.2000007629395,-5.19999980926514,765,66.0675888061524,63
337,0,7.68333339691162,27.7999992370606,-5.09999990463257,784,65.9453430175781,64
337,0,7.68333339691162,27.7999992370606,-5.09999990463257,784,65.9453430175781,64
337,0,7.68333339691162,27.7999992370606,-5.09999990463257,784,65.9453430175781,64
337,0,7.68333339691162,27.7999992370606,-5.09999990463257,784,65.9453430175781,64
337,1,7.68333339691162,27.7999992370606,-5.09999990463257,784,65.9453430175781,64
337,1,7.68333339691162,27.7999992370606,-5.09999990463257,784,65.9453430175781,64
337,1,7.68333339691162,27.7999992370606,-5.09999990463257,784,65.9453430175781,64
337,1,7.68333339691162,27.7999992370606,-5.09999990463257,784,65.9453430175781,64
337,2,7.68333339691162,27.7999992370606,-5.09999990463257,784,65.9453430175781,64
337,2,7.68333339691162,27.7999992370606,-5.09999990463257,784,65.9453430175781,64
337,2,7.68333339691162,27.7999992370606,-5.09999990463257,784,65.9453430175781,64
337,2,7.68333339691162,27.7999992370606,-5.09999990463257,784,65.9453430175781,64
338,0,7,26.7999992370606,-5.5,628,63.0965843200684,61
338,0,7,26.7999992370606,-5.5,628,63.0965843200684,61
338,0,7,26.7999992370606,-5.5,628,63.0965843200684,61
338,0,7,26.7999992370606,-5.5,628,63.0965843200684,61
338,1,7,26.7999992370606,-5.5,628,63.0965843200684,61
338,1,7,26.7999992370606,-5.5,628,63.0965843200684,61
338,1,7,26.7999992370606,-5.5,628,63.0965843200684,61
338,1,7,26.7999992370606,-5.5,628,63.0965843200684,61
338,2,7,26.7999992370606,-5.5,628,63.0965843200684,61
338,2,7,26.7999992370606,-5.5,628,63.0965843200684,61
338,2,7,26.7999992370606,-5.5,628,63.0965843200684,61
338,2,7,26.7999992370606,-5.5,628,63.0965843200684,61
339,0,6.90000009536743,26.2000007629395,-5.19999980926514,764,63.8558959960938,70
339,0,6.90000009536743,26.2000007629395,-5.19999980926514,764,63.8558959960938,70
339,0,6.90000009536743,26.2000007629395,-5.19999980926514,764,63.8558959960938,70
339,0,6.90000009536743,26.2000007629395,-5.19999980926514,764,63.8558959960938,70
339,1,6.90000009536743,26.2000007629395,-5.19999980926514,764,63.8558959960938,70
339,1,6.90000009536743,26.2000007629395,-5.19999980926514,764,63.8558959960938,70
339,1,6.90000009536743,26.2000007629395,-5.19999980926514,764,63.8558959960938,70
339,1,6.90000009536743,26.2000007629395,-5.19999980926514,764,63.8558959960938,70
339,2,6.90000009536743,26.2000007629395,-5.19999980926514,764,63.8558959960938,70
339,2,6.90000009536743,26.2000007629395,-5.19999980926514,764,63.8558959960938,70
339,2,6.90000009536743,26.2000007629395,-5.19999980926514,764,63.8558959960938,70
339,2,6.90000009536743,26.2000007629395,-5.19999980926514,764,63.8558959960938,70
340,0,6.55000019073486,25.6000003814697,-5.5,830,65.1338653564453,74
340,0,6.55000019073486,25.6000003814697,-5.5,830,65.1338653564453,74
340,0,6.55000019073486,25.6000003814697,-5.5,830,65.1338653564453,74
340,0,6.55000019073486,25.6000003814697,-5.5,830,65.1338653564453,74
340,1,6.55000019073486,25.6000003814697,-5.5,830,65.1338653564453,74
340,1,6.55000019073486,25.6000003814697,-5.5,830,65.1338653564453,74
340,1,6.55000019073486,25.6000003814697,-5.5,830,65.1338653564453,74
340,1,6.55000019073486,25.6000003814697,-5.5,830,65.1338653564453,74
340,2,6.55000019073486,25.6000003814697,-5.5,830,65.1338653564453,74
340,2,6.55000019073486,25.6000003814697,-5.5,830,65.1338653564453,74
340,2,6.55000019073486,25.6000003814697,-5.5,830,65.1338653564453,74
340,2,6.55000019073486,25.6000003814697,-5.5,830,65.1338653564453,74
341,0,10.1791667938232,27.7000007629395,-0.200000002980232,1687,78.5279235839844,76
341,0,10.1791667938232,27.7000007629395,-0.200000002980232,1687,78.5279235839844,76
341,0,10.1791667938232,27.7000007629395,-0.200000002980232,1687,78.5279235839844,76
341,0,10.1791667938232,27.7000007629395,-0.200000002980232,1687,78.5279235839844,76
341,1,10.1791667938232,27.7000007629395,-0.200000002980232,1687,78.5279235839844,76
341,1,10.1791667938232,27.7000007629395,-0.200000002980232,1687,78.5279235839844,76
341,1,10.1791667938232,27.7000007629395,-0.200000002980232,1687,78.5279235839844,76
341,1,10.1791667938232,27.7000007629395,-0.200000002980232,1687,78.5279235839844,76
341,2,10.1791667938232,27.7000007629395,-0.200000002980232,1687,78.5279235839844,76
341,2,10.1791667938232,27.7000007629395,-0.200000002980232,1687,78.5279235839844,76
341,2,10.1791667938232,27.7000007629395,-0.200000002980232,1687,78.5279235839844,76
341,2,10.1791667938232,27.7000007629395,-0.200000002980232,1687,78.5279235839844,76
342,0,12.1291666030884,31,0.699999988079071,907,75.0053558349609,50
342,0,12.1291666030884,31,0.699999988079071,907,75.0053558349609,50
342,0,12.1291666030884,31,0.699999988079071,907,75.0053558349609,50
342,0,12.1291666030884,31,0.699999988079071,907,75.0053558349609,50
342,1,12.1291666030884,31,0.699999988079071,907,75.0053558349609,50
342,1,12.1291666030884,31,0.699999988079071,907,75.0053558349609,50
342,1,12.1291666030884,31,0.699999988079071,907,75.0053558349609,50
342,1,12.1291666030884,31,0.699999988079071,907,75.0053558349609,50
342,2,12.1291666030884,31,0.699999988079071,907,75.0053558349609,50
342,2,12.1291666030884,31,0.699999988079071,907,75.0053558349609,50
342,2,12.1291666030884,31,0.699999988079071,907,75.0053558349609,50
342,2,12.1291666030884,31,0.699999988079071,907,75.0053558349609,50
343,0,11.158332824707,29,0.600000023841858,1319,76.1154708862305,68
343,0,11.158332824707,29,0.600000023841858,1319,76.1154708862305,68
343,0,11.158332824707,29,0.600000023841858,1319,76.1154708862305,68
343,0,11.158332824707,29,0.600000023841858,1319,76.1154708862305,68
343,1,11.158332824707,29,0.600000023841858,1319,76.1154708862305,68
343,1,11.158332824707,29,0.600000023841858,1319,76.1154708862305,68
343,1,11.158332824707,29,0.600000023841858,1319,76.1154708862305,68
343,1,11.158332824707,29,0.600000023841858,1319,76.1154708862305,68
343,2,11.158332824707,29,0.600000023841858,1319,76.1154708862305,68
343,2,11.158332824707,29,0.600000023841858,1319,76.1154708862305,68
343,2,11.158332824707,29,0.600000023841858,1319,76.1154708862305,68
343,2,11.158332824707,29,0.600000023841858,1319,76.1154708862305,68
344,0,6.84999990463257,22.5,-2.79999995231628,1687,72.3949508666992,94
344,0,6.84999990463257,22.5,-2.79999995231628,1687,72.3949508666992,94
344,0,6.84999990463257,22.5,-2.79999995231628,1687,72.3949508666992,94
344,0,6.84999990463257,22.5,-2.79999995231628,1687,72.3949508666992,94
344,1,6.84999990463257,22.5,-2.79999995231628,1687,72.3949508666992,94
344,1,6.84999990463257,22.5,-2.79999995231628,1687,72.3949508666992,94
344,1,6.84999990463257,22.5,-2.79999995231628,1687,72.3949508666992,94
344,1,6.84999990463257,22.5,-2.79999995231628,1687,72.3949508666992,94
344,2,6.84999990463257,22.5,-2.79999995231628,1687,72.3949508666992,94
344,2,6.84999990463257,22.5,-2.79999995231628,1687,72.3949508666992,94
344,2,6.84999990463257,22.5,-2.79999995231628,1687,72.3949508666992,94
344,2,6.84999990463257,22.5,-2.79999995231628,1687,72.3949508666992,94
345,0,10.6416664123535,26.7999992370606,1,1629,75.2660980224609,81
345,0,10.6416664123535,26.7999992370606,1,1629,75.2660980224609,81
345,0,10.6416664123535,26.7999992370606,1,1629,75.2660980224609,81
345,0,10.6416664123535,26.7999992370606,1,1629,75.2660980224609,81
345,1,10.6416664123535,26.7999992370606,1,1629,75.2660980224609,81
345,1,10.6416664123535,26.7999992370606,1,1629,75.2660980224609,81
345,1,10.6416664123535,26.7999992370606,1,1629,75.2660980224609,81
345,1,10.6416664123535,26.7999992370606,1,1629,75.2660980224609,81
345,2,10.6416664123535,26.7999992370606,1,1629,75.2660980224609,81
345,2,10.6416664123535,26.7999992370606,1,1629,75.2660980224609,81
345,2,10.6416664123535,26.7999992370606,1,1629,75.2660980224609,81
345,2,10.6416664123535,26.7999992370606,1,1629,75.2660980224609,81
346,0,10.3583335876465,27.6000003814697,0.100000001490116,1727,78.9177780151367,73
346,0,10.3583335876465,27.6000003814697,0.100000001490116,1727,78.9177780151367,73
346,0,10.3583335876465,27.6000003814697,0.100000001490116,1727,78.9177780151367,73
346,0,10.3583335876465,27.6000003814697,0.100000001490116,1727,78.9177780151367,73
346,1,10.3583335876465,27.6000003814697,0.100000001490116,1727,78.9177780151367,73
346,1,10.3583335876465,27.6000003814697,0.100000001490116,1727,78.9177780151367,73
346,1,10.3583335876465,27.6000003814697,0.100000001490116,1727,78.9177780151367,73
346,1,10.3583335876465,27.6000003814697,0.100000001490116,1727,78.9177780151367,73
346,2,10.3583335876465,27.6000003814697,0.100000001490116,1727,78.9177780151367,73
346,2,10.3583335876465,27.6000003814697,0.100000001490116,1727,78.9177780151367,73
346,2,10.3583335876465,27.6000003814697,0.100000001490116,1727,78.9177780151367,73
346,2,10.3583335876465,27.6000003814697,0.100000001490116,1727,78.9177780151367,73
347,0,5.46250009536743,25.2999992370606,-7.30000019073486,652,57.7970886230469,57
347,0,5.46250009536743,25.2999992370606,-7.30000019073486,652,57.7970886230469,57
347,0,5.46250009536743,25.2999992370606,-7.30000019073486,652,57.7970886230469,57
347,0,5.46250009536743,25.2999992370606,-7.30000019073486,652,57.7970886230469,57
347,1,5.46250009536743,25.2999992370606,-7.30000019073486,652,57.7970886230469,57
347,1,5.46250009536743,25.2999992370606,-7.30000019073486,652,57.7970886230469,57
347,1,5.46250009536743,25.2999992370606,-7.30000019073486,652,57.7970886230469,57
347,1,5.46250009536743,25.2999992370606,-7.30000019073486,652,57.7970886230469,57
347,2,5.46250009536743,25.2999992370606,-7.30000019073486,652,57.7970886230469,57
347,2,5.46250009536743,25.2999992370606,-7.30000019073486,652,57.7970886230469,57
347,2,5.46250009536743,25.2999992370606,-7.30000019073486,652,57.7970886230469,57
347,2,5.46250009536743,25.2999992370606,-7.30000019073486,652,57.7970886230469,57
348,0,4.80000019073486,24,-7.40000009536743,783,58.9509887695313,63
348,0,4.80000019073486,24,-7.40000009536743,783,58.9509887695313,63
348,0,4.80000019073486,24,-7.40000009536743,783,58.9509887695313,63
348,0,4.80000019073486,24,-7.40000009536743,783,58.9509887695313,63
348,1,4.80000019073486,24,-7.40000009536743,783,58.9509887695313,63
348,1,4.80000019073486,24,-7.40000009536743,783,58.9509887695313,63
348,1,4.80000019073486,24,-7.40000009536743,783,58.9509887695313,63
348,1,4.80000019073486,24,-7.40000009536743,783,58.9509887695313,63
348,2,4.80000019073486,24,-7.40000009536743,783,58.9509887695313,63
348,2,4.80000019073486,24,-7.40000009536743,783,58.9509887695313,63
348,2,4.80000019073486,24,-7.40000009536743,783,58.9509887695313,63
348,2,4.80000019073486,24,-7.40000009536743,783,58.9509887695313,63
349,0,4.83333349227905,25.5,-9.10000038146973,453,53.2767028808594,59
349,0,4.83333349227905,25.5,-9.10000038146973,453,53.2767028808594,59
349,0,4.83333349227905,25.5,-9.10000038146973,453,53.2767028808594,59
349,0,4.83333349227905,25.5,-9.10000038146973,453,53.2767028808594,59
349,1,4.83333349227905,25.5,-9.10000038146973,453,53.2767028808594,59
349,1,4.83333349227905,25.5,-9.10000038146973,453,53.2767028808594,59
349,1,4.83333349227905,25.5,-9.10000038146973,453,53.2767028808594,59
349,1,4.83333349227905,25.5,-9.10000038146973,453,53.2767028808594,59
349,2,4.83333349227905,25.5,-9.10000038146973,453,53.2767028808594,59
349,2,4.83333349227905,25.5,-9.10000038146973,453,53.2767028808594,59
349,2,4.83333349227905,25.5,-9.10000038146973,453,53.2767028808594,59
349,2,4.83333349227905,25.5,-9.10000038146973,453,53.2767028808594,59
350,0,4.98750019073486,26.5,-9.5,654,64.9807891845703,57
350,0,4.98750019073486,26.5,-9.5,654,64.9807891845703,57
350,0,4.98750019073486,26.5,-9.5,654,64.9807891845703,57
350,0,4.98750019073486,26.5,-9.5,654,64.9807891845703,57
350,1,4.98750019073486,26.5,-9.5,654,64.9807891845703,57
350,1,4.98750019073486,26.5,-9.5,654,64.9807891845703,57
350,1,4.98750019073486,26.5,-9.5,654,64.9807891845703,57
350,1,4.98750019073486,26.5,-9.5,654,64.9807891845703,57
350,2,4.98750019073486,26.5,-9.5,654,64.9807891845703,57
350,2,4.98750019073486,26.5,-9.5,654,64.9807891845703,57
350,2,4.98750019073486,26.5,-9.5,654,64.9807891845703,57
350,2,4.98750019073486,26.5,-9.5,654,64.9807891845703,57
351,0,5.98333311080933,25.7999992370605,-7,884,68.0640182495117,62
351,0,5.98333311080933,25.7999992370605,-7,884,68.0640182495117,62
351,0,5.98333311080933,25.7999992370605,-7,884,68.0640182495117,62
351,0,5.98333311080933,25.7999992370605,-7,884,68.0640182495117,62
351,1,5.98333311080933,25.7999992370605,-7,884,68.0640182495117,62
351,1,5.98333311080933,25.7999992370605,-7,884,68.0640182495117,62
351,1,5.98333311080933,25.7999992370605,-7,884,68.0640182495117,62
351,1,5.98333311080933,25.7999992370605,-7,884,68.0640182495117,62
351,2,5.98333311080933,25.7999992370605,-7,884,68.0640182495117,62
351,2,5.98333311080933,25.7999992370605,-7,884,68.0640182495117,62
351,2,5.98333311080933,25.7999992370605,-7,884,68.0640182495117,62
351,2,5.98333311080933,25.7999992370605,-7,884,68.0640182495117,62
352,0,5.94999980926514,27.2999992370606,-8.19999980926514,712,67.5016403198242,65
352,0,5.94999980926514,27.2999992370606,-8.19999980926514,712,67.5016403198242,65
352,0,5.94999980926514,27.2999992370606,-8.19999980926514,712,67.5016403198242,65
352,0,5.94999980926514,27.2999992370606,-8.19999980926514,712,67.5016403198242,65
352,1,5.94999980926514,27.2999992370606,-8.19999980926514,712,67.5016403198242,65
352,1,5.94999980926514,27.2999992370606,-8.19999980926514,712,67.5016403198242,65
352,1,5.94999980926514,27.2999992370606,-8.19999980926514,712,67.5016403198242,65
352,1,5.94999980926514,27.2999992370606,-8.19999980926514,712,67.5016403198242,65
352,2,5.94999980926514,27.2999992370606,-8.19999980926514,712,67.5016403198242,65
352,2,5.94999980926514,27.2999992370606,-8.19999980926514,712,67.5016403198242,65
352,2,5.94999980926514,27.2999992370606,-8.19999980926514,712,67.5016403198242,65
352,2,5.94999980926514,27.2999992370606,-8.19999980926514,712,67.5016403198242,65
353,0,5.73333358764648,27,-8.69999980926514,420,51.3154678344727,57
353,0,5.73333358764648,27,-8.69999980926514,420,51.3154678344727,57
353,0,5.73333358764648,27,-8.69999980926514,420,51.3154678344727,57
353,0,5.73333358764648,27,-8.69999980926514,420,51.3154678344727,57
353,1,5.73333358764648,27,-8.69999980926514,420,51.3154678344727,57
353,1,5.73333358764648,27,-8.69999980926514,420,51.3154678344727,57
353,1,5.73333358764648,27,-8.69999980926514,420,51.3154678344727,57
353,1,5.73333358764648,27,-8.69999980926514,420,51.3154678344727,57
353,2,5.73333358764648,27,-8.69999980926514,420,51.3154678344727,57
353,2,5.73333358764648,27,-8.69999980926514,420,51.3154678344727,57
353,2,5.73333358764648,27,-8.69999980926514,420,51.3154678344727,57
353,2,5.73333358764648,27,-8.69999980926514,420,51.3154678344727,57
354,0,6.40833330154419,25.6000003814697,-6.5,612,60.8848609924316,51
354,0,6.40833330154419,25.6000003814697,-6.5,612,60.8848609924316,51
354,0,6.40833330154419,25.6000003814697,-6.5,612,60.8848609924316,51
354,0,6.40833330154419,25.6000003814697,-6.5,612,60.8848609924316,51
354,1,6.40833330154419,25.6000003814697,-6.5,612,60.8848609924316,51
354,1,6.40833330154419,25.6000003814697,-6.5,612,60.8848609924316,51
354,1,6.40833330154419,25.6000003814697,-6.5,612,60.8848609924316,51
354,1,6.40833330154419,25.6000003814697,-6.5,612,60.8848609924316,51
354,2,6.40833330154419,25.6000003814697,-6.5,612,60.8848609924316,51
354,2,6.40833330154419,25.6000003814697,-6.5,612,60.8848609924316,51
354,2,6.40833330154419,25.6000003814697,-6.5,612,60.8848609924316,51
354,2,6.40833330154419,25.6000003814697,-6.5,612,60.8848609924316,51
355,0,6.30000019073486,27.1000003814697,-7.5,571,61.1696357727051,48
355,0,6.30000019073486,27.1000003814697,-7.5,571,61.1696357727051,48
355,0,6.30000019073486,27.1000003814697,-7.5,571,61.1696357727051,48
355,0,6.30000019073486,27.1000003814697,-7.5,571,61.1696357727051,48
355,1,6.30000019073486,27.1000003814697,-7.5,571,61.1696357727051,48
355,1,6.30000019073486,27.1000003814697,-7.5,571,61.1696357727051,48
355,1,6.30000019073486,27.1000003814697,-7.5,571,61.1696357727051,48
355,1,6.30000019073486,27.1000003814697,-7.5,571,61.1696357727051,48
355,2,6.30000019073486,27.1000003814697,-7.5,571,61.1696357727051,48
355,2,6.30000019073486,27.1000003814697,-7.5,571,61.1696357727051,48
355,2,6.30000019073486,27.1000003814697,-7.5,571,61.1696357727051,48
355,2,6.30000019073486,27.1000003814697,-7.5,571,61.1696357727051,48
356,0,6.28749990463257,28,-8.69999980926514,451,56.6267280578613,56
356,0,6.28749990463257,28,-8.69999980926514,451,56.6267280578613,56
356,0,6.28749990463257,28,-8.69999980926514,451,56.6267280578613,56
356,0,6.28749990463257,28,-8.69999980926514,451,56.6267280578613,56
356,1,6.28749990463257,28,-8.69999980926514,451,56.6267280578613,56
356,1,6.28749990463257,28,-8.69999980926514,451,56.6267280578613,56
356,1,6.28749990463257,28,-8.69999980926514,451,56.6267280578613,56
356,1,6.28749990463257,28,-8.69999980926514,451,56.6267280578613,56
356,2,6.28749990463257,28,-8.69999980926514,451,56.6267280578613,56
356,2,6.28749990463257,28,-8.69999980926514,451,56.6267280578613,56
356,2,6.28749990463257,28,-8.69999980926514,451,56.6267280578613,56
356,2,6.28749990463257,28,-8.69999980926514,451,56.6267280578613,56
357,0,5.98750019073486,27,-8.10000038146973,481,51.4617347717285,56
357,0,5.98750019073486,27,-8.10000038146973,481,51.4617347717285,56
357,0,5.98750019073486,27,-8.10000038146973,481,51.4617347717285,56
357,0,5.98750019073486,27,-8.10000038146973,481,51.4617347717285,56
357,1,5.98750019073486,27,-8.10000038146973,481,51.4617347717285,56
357,1,5.98750019073486,27,-8.10000038146973,481,51.4617347717285,56
357,1,5.98750019073486,27,-8.10000038146973,481,51.4617347717285,56
357,1,5.98750019073486,27,-8.10000038146973,481,51.4617347717285,56
357,2,5.98750019073486,27,-8.10000038146973,481,51.4617347717285,56
357,2,5.98750019073486,27,-8.10000038146973,481,51.4617347717285,56
357,2,5.98750019073486,27,-8.10000038146973,481,51.4617347717285,56
357,2,5.98750019073486,27,-8.10000038146973,481,51.4617347717285,56
358,0,5.09999990463257,26.1000003814697,-9,482,52.2930145263672,61
358,0,5.09999990463257,26.1000003814697,-9,482,52.2930145263672,61
358,0,5.09999990463257,26.1000003814697,-9,482,52.2930145263672,61
358,0,5.09999990463257,26.1000003814697,-9,482,52.2930145263672,61
358,1,5.09999990463257,26.1000003814697,-9,482,52.2930145263672,61
358,1,5.09999990463257,26.1000003814697,-9,482,52.2930145263672,61
358,1,5.09999990463257,26.1000003814697,-9,482,52.2930145263672,61
358,1,5.09999990463257,26.1000003814697,-9,482,52.2930145263672,61
358,2,5.09999990463257,26.1000003814697,-9,482,52.2930145263672,61
358,2,5.09999990463257,26.1000003814697,-9,482,52.2930145263672,61
358,2,5.09999990463257,26.1000003814697,-9,482,52.2930145263672,61
358,2,5.09999990463257,26.1000003814697,-9,482,52.2930145263672,61
359,0,4.33750009536743,23.3999996185303,-7.69999980926514,1227,69.3327713012695,91
359,0,4.33750009536743,23.3999996185303,-7.69999980926514,1227,69.3327713012695,91
359,0,4.33750009536743,23.3999996185303,-7.69999980926514,1227,69.3327713012695,91
359,0,4.33750009536743,23.3999996185303,-7.69999980926514,1227,69.3327713012695,91
359,1,4.33750009536743,23.3999996185303,-7.69999980926514,1227,69.3327713012695,91
359,1,4.33750009536743,23.3999996185303,-7.69999980926514,1227,69.3327713012695,91
359,1,4.33750009536743,23.3999996185303,-7.69999980926514,1227,69.3327713012695,91
359,1,4.33750009536743,23.3999996185303,-7.69999980926514,1227,69.3327713012695,91
359,2,4.33750009536743,23.3999996185303,-7.69999980926514,1227,69.3327713012695,91
359,2,4.33750009536743,23.3999996185303,-7.69999980926514,1227,69.3327713012695,91
359,2,4.33750009536743,23.3999996185303,-7.69999980926514,1227,69.3327713012695,91
359,2,4.33750009536743,23.3999996185303,-7.69999980926514,1227,69.3327713012695,91
360,0,5.79583358764648,26.2000007629395,-7.69999980926514,712,66.5890197753906,54
360,0,5.79583358764648,26.2000007629395,-7.69999980926514,712,66.5890197753906,54
360,0,5.79583358764648,26.2000007629395,-7.69999980926514,712,66.5890197753906,54
360,0,5.79583358764648,26.2000007629395,-7.69999980926514,712,66.5890197753906,54
360,1,5.79583358764648,26.2000007629395,-7.69999980926514,712,66.5890197753906,54
360,1,5.79583358764648,26.2000007629395,-7.69999980926514,712,66.5890197753906,54
360,1,5.79583358764648,26.2000007629395,-7.69999980926514,712,66.5890197753906,54
360,1,5.79583358764648,26.2000007629395,-7.69999980926514,712,66.5890197753906,54
360,2,5.79583358764648,26.2000007629395,-7.69999980926514,712,66.5890197753906,54
360,2,5.79583358764648,26.2000007629395,-7.69999980926514,712,66.5890197753906,54
360,2,5.79583358764648,26.2000007629395,-7.69999980926514,712,66.5890197753906,54
360,2,5.79583358764648,26.2000007629395,-7.69999980926514,712,66.5890197753906,54
361,0,4.75416660308838,24.1000003814697,-7.69999980926514,1028,67.6324844360352,83
361,0,4.75416660308838,24.1000003814697,-7.69999980926514,1028,67.6324844360352,83
361,0,4.75416660308838,24.1000003814697,-7.69999980926514,1028,67.6324844360352,83
361,0,4.75416660308838,24.1000003814697,-7.69999980926514,1028,67.6324844360352,83
361,1,4.75416660308838,24.1000003814697,-7.69999980926514,1028,67.6324844360352,83
361,1,4.75416660308838,24.1000003814697,-7.69999980926514,1028,67.6324844360352,83
361,1,4.75416660308838,24.1000003814697,-7.69999980926514,1028,67.6324844360352,83
361,1,4.75416660308838,24.1000003814697,-7.69999980926514,1028,67.6324844360352,83
361,2,4.75416660308838,24.1000003814697,-7.69999980926514,1028,67.6324844360352,83
361,2,4.75416660308838,24.1000003814697,-7.69999980926514,1028,67.6324844360352,83
361,2,4.75416660308838,24.1000003814697,-7.69999980926514,1028,67.6324844360352,83
361,2,4.75416660308838,24.1000003814697,-7.69999980926514,1028,67.6324844360352,83
362,0,5.04166650772095,25.7999992370605,-8.89999961853027,444,52.9297790527344,58
362,0,5.04166650772095,25.7999992370605,-8.89999961853027,444,52.9297790527344,58
362,0,5.04166650772095,25.7999992370605,-8.89999961853027,444,52.9297790527344,58
362,0,5.04166650772095,25.7999992370605,-8.89999961853027,444,52.9297790527344,58
362,1,5.04166650772095,25.7999992370605,-8.89999961853027,444,52.9297790527344,58
362,1,5.04166650772095,25.7999992370605,-8.89999961853027,444,52.9297790527344,58
362,1,5.04166650772095,25.7999992370605,-8.89999961853027,444,52.9297790527344,58
362,1,5.04166650772095,25.7999992370605,-8.89999961853027,444,52.9297790527344,58
362,2,5.04166650772095,25.7999992370605,-8.89999961853027,444,52.9297790527344,58
362,2,5.04166650772095,25.7999992370605,-8.89999961853027,444,52.9297790527344,58
362,2,5.04166650772095,25.7999992370605,-8.89999961853027,444,52.9297790527344,58
362,2,5.04166650772095,25.7999992370605,-8.89999961853027,444,52.9297790527344,58
363,0,4.50833320617676,25.6000003814697,-9.60000038146973,683,62.0992012023926,64
363,0,4.50833320617676,25.6000003814697,-9.60000038146973,683,62.0992012023926,64
363,0,4.50833320617676,25.6000003814697,-9.60000038146973,683,62.0992012023926,64
363,0,4.50833320617676,25.6000003814697,-9.60000038146973,683,62.0992012023926,64
363,1,4.50833320617676,25.6000003814697,-9.60000038146973,683,62.0992012023926,64
363,1,4.50833320617676,25.6000003814697,-9.60000038146973,683,62.0992012023926,64
363,1,4.50833320617676,25.6000003814697,-9.60000038146973,683,62.0992012023926,64
363,1,4.50833320617676,25.6000003814697,-9.60000038146973,683,62.0992012023926,64
363,2,4.50833320617676,25.6000003814697,-9.60000038146973,683,62.0992012023926,64
363,2,4.50833320617676,25.6000003814697,-9.60000038146973,683,62.0992012023926,64
363,2,4.50833320617676,25.6000003814697,-9.60000038146973,683,62.0992012023926,64
363,2,4.50833320617676,25.6000003814697,-9.60000038146973,683,62.0992012023926,64
364,0,5.73333311080933,27,-8.60000038146973,487,57.4548530578613,53
364,0,5.73333311080933,27,-8.60000038146973,487,57.4548530578613,53
364,0,5.73333311080933,27,-8.60000038146973,487,57.4548530578613,53
364,0,5.73333311080933,27,-8.60000038146973,487,57.4548530578613,53
364,1,5.73333311080933,27,-8.60000038146973,487,57.4548530578613,53
364,1,5.73333311080933,27,-8.60000038146973,487,57.4548530578613,53
364,1,5.73333311080933,27,-8.60000038146973,487,57.4548530578613,53
364,1,5.73333311080933,27,-8.60000038146973,487,57.4548530578613,53
364,2,5.73333311080933,27,-8.60000038146973,487,57.4548530578613,53
364,2,5.73333311080933,27,-8.60000038146973,487,57.4548530578613,53
364,2,5.73333311080933,27,-8.60000038146973,487,57.4548530578613,53
364,2,5.73333311080933,27,-8.60000038146973,487,57.4548530578613,53
365,0,6.71666669845581,28.7000007629395,-8.19999980926514,488,57.8931922912598,50
365,0,6.71666669845581,28.7000007629395,-8.19999980926514,488,57.8931922912598,50
365,0,6.71666669845581,28.7000007629395,-8.19999980926514,488,57.8931922912598,50
365,0,6.71666669845581,28.7000007629395,-8.19999980926514,488,57.8931922912598,50
365,1,6.71666669845581,28.7000007629395,-8.19999980926514,488,57.8931922912598,50
365,1,6.71666669845581,28.7000007629395,-8.19999980926514,488,57.8931922912598,50
365,1,6.71666669845581,28.7000007629395,-8.19999980926514,488,57.8931922912598,50
365,1,6.71666669845581,28.7000007629395,-8.19999980926514,488,57.8931922912598,50
365,2,6.71666669845581,28.7000007629395,-8.19999980926514,488,57.8931922912598,50
365,2,6.71666669845581,28.7000007629395,-8.19999980926514,488,57.8931922912598,50
365,2,6.71666669845581,28.7000007629395,-8.19999980926514,488,57.8931922912598,50
365,2,6.71666669845581,28.7000007629395,-8.19999980926514,488,57.8931922912598,50
366,0,5.59166669845581,25.8999996185303,-7.59999990463257,551,54.9944114685059,58
366,0,5.59166669845581,25.8999996185303,-7.59999990463257,551,54.9944114685059,58
366,0,5.59166669845581,25.8999996185303,-7.59999990463257,551,54.9944114685059,58
366,0,5.59166669845581,25.8999996185303,-7.59999990463257,551,54.9944114685059,58
366,1,5.59166669845581,25.8999996185303,-7.59999990463257,551,54.9944114685059,58
366,1,5.59166669845581,25.8999996185303,-7.59999990463257,551,54.9944114685059,58
366,1,5.59166669845581,25.8999996185303,-7.59999990463257,551,54.9944114685059,58
366,1,5.59166669845581,25.8999996185303,-7.59999990463257,551,54.9944114685059,58
366,2,5.59166669845581,25.8999996185303,-7.59999990463257,551,54.9944114685059,58
366,2,5.59166669845581,25.8999996185303,-7.59999990463257,551,54.9944114685059,58
366,2,5.59166669845581,25.8999996185303,-7.59999990463257,551,54.9944114685059,58
366,2,5.59166669845581,25.8999996185303,-7.59999990463257,551,54.9944114685059,58
367,0,5.52083349227905,26.1000003814697,-8,600,57.5500907897949,53
367,0,5.52083349227905,26.1000003814697,-8,600,57.5500907897949,53
367,0,5.52083349227905,26.1000003814697,-8,600,57.5500907897949,53
367,0,5.52083349227905,26.1000003814697,-8,600,57.5500907897949,53
367,1,5.52083349227905,26.1000003814697,-8,600,57.5500907897949,53
367,1,5.52083349227905,26.1000003814697,-8,600,57.5500907897949,53
367,1,5.52083349227905,26.1000003814697,-8,600,57.5500907897949,53
367,1,5.52083349227905,26.1000003814697,-8,600,57.5500907897949,53
367,2,5.52083349227905,26.1000003814697,-8,600,57.5500907897949,53
367,2,5.52083349227905,26.1000003814697,-8,600,57.5500907897949,53
367,2,5.52083349227905,26.1000003814697,-8,600,57.5500907897949,53
367,2,5.52083349227905,26.1000003814697,-8,600,57.5500907897949,53
368,0,5.19166660308838,26.7999992370606,-9.5,523,59.0926246643067,56
368,0,5.19166660308838,26.7999992370606,-9.5,523,59.0926246643067,56
368,0,5.19166660308838,26.7999992370606,-9.5,523,59.0926246643067,56
368,0,5.19166660308838,26.7999992370606,-9.5,523,59.0926246643067,56
368,1,5.19166660308838,26.7999992370606,-9.5,523,59.0926246643067,56
368,1,5.19166660308838,26.7999992370606,-9.5,523,59.0926246643067,56
368,1,5.19166660308838,26.7999992370606,-9.5,523,59.0926246643067,56
368,1,5.19166660308838,26.7999992370606,-9.5,523,59.0926246643067,56
368,2,5.19166660308838,26.7999992370606,-9.5,523,59.0926246643067,56
368,2,5.19166660308838,26.7999992370606,-9.5,523,59.0926246643067,56
368,2,5.19166660308838,26.7999992370606,-9.5,523,59.0926246643067,56
368,2,5.19166660308838,26.7999992370606,-9.5,523,59.0926246643067,56
369,0,6.20416641235352,27.7999992370606,-8.60000038146973,547,63.0893211364746,51
369,0,6.20416641235352,27.7999992370606,-8.60000038146973,547,63.0893211364746,51
369,0,6.20416641235352,27.7999992370606,-8.60000038146973,547,63.0893211364746,51
369,0,6.20416641235352,27.7999992370606,-8.60000038146973,547,63.0893211364746,51
369,1,6.20416641235352,27.7999992370606,-8.60000038146973,547,63.0893211364746,51
369,1,6.20416641235352,27.7999992370606,-8.60000038146973,547,63.0893211364746,51
369,1,6.20416641235352,27.7999992370606,-8.60000038146973,547,63.0893211364746,51
369,1,6.20416641235352,27.7999992370606,-8.60000038146973,547,63.0893211364746,51
369,2,6.20416641235352,27.7999992370606,-8.60000038146973,547,63.0893211364746,51
369,2,6.20416641235352,27.7999992370606,-8.60000038146973,547,63.0893211364746,51
369,2,6.20416641235352,27.7999992370606,-8.60000038146973,547,63.0893211364746,51
369,2,6.20416641235352,27.7999992370606,-8.60000038146973,547,63.0893211364746,51
370,0,5.66666650772095,27,-8.80000019073486,533,62.117561340332,54
370,0,5.66666650772095,27,-8.80000019073486,533,62.117561340332,54
370,0,5.66666650772095,27,-8.80000019073486,533,62.117561340332,54
370,0,5.66666650772095,27,-8.80000019073486,533,62.117561340332,54
370,1,5.66666650772095,27,-8.80000019073486,533,62.117561340332,54
370,1,5.66666650772095,27,-8.80000019073486,533,62.117561340332,54
370,1,5.66666650772095,27,-8.80000019073486,533,62.117561340332,54
370,1,5.66666650772095,27,-8.80000019073486,533,62.117561340332,54
370,2,5.66666650772095,27,-8.80000019073486,533,62.117561340332,54
370,2,5.66666650772095,27,-8.80000019073486,533,62.117561340332,54
370,2,5.66666650772095,27,-8.80000019073486,533,62.117561340332,54
370,2,5.66666650772095,27,-8.80000019073486,533,62.117561340332,54
371,0,6.59166669845581,27.8999996185303,-7.80000019073486,511,61.6479339599609,49
371,0,6.59166669845581,27.8999996185303,-7.80000019073486,511,61.6479339599609,49
371,0,6.59166669845581,27.8999996185303,-7.80000019073486,511,61.6479339599609,49
371,0,6.59166669845581,27.8999996185303,-7.80000019073486,511,61.6479339599609,49
371,1,6.59166669845581,27.8999996185303,-7.80000019073486,511,61.6479339599609,49
371,1,6.59166669845581,27.8999996185303,-7.80000019073486,511,61.6479339599609,49
371,1,6.59166669845581,27.8999996185303,-7.80000019073486,511,61.6479339599609,49
371,1,6.59166669845581,27.8999996185303,-7.80000019073486,511,61.6479339599609,49
371,2,6.59166669845581,27.8999996185303,-7.80000019073486,511,61.6479339599609,49
371,2,6.59166669845581,27.8999996185303,-7.80000019073486,511,61.6479339599609,49
371,2,6.59166669845581,27.8999996185303,-7.80000019073486,511,61.6479339599609,49
371,2,6.59166669845581,27.8999996185303,-7.80000019073486,511,61.6479339599609,49
372,0,4.24583339691162,24.7999992370606,-9.60000038146973,700,59.7232818603516,64
372,0,4.24583339691162,24.7999992370606,-9.60000038146973,700,59.7232818603516,64
372,0,4.24583339691162,24.7999992370606,-9.60000038146973,700,59.7232818603516,64
372,0,4.24583339691162,24.7999992370606,-9.60000038146973,700,59.7232818603516,64
372,1,4.24583339691162,24.7999992370606,-9.60000038146973,700,59.7232818603516,64
372,1,4.24583339691162,24.7999992370606,-9.60000038146973,700,59.7232818603516,64
372,1,4.24583339691162,24.7999992370606,-9.60000038146973,700,59.7232818603516,64
372,1,4.24583339691162,24.7999992370606,-9.60000038146973,700,59.7232818603516,64
372,2,4.24583339691162,24.7999992370606,-9.60000038146973,700,59.7232818603516,64
372,2,4.24583339691162,24.7999992370606,-9.60000038146973,700,59.7232818603516,64
372,2,4.24583339691162,24.7999992370606,-9.60000038146973,700,59.7232818603516,64
372,2,4.24583339691162,24.7999992370606,-9.60000038146973,700,59.7232818603516,64
373,0,5.38333320617676,26.7999992370606,-9.19999980926514,467,56.0739707946777,54
373,0,5.38333320617676,26.7999992370606,-9.19999980926514,467,56.0739707946777,54
373,0,5.38333320617676,26.7999992370606,-9.19999980926514,467,56.0739707946777,54
373,0,5.38333320617676,26.7999992370606,-9.19999980926514,467,56.0739707946777,54
373,1,5.38333320617676,26.7999992370606,-9.19999980926514,467,56.0739707946777,54
373,1,5.38333320617676,26.7999992370606,-9.19999980926514,467,56.0739707946777,54
373,1,5.38333320617676,26.7999992370606,-9.19999980926514,467,56.0739707946777,54
373,1,5.38333320617676,26.7999992370606,-9.19999980926514,467,56.0739707946777,54
373,2,5.38333320617676,26.7999992370606,-9.19999980926514,467,56.0739707946777,54
373,2,5.38333320617676,26.7999992370606,-9.19999980926514,467,56.0739707946777,54
373,2,5.38333320617676,26.7999992370606,-9.19999980926514,467,56.0739707946777,54
373,2,5.38333320617676,26.7999992370606,-9.19999980926514,467,56.0739707946777,54
374,0,5.53333330154419,27.3999996185303,-9,753,70.8180084228516,61
374,0,5.53333330154419,27.3999996185303,-9,753,70.8180084228516,61
374,0,5.53333330154419,27.3999996185303,-9,753,70.8180084228516,61
374,0,5.53333330154419,27.3999996185303,-9,753,70.8180084228516,61
374,1,5.53333330154419,27.3999996185303,-9,753,70.8180084228516,61
374,1,5.53333330154419,27.3999996185303,-9,753,70.8180084228516,61
374,1,5.53333330154419,27.3999996185303,-9,753,70.8180084228516,61
374,1,5.53333330154419,27.3999996185303,-9,753,70.8180084228516,61
374,2,5.53333330154419,27.3999996185303,-9,753,70.8180084228516,61
374,2,5.53333330154419,27.3999996185303,-9,753,70.8180084228516,61
374,2,5.53333330154419,27.3999996185303,-9,753,70.8180084228516,61
374,2,5.53333330154419,27.3999996185303,-9,753,70.8180084228516,61
375,0,6.45416688919067,27.7000007629395,-7.80000019073486,531,61.3316230773926,50
375,0,6.45416688919067,27.7000007629395,-7.80000019073486,531,61.3316230773926,50
375,0,6.45416688919067,27.7000007629395,-7.80000019073486,531,61.3316230773926,50
375,0,6.45416688919067,27.7000007629395,-7.80000019073486,531,61.3316230773926,50
375,1,6.45416688919067,27.7000007629395,-7.80000019073486,531,61.3316230773926,50
375,1,6.45416688919067,27.7000007629395,-7.80000019073486,531,61.3316230773926,50
375,1,6.45416688919067,27.7000007629395,-7.80000019073486,531,61.3316230773926,50
375,1,6.45416688919067,27.7000007629395,-7.80000019073486,531,61.3316230773926,50
375,2,6.45416688919067,27.7000007629395,-7.80000019073486,531,61.3316230773926,50
375,2,6.45416688919067,27.7000007629395,-7.80000019073486,531,61.3316230773926,50
375,2,6.45416688919067,27.7000007629395,-7.80000019073486,531,61.3316230773926,50
375,2,6.45416688919067,27.7000007629395,-7.80000019073486,531,61.3316230773926,50
376,0,6.36666679382324,27,-7.90000009536743,661,66.1262283325195,52
376,0,6.36666679382324,27,-7.90000009536743,661,66.1262283325195,52
376,0,6.36666679382324,27,-7.90000009536743,661,66.1262283325195,52
376,0,6.36666679382324,27,-7.90000009536743,661,66.1262283325195,52
376,1,6.36666679382324,27,-7.90000009536743,661,66.1262283325195,52
376,1,6.36666679382324,27,-7.90000009536743,661,66.1262283325195,52
376,1,6.36666679382324,27,-7.90000009536743,661,66.1262283325195,52
376,1,6.36666679382324,27,-7.90000009536743,661,66.1262283325195,52
376,2,6.36666679382324,27,-7.90000009536743,661,66.1262283325195,52
376,2,6.36666679382324,27,-7.90000009536743,661,66.1262283325195,52
376,2,6.36666679382324,27,-7.90000009536743,661,66.1262283325195,52
376,2,6.36666679382324,27,-7.90000009536743,661,66.1262283325195,52
377,0,8.25833320617676,29.2999992370606,-5.90000009536743,489,57.1403656005859,43
377,0,8.25833320617676,29.2999992370606,-5.90000009536743,489,57.1403656005859,43
377,0,8.25833320617676,29.2999992370606,-5.90000009536743,489,57.1403656005859,43
377,0,8.25833320617676,29.2999992370606,-5.90000009536743,489,57.1403656005859,43
377,1,8.25833320617676,29.2999992370606,-5.90000009536743,489,57.1403656005859,43
377,1,8.25833320617676,29.2999992370606,-5.90000009536743,489,57.1403656005859,43
377,1,8.25833320617676,29.2999992370606,-5.90000009536743,489,57.1403656005859,43
377,1,8.25833320617676,29.2999992370606,-5.90000009536743,489,57.1403656005859,43
377,2,8.25833320617676,29.2999992370606,-5.90000009536743,489,57.1403656005859,43
377,2,8.25833320617676,29.2999992370606,-5.90000009536743,489,57.1403656005859,43
377,2,8.25833320617676,29.2999992370606,-5.90000009536743,489,57.1403656005859,43
377,2,8.25833320617676,29.2999992370606,-5.90000009536743,489,57.1403656005859,43
378,0,5.59583330154419,25.1000003814697,-6.90000009536743,703,60.573902130127,56
378,0,5.59583330154419,25.1000003814697,-6.90000009536743,703,60.573902130127,56
378,0,5.59583330154419,25.1000003814697,-6.90000009536743,703,60.573902130127,56
378,0,5.59583330154419,25.1000003814697,-6.90000009536743,703,60.573902130127,56
378,1,5.59583330154419,25.1000003814697,-6.90000009536743,703,60.573902130127,56
378,1,5.59583330154419,25.1000003814697,-6.90000009536743,703,60.573902130127,56
378,1,5.59583330154419,25.1000003814697,-6.90000009536743,703,60.573902130127,56
378,1,5.59583330154419,25.1000003814697,-6.90000009536743,703,60.573902130127,56
378,2,5.59583330154419,25.1000003814697,-6.90000009536743,703,60.573902130127,56
378,2,5.59583330154419,25.1000003814697,-6.90000009536743,703,60.573902130127,56
378,2,5.59583330154419,25.1000003814697,-6.90000009536743,703,60.573902130127,56
378,2,5.59583330154419,25.1000003814697,-6.90000009536743,703,60.573902130127,56
379,0,4.53333330154419,26,-10.1000003814697,670,62.2261466979981,61
379,0,4.53333330154419,26,-10.1000003814697,670,62.2261466979981,61
379,0,4.53333330154419,26,-10.1000003814697,670,62.2261466979981,61
379,0,4.53333330154419,26,-10.1000003814697,670,62.2261466979981,61
379,1,4.53333330154419,26,-10.1000003814697,670,62.2261466979981,61
379,1,4.53333330154419,26,-10.1000003814697,670,62.2261466979981,61
379,1,4.53333330154419,26,-10.1000003814697,670,62.2261466979981,61
379,1,4.53333330154419,26,-10.1000003814697,670,62.2261466979981,61
379,2,4.53333330154419,26,-10.1000003814697,670,62.2261466979981,61
379,2,4.53333330154419,26,-10.1000003814697,670,62.2261466979981,61
379,2,4.53333330154419,26,-10.1000003814697,670,62.2261466979981,61
379,2,4.53333330154419,26,-10.1000003814697,670,62.2261466979981,61
380,0,4.79166650772095,25,-8.19999980926514,976,68.9645462036133,77
380,0,4.79166650772095,25,-8.19999980926514,976,68.9645462036133,77
380,0,4.79166650772095,25,-8.19999980926514,976,68.9645462036133,77
380,0,4.79166650772095,25,-8.19999980926514,976,68.9645462036133,77
380,1,4.79166650772095,25,-8.19999980926514,976,68.9645462036133,77
380,1,4.79166650772095,25,-8.19999980926514,976,68.9645462036133,77
380,1,4.79166650772095,25,-8.19999980926514,976,68.9645462036133,77
380,1,4.79166650772095,25,-8.19999980926514,976,68.9645462036133,77
380,2,4.79166650772095,25,-8.19999980926514,976,68.9645462036133,77
380,2,4.79166650772095,25,-8.19999980926514,976,68.9645462036133,77
380,2,4.79166650772095,25,-8.19999980926514,976,68.9645462036133,77
380,2,4.79166650772095,25,-8.19999980926514,976,68.9645462036133,77
381,0,4.70416641235352,24.6000003814697,-8.30000019073486,620,56.5539665222168,57
381,0,4.70416641235352,24.6000003814697,-8.30000019073486,620,56.5539665222168,57
381,0,4.70416641235352,24.6000003814697,-8.30000019073486,620,56.5539665222168,57
381,0,4.70416641235352,24.6000003814697,-8.30000019073486,620,56.5539665222168,57
381,1,4.70416641235352,24.6000003814697,-8.30000019073486,620,56.5539665222168,57
381,1,4.70416641235352,24.6000003814697,-8.30000019073486,620,56.5539665222168,57
381,1,4.70416641235352,24.6000003814697,-8.30000019073486,620,56.5539665222168,57
381,1,4.70416641235352,24.6000003814697,-8.30000019073486,620,56.5539665222168,57
381,2,4.70416641235352,24.6000003814697,-8.30000019073486,620,56.5539665222168,57
381,2,4.70416641235352,24.6000003814697,-8.30000019073486,620,56.5539665222168,57
381,2,4.70416641235352,24.6000003814697,-8.30000019073486,620,56.5539665222168,57
381,2,4.70416641235352,24.6000003814697,-8.30000019073486,620,56.5539665222168,57
382,0,6.10833358764648,28.2000007629395,-9.39999961853027,637,66.0834274291992,55
382,0,6.10833358764648,28.2000007629395,-9.39999961853027,637,66.0834274291992,55
382,0,6.10833358764648,28.2000007629395,-9.39999961853027,637,66.0834274291992,55
382,0,6.10833358764648,28.2000007629395,-9.39999961853027,637,66.0834274291992,55
382,1,6.10833358764648,28.2000007629395,-9.39999961853027,637,66.0834274291992,55
382,1,6.10833358764648,28.2000007629395,-9.39999961853027,637,66.0834274291992,55
382,1,6.10833358764648,28.2000007629395,-9.39999961853027,637,66.0834274291992,55
382,1,6.10833358764648,28.2000007629395,-9.39999961853027,637,66.0834274291992,55
382,2,6.10833358764648,28.2000007629395,-9.39999961853027,637,66.0834274291992,55
382,2,6.10833358764648,28.2000007629395,-9.39999961853027,637,66.0834274291992,55
382,2,6.10833358764648,28.2000007629395,-9.39999961853027,637,66.0834274291992,55
382,2,6.10833358764648,28.2000007629395,-9.39999961853027,637,66.0834274291992,55
383,0,4.43333339691162,24.2000007629395,-8.89999961853027,540,42.6602897644043,59
383,0,4.43333339691162,24.2000007629395,-8.89999961853027,540,42.6602897644043,59
383,0,4.43333339691162,24.2000007629395,-8.89999961853027,540,42.6602897644043,59
383,0,4.43333339691162,24.2000007629395,-8.89999961853027,540,42.6602897644043,59
383,1,4.43333339691162,24.2000007629395,-8.89999961853027,540,42.6602897644043,59
383,1,4.43333339691162,24.2000007629395,-8.89999961853027,540,42.6602897644043,59
383,1,4.43333339691162,24.2000007629395,-8.89999961853027,540,42.6602897644043,59
383,1,4.43333339691162,24.2000007629395,-8.89999961853027,540,42.6602897644043,59
383,2,4.43333339691162,24.2000007629395,-8.89999961853027,540,42.6602897644043,59
383,2,4.43333339691162,24.2000007629395,-8.89999961853027,540,42.6602897644043,59
383,2,4.43333339691162,24.2000007629395,-8.89999961853027,540,42.6602897644043,59
383,2,4.43333339691162,24.2000007629395,-8.89999961853027,540,42.6602897644043,59
384,0,5.72083330154419,27.2999992370606,-8.89999961853027,781,69.6702346801758,60
384,0,5.72083330154419,27.2999992370606,-8.89999961853027,781,69.6702346801758,60
384,0,5.72083330154419,27.2999992370606,-8.89999961853027,781,69.6702346801758,60
384,0,5.72083330154419,27.2999992370606,-8.89999961853027,781,69.6702346801758,60
384,1,5.72083330154419,27.2999992370606,-8.89999961853027,781,69.6702346801758,60
384,1,5.72083330154419,27.2999992370606,-8.89999961853027,781,69.6702346801758,60
384,1,5.72083330154419,27.2999992370606,-8.89999961853027,781,69.6702346801758,60
384,1,5.72083330154419,27.2999992370606,-8.89999961853027,781,69.6702346801758,60
384,2,5.72083330154419,27.2999992370606,-8.89999961853027,781,69.6702346801758,60
384,2,5.72083330154419,27.2999992370606,-8.89999961853027,781,69.6702346801758,60
384,2,5.72083330154419,27.2999992370606,-8.89999961853027,781,69.6702346801758,60
384,2,5.72083330154419,27.2999992370606,-8.89999961853027,781,69.6702346801758,60
385,0,5.60416650772095,26.5,-8.10000038146973,606,60.5461921691895,52
385,0,5.60416650772095,26.5,-8.10000038146973,606,60.5461921691895,52
385,0,5.60416650772095,26.5,-8.10000038146973,606,60.5461921691895,52
385,0,5.60416650772095,26.5,-8.10000038146973,606,60.5461921691895,52
385,1,5.60416650772095,26.5,-8.10000038146973,606,60.5461921691895,52
385,1,5.60416650772095,26.5,-8.10000038146973,606,60.5461921691895,52
385,1,5.60416650772095,26.5,-8.10000038146973,606,60.5461921691895,52
385,1,5.60416650772095,26.5,-8.10000038146973,606,60.5461921691895,52
385,2,5.60416650772095,26.5,-8.10000038146973,606,60.5461921691895,52
385,2,5.60416650772095,26.5,-8.10000038146973,606,60.5461921691895,52
385,2,5.60416650772095,26.5,-8.10000038146973,606,60.5461921691895,52
385,2,5.60416650772095,26.5,-8.10000038146973,606,60.5461921691895,52
386,0,5.99166679382324,27.6000003814697,-9.19999980926514,491,62.5383911132813,50
386,0,5.99166679382324,27.6000003814697,-9.19999980926514,491,62.5383911132813,50
386,0,5.99166679382324,27.6000003814697,-9.19999980926514,491,62.5383911132813,50
386,0,5.99166679382324,27.6000003814697,-9.19999980926514,491,62.5383911132813,50
386,1,5.99166679382324,27.6000003814697,-9.19999980926514,491,62.5383911132813,50
386,1,5.99166679382324,27.6000003814697,-9.19999980926514,491,62.5383911132813,50
386,1,5.99166679382324,27.6000003814697,-9.19999980926514,491,62.5383911132813,50
386,1,5.99166679382324,27.6000003814697,-9.19999980926514,491,62.5383911132813,50
386,2,5.99166679382324,27.6000003814697,-9.19999980926514,491,62.5383911132813,50
386,2,5.99166679382324,27.6000003814697,-9.19999980926514,491,62.5383911132813,50
386,2,5.99166679382324,27.6000003814697,-9.19999980926514,491,62.5383911132813,50
386,2,5.99166679382324,27.6000003814697,-9.19999980926514,491,62.5383911132813,50
387,0,6.21250009536743,27.2000007629395,-7.59999990463257,533,51.4791069030762,52
387,0,6.21250009536743,27.2000007629395,-7.59999990463257,533,51.4791069030762,52
387,0,6.21250009536743,27.2000007629395,-7.59999990463257,533,51.4791069030762,52
387,0,6.21250009536743,27.2000007629395,-7.59999990463257,533,51.4791069030762,52
387,1,6.21250009536743,27.2000007629395,-7.59999990463257,533,51.4791069030762,52
387,1,6.21250009536743,27.2000007629395,-7.59999990463257,533,51.4791069030762,52
387,1,6.21250009536743,27.2000007629395,-7.59999990463257,533,51.4791069030762,52
387,1,6.21250009536743,27.2000007629395,-7.59999990463257,533,51.4791069030762,52
387,2,6.21250009536743,27.2000007629395,-7.59999990463257,533,51.4791069030762,52
387,2,6.21250009536743,27.2000007629395,-7.59999990463257,533,51.4791069030762,52
387,2,6.21250009536743,27.2000007629395,-7.59999990463257,533,51.4791069030762,52
387,2,6.21250009536743,27.2000007629395,-7.59999990463257,533,51.4791069030762,52
388,0,5.92500019073486,27.7000007629395,-8.69999980926514,553,64.3601226806641,57
388,0,5.92500019073486,27.7000007629395,-8.69999980926514,553,64.3601226806641,57
388,0,5.92500019073486,27.7000007629395,-8.69999980926514,553,64.3601226806641,57
388,0,5.92500019073486,27.7000007629395,-8.69999980926514,553,64.3601226806641,57
388,1,5.92500019073486,27.7000007629395,-8.69999980926514,553,64.3601226806641,57
388,1,5.92500019073486,27.7000007629395,-8.69999980926514,553,64.3601226806641,57
388,1,5.92500019073486,27.7000007629395,-8.69999980926514,553,64.3601226806641,57
388,1,5.92500019073486,27.7000007629395,-8.69999980926514,553,64.3601226806641,57
388,2,5.92500019073486,27.7000007629395,-8.69999980926514,553,64.3601226806641,57
388,2,5.92500019073486,27.7000007629395,-8.69999980926514,553,64.3601226806641,57
388,2,5.92500019073486,27.7000007629395,-8.69999980926514,553,64.3601226806641,57
388,2,5.92500019073486,27.7000007629395,-8.69999980926514,553,64.3601226806641,57
389,0,7.62083339691162,28.8999996185303,-7.09999990463257,500,57.7596893310547,43
389,0,7.62083339691162,28.8999996185303,-7.09999990463257,500,57.7596893310547,43
389,0,7.62083339691162,28.8999996185303,-7.09999990463257,500,57.7596893310547,43
389,0,7.62083339691162,28.8999996185303,-7.09999990463257,500,57.7596893310547,43
389,1,7.62083339691162,28.8999996185303,-7.09999990463257,500,57.7596893310547,43
389,1,7.62083339691162,28.8999996185303,-7.09999990463257,500,57.7596893310547,43
389,1,7.62083339691162,28.8999996185303,-7.09999990463257,500,57.7596893310547,43
389,1,7.62083339691162,28.8999996185303,-7.09999990463257,500,57.7596893310547,43
389,2,7.62083339691162,28.8999996185303,-7.09999990463257,500,57.7596893310547,43
389,2,7.62083339691162,28.8999996185303,-7.09999990463257,500,57.7596893310547,43
389,2,7.62083339691162,28.8999996185303,-7.09999990463257,500,57.7596893310547,43
389,2,7.62083339691162,28.8999996185303,-7.09999990463257,500,57.7596893310547,43
390,0,5.46250009536743,27.2999992370606,-8.89999961853027,723,69.8359451293945,61
390,0,5.46250009536743,27.2999992370606,-8.89999961853027,723,69.8359451293945,61
390,0,5.46250009536743,27.2999992370606,-8.89999961853027,723,69.8359451293945,61
390,0,5.46250009536743,27.2999992370606,-8.89999961853027,723,69.8359451293945,61
390,1,5.46250009536743,27.2999992370606,-8.89999961853027,723,69.8359451293945,61
390,1,5.46250009536743,27.2999992370606,-8.89999961853027,723,69.8359451293945,61
390,1,5.46250009536743,27.2999992370606,-8.89999961853027,723,69.8359451293945,61
390,1,5.46250009536743,27.2999992370606,-8.89999961853027,723,69.8359451293945,61
390,2,5.46250009536743,27.2999992370606,-8.89999961853027,723,69.8359451293945,61
390,2,5.46250009536743,27.2999992370606,-8.89999961853027,723,69.8359451293945,61
390,2,5.46250009536743,27.2999992370606,-8.89999961853027,723,69.8359451293945,61
390,2,5.46250009536743,27.2999992370606,-8.89999961853027,723,69.8359451293945,61
391,0,6.25416660308838,28.1000003814697,-8.89999961853027,561,64.370231628418,51
391,0,6.25416660308838,28.1000003814697,-8.89999961853027,561,64.370231628418,51
391,0,6.25416660308838,28.1000003814697,-8.89999961853027,561,64.370231628418,51
391,0,6.25416660308838,28.1000003814697,-8.89999961853027,561,64.370231628418,51
391,1,6.25416660308838,28.1000003814697,-8.89999961853027,561,64.370231628418,51
391,1,6.25416660308838,28.1000003814697,-8.89999961853027,561,64.370231628418,51
391,1,6.25416660308838,28.1000003814697,-8.89999961853027,561,64.370231628418,51
391,1,6.25416660308838,28.1000003814697,-8.89999961853027,561,64.370231628418,51
391,2,6.25416660308838,28.1000003814697,-8.89999961853027,561,64.370231628418,51
391,2,6.25416660308838,28.1000003814697,-8.89999961853027,561,64.370231628418,51
391,2,6.25416660308838,28.1000003814697,-8.89999961853027,561,64.370231628418,51
391,2,6.25416660308838,28.1000003814697,-8.89999961853027,561,64.370231628418,51
392,0,6.12083339691162,26.6000003814697,-7.19999980926514,506,44.074520111084,54
392,0,6.12083339691162,26.6000003814697,-7.19999980926514,506,44.074520111084,54
392,0,6.12083339691162,26.6000003814697,-7.19999980926514,506,44.074520111084,54
392,0,6.12083339691162,26.6000003814697,-7.19999980926514,506,44.074520111084,54
392,1,6.12083339691162,26.6000003814697,-7.19999980926514,506,44.074520111084,54
392,1,6.12083339691162,26.6000003814697,-7.19999980926514,506,44.074520111084,54
392,1,6.12083339691162,26.6000003814697,-7.19999980926514,506,44.074520111084,54
392,1,6.12083339691162,26.6000003814697,-7.19999980926514,506,44.074520111084,54
392,2,6.12083339691162,26.6000003814697,-7.19999980926514,506,44.074520111084,54
392,2,6.12083339691162,26.6000003814697,-7.19999980926514,506,44.074520111084,54
392,2,6.12083339691162,26.6000003814697,-7.19999980926514,506,44.074520111084,54
392,2,6.12083339691162,26.6000003814697,-7.19999980926514,506,44.074520111084,54
393,0,4.84999990463257,25,-8.5,591,56.2367134094238,57
393,0,4.84999990463257,25,-8.5,591,56.2367134094238,57
393,0,4.84999990463257,25,-8.5,591,56.2367134094238,57
393,0,4.84999990463257,25,-8.5,591,56.2367134094238,57
393,1,4.84999990463257,25,-8.5,591,56.2367134094238,57
393,1,4.84999990463257,25,-8.5,591,56.2367134094238,57
393,1,4.84999990463257,25,-8.5,591,56.2367134094238,57
393,1,4.84999990463257,25,-8.5,591,56.2367134094238,57
393,2,4.84999990463257,25,-8.5,591,56.2367134094238,57
393,2,4.84999990463257,25,-8.5,591,56.2367134094238,57
393,2,4.84999990463257,25,-8.5,591,56.2367134094238,57
393,2,4.84999990463257,25,-8.5,591,56.2367134094238,57
394,0,4.91249990463257,26,-9.10000038146973,762,66.1962890625,64
394,0,4.91249990463257,26,-9.10000038146973,762,66.1962890625,64
394,0,4.91249990463257,26,-9.10000038146973,762,66.1962890625,64
394,0,4.91249990463257,26,-9.10000038146973,762,66.1962890625,64
394,1,4.91249990463257,26,-9.10000038146973,762,66.1962890625,64
394,1,4.91249990463257,26,-9.10000038146973,762,66.1962890625,64
394,1,4.91249990463257,26,-9.10000038146973,762,66.1962890625,64
394,1,4.91249990463257,26,-9.10000038146973,762,66.1962890625,64
394,2,4.91249990463257,26,-9.10000038146973,762,66.1962890625,64
394,2,4.91249990463257,26,-9.10000038146973,762,66.1962890625,64
394,2,4.91249990463257,26,-9.10000038146973,762,66.1962890625,64
394,2,4.91249990463257,26,-9.10000038146973,762,66.1962890625,64
395,0,5.32083320617676,24.8999996185303,-7.19999980926514,692,58.7032356262207,57
395,0,5.32083320617676,24.8999996185303,-7.19999980926514,692,58.7032356262207,57
395,0,5.32083320617676,24.8999996185303,-7.19999980926514,692,58.7032356262207,57
395,0,5.32083320617676,24.8999996185303,-7.19999980926514,692,58.7032356262207,57
395,1,5.32083320617676,24.8999996185303,-7.19999980926514,692,58.7032356262207,57
395,1,5.32083320617676,24.8999996185303,-7.19999980926514,692,58.7032356262207,57
395,1,5.32083320617676,24.8999996185303,-7.19999980926514,692,58.7032356262207,57
395,1,5.32083320617676,24.8999996185303,-7.19999980926514,692,58.7032356262207,57
395,2,5.32083320617676,24.8999996185303,-7.19999980926514,692,58.7032356262207,57
395,2,5.32083320617676,24.8999996185303,-7.19999980926514,692,58.7032356262207,57
395,2,5.32083320617676,24.8999996185303,-7.19999980926514,692,58.7032356262207,57
395,2,5.32083320617676,24.8999996185303,-7.19999980926514,692,58.7032356262207,57
396,0,5.96666669845581,26.7999992370606,-7.90000009536743,486,51.9915733337402,56
396,0,5.96666669845581,26.7999992370606,-7.90000009536743,486,51.9915733337402,56
396,0,5.96666669845581,26.7999992370606,-7.90000009536743,486,51.9915733337402,56
396,0,5.96666669845581,26.7999992370606,-7.90000009536743,486,51.9915733337402,56
396,1,5.96666669845581,26.7999992370606,-7.90000009536743,486,51.9915733337402,56
396,1,5.96666669845581,26.7999992370606,-7.90000009536743,486,51.9915733337402,56
396,1,5.96666669845581,26.7999992370606,-7.90000009536743,486,51.9915733337402,56
396,1,5.96666669845581,26.7999992370606,-7.90000009536743,486,51.9915733337402,56
396,2,5.96666669845581,26.7999992370606,-7.90000009536743,486,51.9915733337402,56
396,2,5.96666669845581,26.7999992370606,-7.90000009536743,486,51.9915733337402,56
396,2,5.96666669845581,26.7999992370606,-7.90000009536743,486,51.9915733337402,56
396,2,5.96666669845581,26.7999992370606,-7.90000009536743,486,51.9915733337402,56
397,0,4.72499990463257,25.7000007629395,-9.5,579,59.0143814086914,62
397,0,4.72499990463257,25.7000007629395,-9.5,579,59.0143814086914,62
397,0,4.72499990463257,25.7000007629395,-9.5,579,59.0143814086914,62
397,0,4.72499990463257,25.7000007629395,-9.5,579,59.0143814086914,62
397,1,4.72499990463257,25.7000007629395,-9.5,579,59.0143814086914,62
397,1,4.72499990463257,25.7000007629395,-9.5,579,59.0143814086914,62
397,1,4.72499990463257,25.7000007629395,-9.5,579,59.0143814086914,62
397,1,4.72499990463257,25.7000007629395,-9.5,579,59.0143814086914,62
397,2,4.72499990463257,25.7000007629395,-9.5,579,59.0143814086914,62
397,2,4.72499990463257,25.7000007629395,-9.5,579,59.0143814086914,62
397,2,4.72499990463257,25.7000007629395,-9.5,579,59.0143814086914,62
397,2,4.72499990463257,25.7000007629395,-9.5,579,59.0143814086914,62
398,0,6.09999990463257,27.7000007629395,-8.69999980926514,462,56.273811340332,53
398,0,6.09999990463257,27.7000007629395,-8.69999980926514,462,56.273811340332,53
398,0,6.09999990463257,27.7000007629395,-8.69999980926514,462,56.273811340332,53
398,0,6.09999990463257,27.7000007629395,-8.69999980926514,462,56.273811340332,53
398,1,6.09999990463257,27.7000007629395,-8.69999980926514,462,56.273811340332,53
398,1,6.09999990463257,27.7000007629395,-8.69999980926514,462,56.273811340332,53
398,1,6.09999990463257,27.7000007629395,-8.69999980926514,462,56.273811340332,53
398,1,6.09999990463257,27.7000007629395,-8.69999980926514,462,56.273811340332,53
398,2,6.09999990463257,27.7000007629395,-8.69999980926514,462,56.273811340332,53
398,2,6.09999990463257,27.7000007629395,-8.69999980926514,462,56.273811340332,53
398,2,6.09999990463257,27.7000007629395,-8.69999980926514,462,56.273811340332,53
398,2,6.09999990463257,27.7000007629395,-8.69999980926514,462,56.273811340332,53
399,0,6.82916688919067,27.8999996185303,-7.40000009536743,429,40.2119750976563,49
399,0,6.82916688919067,27.8999996185303,-7.40000009536743,429,40.2119750976563,49
399,0,6.82916688919067,27.8999996185303,-7.40000009536743,429,40.2119750976563,49
399,0,6.82916688919067,27.8999996185303,-7.40000009536743,429,40.2119750976563,49
399,1,6.82916688919067,27.8999996185303,-7.40000009536743,429,40.2119750976563,49
399,1,6.82916688919067,27.8999996185303,-7.40000009536743,429,40.2119750976563,49
399,1,6.82916688919067,27.8999996185303,-7.40000009536743,429,40.2119750976563,49
399,1,6.82916688919067,27.8999996185303,-7.40000009536743,429,40.2119750976563,49
399,2,6.82916688919067,27.8999996185303,-7.40000009536743,429,40.2119750976563,49
399,2,6.82916688919067,27.8999996185303,-7.40000009536743,429,40.2119750976563,49
399,2,6.82916688919067,27.8999996185303,-7.40000009536743,429,40.2119750976563,49
399,2,6.82916688919067,27.8999996185303,-7.40000009536743,429,40.2119750976563,49
400,0,6.80833339691162,28.5,-7.80000019073486,434,49.4502410888672,51
400,0,6.80833339691162,28.5,-7.80000019073486,434,49.4502410888672,51
400,0,6.80833339691162,28.5,-7.80000019073486,434,49.4502410888672,51
400,0,6.80833339691162,28.5,-7.80000019073486,434,49.4502410888672,51
400,1,6.80833339691162,28.5,-7.80000019073486,434,49.4502410888672,51
400,1,6.80833339691162,28.5,-7.80000019073486,434,49.4502410888672,51
400,1,6.80833339691162,28.5,-7.80000019073486,434,49.4502410888672,51
400,1,6.80833339691162,28.5,-7.80000019073486,434,49.4502410888672,51
400,2,6.80833339691162,28.5,-7.80000019073486,434,49.4502410888672,51
400,2,6.80833339691162,28.5,-7.80000019073486,434,49.4502410888672,51
400,2,6.80833339691162,28.5,-7.80000019073486,434,49.4502410888672,51
400,2,6.80833339691162,28.5,-7.80000019073486,434,49.4502410888672,51
401,0,5.60833358764648,26.1000003814697,-8.19999980926514,488,45.5751113891602,53
401,0,5.60833358764648,26.1000003814697,-8.19999980926514,488,45.5751113891602,53
401,0,5.60833358764648,26.1000003814697,-8.19999980926514,488,45.5751113891602,53
401,0,5.60833358764648,26.1000003814697,-8.19999980926514,488,45.5751113891602,53
401,1,5.60833358764648,26.1000003814697,-8.19999980926514,488,45.5751113891602,53
401,1,5.60833358764648,26.1000003814697,-8.19999980926514,488,45.5751113891602,53
401,1,5.60833358764648,26.1000003814697,-8.19999980926514,488,45.5751113891602,53
401,1,5.60833358764648,26.1000003814697,-8.19999980926514,488,45.5751113891602,53
401,2,5.60833358764648,26.1000003814697,-8.19999980926514,488,45.5751113891602,53
401,2,5.60833358764648,26.1000003814697,-8.19999980926514,488,45.5751113891602,53
401,2,5.60833358764648,26.1000003814697,-8.19999980926514,488,45.5751113891602,53
401,2,5.60833358764648,26.1000003814697,-8.19999980926514,488,45.5751113891602,53
402,0,5.14166641235352,26.7999992370606,-9.5,613,63.7289543151856,55
402,0,5.14166641235352,26.7999992370606,-9.5,613,63.7289543151856,55
402,0,5.14166641235352,26.7999992370606,-9.5,613,63.7289543151856,55
402,0,5.14166641235352,26.7999992370606,-9.5,613,63.7289543151856,55
402,1,5.14166641235352,26.7999992370606,-9.5,613,63.7289543151856,55
402,1,5.14166641235352,26.7999992370606,-9.5,613,63.7289543151856,55
402,1,5.14166641235352,26.7999992370606,-9.5,613,63.7289543151856,55
402,1,5.14166641235352,26.7999992370606,-9.5,613,63.7289543151856,55
402,2,5.14166641235352,26.7999992370606,-9.5,613,63.7289543151856,55
402,2,5.14166641235352,26.7999992370606,-9.5,613,63.7289543151856,55
402,2,5.14166641235352,26.7999992370606,-9.5,613,63.7289543151856,55
402,2,5.14166641235352,26.7999992370606,-9.5,613,63.7289543151856,55
403,0,6.48333311080933,27.7999992370606,-7.69999980926514,538,60.0105171203613,47
403,0,6.48333311080933,27.7999992370606,-7.69999980926514,538,60.0105171203613,47
403,0,6.48333311080933,27.7999992370606,-7.69999980926514,538,60.0105171203613,47
403,0,6.48333311080933,27.7999992370606,-7.69999980926514,538,60.0105171203613,47
403,1,6.48333311080933,27.7999992370606,-7.69999980926514,538,60.0105171203613,47
403,1,6.48333311080933,27.7999992370606,-7.69999980926514,538,60.0105171203613,47
403,1,6.48333311080933,27.7999992370606,-7.69999980926514,538,60.0105171203613,47
403,1,6.48333311080933,27.7999992370606,-7.69999980926514,538,60.0105171203613,47
403,2,6.48333311080933,27.7999992370606,-7.69999980926514,538,60.0105171203613,47
403,2,6.48333311080933,27.7999992370606,-7.69999980926514,538,60.0105171203613,47
403,2,6.48333311080933,27.7999992370606,-7.69999980926514,538,60.0105171203613,47
403,2,6.48333311080933,27.7999992370606,-7.69999980926514,538,60.0105171203613,47
404,0,6.24166679382324,27.8999996185303,-8.69999980926514,553,64.3919677734375,51
404,0,6.24166679382324,27.8999996185303,-8.69999980926514,553,64.3919677734375,51
404,0,6.24166679382324,27.8999996185303,-8.69999980926514,553,64.3919677734375,51
404,0,6.24166679382324,27.8999996185303,-8.69999980926514,553,64.3919677734375,51
404,1,6.24166679382324,27.8999996185303,-8.69999980926514,553,64.3919677734375,51
404,1,6.24166679382324,27.8999996185303,-8.69999980926514,553,64.3919677734375,51
404,1,6.24166679382324,27.8999996185303,-8.69999980926514,553,64.3919677734375,51
404,1,6.24166679382324,27.8999996185303,-8.69999980926514,553,64.3919677734375,51
404,2,6.24166679382324,27.8999996185303,-8.69999980926514,553,64.3919677734375,51
404,2,6.24166679382324,27.8999996185303,-8.69999980926514,553,64.3919677734375,51
404,2,6.24166679382324,27.8999996185303,-8.69999980926514,553,64.3919677734375,51
404,2,6.24166679382324,27.8999996185303,-8.69999980926514,553,64.3919677734375,51
405,0,6.22499990463257,27.8999996185303,-8.5,486,59.4915046691895,51
405,0,6.22499990463257,27.8999996185303,-8.5,486,59.4915046691895,51
405,0,6.22499990463257,27.8999996185303,-8.5,486,59.4915046691895,51
405,0,6.22499990463257,27.8999996185303,-8.5,486,59.4915046691895,51
405,1,6.22499990463257,27.8999996185303,-8.5,486,59.4915046691895,51
405,1,6.22499990463257,27.8999996185303,-8.5,486,59.4915046691895,51
405,1,6.22499990463257,27.8999996185303,-8.5,486,59.4915046691895,51
405,1,6.22499990463257,27.8999996185303,-8.5,486,59.4915046691895,51
405,2,6.22499990463257,27.8999996185303,-8.5,486,59.4915046691895,51
405,2,6.22499990463257,27.8999996185303,-8.5,486,59.4915046691895,51
405,2,6.22499990463257,27.8999996185303,-8.5,486,59.4915046691895,51
405,2,6.22499990463257,27.8999996185303,-8.5,486,59.4915046691895,51
406,0,6.11250019073486,26.2999992370606,-7.30000019073486,834,67.4196472167969,61
406,0,6.11250019073486,26.2999992370606,-7.30000019073486,834,67.4196472167969,61
406,0,6.11250019073486,26.2999992370606,-7.30000019073486,834,67.4196472167969,61
406,0,6.11250019073486,26.2999992370606,-7.30000019073486,834,67.4196472167969,61
406,1,6.11250019073486,26.2999992370606,-7.30000019073486,834,67.4196472167969,61
406,1,6.11250019073486,26.2999992370606,-7.30000019073486,834,67.4196472167969,61
406,1,6.11250019073486,26.2999992370606,-7.30000019073486,834,67.4196472167969,61
406,1,6.11250019073486,26.2999992370606,-7.30000019073486,834,67.4196472167969,61
406,2,6.11250019073486,26.2999992370606,-7.30000019073486,834,67.4196472167969,61
406,2,6.11250019073486,26.2999992370606,-7.30000019073486,834,67.4196472167969,61
406,2,6.11250019073486,26.2999992370606,-7.30000019073486,834,67.4196472167969,61
406,2,6.11250019073486,26.2999992370606,-7.30000019073486,834,67.4196472167969,61
407,0,5.125,26.3999996185303,-9.5,481,57.5489349365234,55
407,0,5.125,26.3999996185303,-9.5,481,57.5489349365234,55
407,0,5.125,26.3999996185303,-9.5,481,57.5489349365234,55
407,0,5.125,26.3999996185303,-9.5,481,57.5489349365234,55
407,1,5.125,26.3999996185303,-9.5,481,57.5489349365234,55
407,1,5.125,26.3999996185303,-9.5,481,57.5489349365234,55
407,1,5.125,26.3999996185303,-9.5,481,57.5489349365234,55
407,1,5.125,26.3999996185303,-9.5,481,57.5489349365234,55
407,2,5.125,26.3999996185303,-9.5,481,57.5489349365234,55
407,2,5.125,26.3999996185303,-9.5,481,57.5489349365234,55
407,2,5.125,26.3999996185303,-9.5,481,57.5489349365234,55
407,2,5.125,26.3999996185303,-9.5,481,57.5489349365234,55
408,0,5.16666650772095,26.2000007629395,-9,452,54.2748794555664,58
408,0,5.16666650772095,26.2000007629395,-9,452,54.2748794555664,58
408,0,5.16666650772095,26.2000007629395,-9,452,54.2748794555664,58
408,0,5.16666650772095,26.2000007629395,-9,452,54.2748794555664,58
408,1,5.16666650772095,26.2000007629395,-9,452,54.2748794555664,58
408,1,5.16666650772095,26.2000007629395,-9,452,54.2748794555664,58
408,1,5.16666650772095,26.2000007629395,-9,452,54.2748794555664,58
408,1,5.16666650772095,26.2000007629395,-9,452,54.2748794555664,58
408,2,5.16666650772095,26.2000007629395,-9,452,54.2748794555664,58
408,2,5.16666650772095,26.2000007629395,-9,452,54.2748794555664,58
408,2,5.16666650772095,26.2000007629395,-9,452,54.2748794555664,58
408,2,5.16666650772095,26.2000007629395,-9,452,54.2748794555664,58
409,0,6.01249980926514,27.7000007629395,-9.39999961853027,485,61.9306030273438,50
409,0,6.01249980926514,27.7000007629395,-9.39999961853027,485,61.9306030273438,50
409,0,6.01249980926514,27.7000007629395,-9.39999961853027,485,61.9306030273438,50
409,0,6.01249980926514,27.7000007629395,-9.39999961853027,485,61.9306030273438,50
409,1,6.01249980926514,27.7000007629395,-9.39999961853027,485,61.9306030273438,50
409,1,6.01249980926514,27.7000007629395,-9.39999961853027,485,61.9306030273438,50
409,1,6.01249980926514,27.7000007629395,-9.39999961853027,485,61.9306030273438,50
409,1,6.01249980926514,27.7000007629395,-9.39999961853027,485,61.9306030273438,50
409,2,6.01249980926514,27.7000007629395,-9.39999961853027,485,61.9306030273438,50
409,2,6.01249980926514,27.7000007629395,-9.39999961853027,485,61.9306030273438,50
409,2,6.01249980926514,27.7000007629395,-9.39999961853027,485,61.9306030273438,50
409,2,6.01249980926514,27.7000007629395,-9.39999961853027,485,61.9306030273438,50
410,0,4.58750009536743,24.7999992370606,-8.39999961853027,1031,67.7657089233399,73
410,0,4.58750009536743,24.7999992370606,-8.39999961853027,1031,67.7657089233399,73
410,0,4.58750009536743,24.7999992370606,-8.39999961853027,1031,67.7657089233399,73
410,0,4.58750009536743,24.7999992370606,-8.39999961853027,1031,67.7657089233399,73
410,1,4.58750009536743,24.7999992370606,-8.39999961853027,1031,67.7657089233399,73
410,1,4.58750009536743,24.7999992370606,-8.39999961853027,1031,67.7657089233399,73
410,1,4.58750009536743,24.7999992370606,-8.39999961853027,1031,67.7657089233399,73
410,1,4.58750009536743,24.7999992370606,-8.39999961853027,1031,67.7657089233399,73
410,2,4.58750009536743,24.7999992370606,-8.39999961853027,1031,67.7657089233399,73
410,2,4.58750009536743,24.7999992370606,-8.39999961853027,1031,67.7657089233399,73
410,2,4.58750009536743,24.7999992370606,-8.39999961853027,1031,67.7657089233399,73
410,2,4.58750009536743,24.7999992370606,-8.39999961853027,1031,67.7657089233399,73
411,0,4.22499990463257,23,-7.80000019073486,1362,67.9352264404297,98
411,0,4.22499990463257,23,-7.80000019073486,1362,67.9352264404297,98
411,0,4.22499990463257,23,-7.80000019073486,1362,67.9352264404297,98
411,0,4.22499990463257,23,-7.80000019073486,1362,67.9352264404297,98
411,1,4.22499990463257,23,-7.80000019073486,1362,67.9352264404297,98
411,1,4.22499990463257,23,-7.80000019073486,1362,67.9352264404297,98
411,1,4.22499990463257,23,-7.80000019073486,1362,67.9352264404297,98
411,1,4.22499990463257,23,-7.80000019073486,1362,67.9352264404297,98
411,2,4.22499990463257,23,-7.80000019073486,1362,67.9352264404297,98
411,2,4.22499990463257,23,-7.80000019073486,1362,67.9352264404297,98
411,2,4.22499990463257,23,-7.80000019073486,1362,67.9352264404297,98
411,2,4.22499990463257,23,-7.80000019073486,1362,67.9352264404297,98
412,0,6.5,27.6000003814697,-7.40000009536743,476,44.4152030944824,51
412,0,6.5,27.6000003814697,-7.40000009536743,476,44.4152030944824,51
412,0,6.5,27.6000003814697,-7.40000009536743,476,44.4152030944824,51
412,0,6.5,27.6000003814697,-7.40000009536743,476,44.4152030944824,51
412,1,6.5,27.6000003814697,-7.40000009536743,476,44.4152030944824,51
412,1,6.5,27.6000003814697,-7.40000009536743,476,44.4152030944824,51
412,1,6.5,27.6000003814697,-7.40000009536743,476,44.4152030944824,51
412,1,6.5,27.6000003814697,-7.40000009536743,476,44.4152030944824,51
412,2,6.5,27.6000003814697,-7.40000009536743,476,44.4152030944824,51
412,2,6.5,27.6000003814697,-7.40000009536743,476,44.4152030944824,51
412,2,6.5,27.6000003814697,-7.40000009536743,476,44.4152030944824,51
412,2,6.5,27.6000003814697,-7.40000009536743,476,44.4152030944824,51
413,0,5.70833349227905,27.3999996185303,-9,582,64.7811965942383,52
413,0,5.70833349227905,27.3999996185303,-9,582,64.7811965942383,52
413,0,5.70833349227905,27.3999996185303,-9,582,64.7811965942383,52
413,0,5.70833349227905,27.3999996185303,-9,582,64.7811965942383,52
413,1,5.70833349227905,27.3999996185303,-9,582,64.7811965942383,52
413,1,5.70833349227905,27.3999996185303,-9,582,64.7811965942383,52
413,1,5.70833349227905,27.3999996185303,-9,582,64.7811965942383,52
413,1,5.70833349227905,27.3999996185303,-9,582,64.7811965942383,52
413,2,5.70833349227905,27.3999996185303,-9,582,64.7811965942383,52
413,2,5.70833349227905,27.3999996185303,-9,582,64.7811965942383,52
413,2,5.70833349227905,27.3999996185303,-9,582,64.7811965942383,52
413,2,5.70833349227905,27.3999996185303,-9,582,64.7811965942383,52
414,0,6.03749990463257,27.7000007629395,-8.60000038146973,495,54.0399894714356,55
414,0,6.03749990463257,27.7000007629395,-8.60000038146973,495,54.0399894714356,55
414,0,6.03749990463257,27.7000007629395,-8.60000038146973,495,54.0399894714356,55
414,0,6.03749990463257,27.7000007629395,-8.60000038146973,495,54.0399894714356,55
414,1,6.03749990463257,27.7000007629395,-8.60000038146973,495,54.0399894714356,55
414,1,6.03749990463257,27.7000007629395,-8.60000038146973,495,54.0399894714356,55
414,1,6.03749990463257,27.7000007629395,-8.60000038146973,495,54.0399894714356,55
414,1,6.03749990463257,27.7000007629395,-8.60000038146973,495,54.0399894714356,55
414,2,6.03749990463257,27.7000007629395,-8.60000038146973,495,54.0399894714356,55
414,2,6.03749990463257,27.7000007629395,-8.60000038146973,495,54.0399894714356,55
414,2,6.03749990463257,27.7000007629395,-8.60000038146973,495,54.0399894714356,55
414,2,6.03749990463257,27.7000007629395,-8.60000038146973,495,54.0399894714356,55
415,0,5.82916688919067,27.2000007629395,-8.5,537,53.8975219726563,58
415,0,5.82916688919067,27.2000007629395,-8.5,537,53.8975219726563,58
415,0,5.82916688919067,27.2000007629395,-8.5,537,53.8975219726563,58
415,0,5.82916688919067,27.2000007629395,-8.5,537,53.8975219726563,58
415,1,5.82916688919067,27.2000007629395,-8.5,537,53.8975219726563,58
415,1,5.82916688919067,27.2000007629395,-8.5,537,53.8975219726563,58
415,1,5.82916688919067,27.2000007629395,-8.5,537,53.8975219726563,58
415,1,5.82916688919067,27.2000007629395,-8.5,537,53.8975219726563,58
415,2,5.82916688919067,27.2000007629395,-8.5,537,53.8975219726563,58
415,2,5.82916688919067,27.2000007629395,-8.5,537,53.8975219726563,58
415,2,5.82916688919067,27.2000007629395,-8.5,537,53.8975219726563,58
415,2,5.82916688919067,27.2000007629395,-8.5,537,53.8975219726563,58
416,0,5.5,26.8999996185303,-8.69999980926514,678,67.9435501098633,60
416,0,5.5,26.8999996185303,-8.69999980926514,678,67.9435501098633,60
416,0,5.5,26.8999996185303,-8.69999980926514,678,67.9435501098633,60
416,0,5.5,26.8999996185303,-8.69999980926514,678,67.9435501098633,60
416,1,5.5,26.8999996185303,-8.69999980926514,678,67.9435501098633,60
416,1,5.5,26.8999996185303,-8.69999980926514,678,67.9435501098633,60
416,1,5.5,26.8999996185303,-8.69999980926514,678,67.9435501098633,60
416,1,5.5,26.8999996185303,-8.69999980926514,678,67.9435501098633,60
416,2,5.5,26.8999996185303,-8.69999980926514,678,67.9435501098633,60
416,2,5.5,26.8999996185303,-8.69999980926514,678,67.9435501098633,60
416,2,5.5,26.8999996185303,-8.69999980926514,678,67.9435501098633,60
416,2,5.5,26.8999996185303,-8.69999980926514,678,67.9435501098633,60
417,0,5.22083330154419,26.7000007629395,-9.5,492,58.276985168457,55
417,0,5.22083330154419,26.7000007629395,-9.5,492,58.276985168457,55
417,0,5.22083330154419,26.7000007629395,-9.5,492,58.276985168457,55
417,0,5.22083330154419,26.7000007629395,-9.5,492,58.276985168457,55
417,1,5.22083330154419,26.7000007629395,-9.5,492,58.276985168457,55
417,1,5.22083330154419,26.7000007629395,-9.5,492,58.276985168457,55
417,1,5.22083330154419,26.7000007629395,-9.5,492,58.276985168457,55
417,1,5.22083330154419,26.7000007629395,-9.5,492,58.276985168457,55
417,2,5.22083330154419,26.7000007629395,-9.5,492,58.276985168457,55
417,2,5.22083330154419,26.7000007629395,-9.5,492,58.276985168457,55
417,2,5.22083330154419,26.7000007629395,-9.5,492,58.276985168457,55
417,2,5.22083330154419,26.7000007629395,-9.5,492,58.276985168457,55
418,0,7.27083349227905,29.1000003814697,-7.59999990463257,419,41.0649604797363,54
418,0,7.27083349227905,29.1000003814697,-7.59999990463257,419,41.0649604797363,54
418,0,7.27083349227905,29.1000003814697,-7.59999990463257,419,41.0649604797363,54
418,0,7.27083349227905,29.1000003814697,-7.59999990463257,419,41.0649604797363,54
418,1,7.27083349227905,29.1000003814697,-7.59999990463257,419,41.0649604797363,54
418,1,7.27083349227905,29.1000003814697,-7.59999990463257,419,41.0649604797363,54
418,1,7.27083349227905,29.1000003814697,-7.59999990463257,419,41.0649604797363,54
418,1,7.27083349227905,29.1000003814697,-7.59999990463257,419,41.0649604797363,54
418,2,7.27083349227905,29.1000003814697,-7.59999990463257,419,41.0649604797363,54
418,2,7.27083349227905,29.1000003814697,-7.59999990463257,419,41.0649604797363,54
418,2,7.27083349227905,29.1000003814697,-7.59999990463257,419,41.0649604797363,54
418,2,7.27083349227905,29.1000003814697,-7.59999990463257,419,41.0649604797363,54
419,0,5.5625,27.6000003814697,-9.30000019073486,628,67.0168914794922,54
419,0,5.5625,27.6000003814697,-9.30000019073486,628,67.0168914794922,54
419,0,5.5625,27.6000003814697,-9.30000019073486,628,67.0168914794922,54
419,0,5.5625,27.6000003814697,-9.30000019073486,628,67.0168914794922,54
419,1,5.5625,27.6000003814697,-9.30000019073486,628,67.0168914794922,54
419,1,5.5625,27.6000003814697,-9.30000019073486,628,67.0168914794922,54
419,1,5.5625,27.6000003814697,-9.30000019073486,628,67.0168914794922,54
419,1,5.5625,27.6000003814697,-9.30000019073486,628,67.0168914794922,54
419,2,5.5625,27.6000003814697,-9.30000019073486,628,67.0168914794922,54
419,2,5.5625,27.6000003814697,-9.30000019073486,628,67.0168914794922,54
419,2,5.5625,27.6000003814697,-9.30000019073486,628,67.0168914794922,54
419,2,5.5625,27.6000003814697,-9.30000019073486,628,67.0168914794922,54
420,0,5.35000038146973,27,-8.89999961853027,750,70.1659545898438,62
420,0,5.35000038146973,27,-8.89999961853027,750,70.1659545898438,62
420,0,5.35000038146973,27,-8.89999961853027,750,70.1659545898438,62
420,0,5.35000038146973,27,-8.89999961853027,750,70.1659545898438,62
420,1,5.35000038146973,27,-8.89999961853027,750,70.1659545898438,62
420,1,5.35000038146973,27,-8.89999961853027,750,70.1659545898438,62
420,1,5.35000038146973,27,-8.89999961853027,750,70.1659545898438,62
420,1,5.35000038146973,27,-8.89999961853027,750,70.1659545898438,62
420,2,5.35000038146973,27,-8.89999961853027,750,70.1659545898438,62
420,2,5.35000038146973,27,-8.89999961853027,750,70.1659545898438,62
420,2,5.35000038146973,27,-8.89999961853027,750,70.1659545898438,62
420,2,5.35000038146973,27,-8.89999961853027,750,70.1659545898438,62
421,0,5.75,25.8999996185303,-7.59999990463257,821,66.3901138305664,72
421,0,5.75,25.8999996185303,-7.59999990463257,821,66.3901138305664,72
421,0,5.75,25.8999996185303,-7.59999990463257,821,66.3901138305664,72
421,0,5.75,25.8999996185303,-7.59999990463257,821,66.3901138305664,72
421,1,5.75,25.8999996185303,-7.59999990463257,821,66.3901138305664,72
421,1,5.75,25.8999996185303,-7.59999990463257,821,66.3901138305664,72
421,1,5.75,25.8999996185303,-7.59999990463257,821,66.3901138305664,72
421,1,5.75,25.8999996185303,-7.59999990463257,821,66.3901138305664,72
421,2,5.75,25.8999996185303,-7.59999990463257,821,66.3901138305664,72
421,2,5.75,25.8999996185303,-7.59999990463257,821,66.3901138305664,72
421,2,5.75,25.8999996185303,-7.59999990463257,821,66.3901138305664,72
421,2,5.75,25.8999996185303,-7.59999990463257,821,66.3901138305664,72
422,0,5.57083320617676,26.2000007629395,-8.10000038146973,539,51.4408836364746,53
422,0,5.57083320617676,26.2000007629395,-8.10000038146973,539,51.4408836364746,53
422,0,5.57083320617676,26.2000007629395,-8.10000038146973,539,51.4408836364746,53
422,0,5.57083320617676,26.2000007629395,-8.10000038146973,539,51.4408836364746,53
422,1,5.57083320617676,26.2000007629395,-8.10000038146973,539,51.4408836364746,53
422,1,5.57083320617676,26.2000007629395,-8.10000038146973,539,51.4408836364746,53
422,1,5.57083320617676,26.2000007629395,-8.10000038146973,539,51.4408836364746,53
422,1,5.57083320617676,26.2000007629395,-8.10000038146973,539,51.4408836364746,53
422,2,5.57083320617676,26.2000007629395,-8.10000038146973,539,51.4408836364746,53
422,2,5.57083320617676,26.2000007629395,-8.10000038146973,539,51.4408836364746,53
422,2,5.57083320617676,26.2000007629395,-8.10000038146973,539,51.4408836364746,53
422,2,5.57083320617676,26.2000007629395,-8.10000038146973,539,51.4408836364746,53
423,0,6.6875,27.7000007629395,-7.90000009536743,448,40.1423835754395,49
423,0,6.6875,27.7000007629395,-7.90000009536743,448,40.1423835754395,49
423,0,6.6875,27.7000007629395,-7.90000009536743,448,40.1423835754395,49
423,0,6.6875,27.7000007629395,-7.90000009536743,448,40.1423835754395,49
423,1,6.6875,27.7000007629395,-7.90000009536743,448,40.1423835754395,49
423,1,6.6875,27.7000007629395,-7.90000009536743,448,40.1423835754395,49
423,1,6.6875,27.7000007629395,-7.90000009536743,448,40.1423835754395,49
423,1,6.6875,27.7000007629395,-7.90000009536743,448,40.1423835754395,49
423,2,6.6875,27.7000007629395,-7.90000009536743,448,40.1423835754395,49
423,2,6.6875,27.7000007629395,-7.90000009536743,448,40.1423835754395,49
423,2,6.6875,27.7000007629395,-7.90000009536743,448,40.1423835754395,49
423,2,6.6875,27.7000007629395,-7.90000009536743,448,40.1423835754395,49
424,0,5.1875,26.6000003814697,-9.60000038146973,475,56.2723693847656,55
424,0,5.1875,26.6000003814697,-9.60000038146973,475,56.2723693847656,55
424,0,5.1875,26.6000003814697,-9.60000038146973,475,56.2723693847656,55
424,0,5.1875,26.6000003814697,-9.60000038146973,475,56.2723693847656,55
424,1,5.1875,26.6000003814697,-9.60000038146973,475,56.2723693847656,55
424,1,5.1875,26.6000003814697,-9.60000038146973,475,56.2723693847656,55
424,1,5.1875,26.6000003814697,-9.60000038146973,475,56.2723693847656,55
424,1,5.1875,26.6000003814697,-9.60000038146973,475,56.2723693847656,55
424,2,5.1875,26.6000003814697,-9.60000038146973,475,56.2723693847656,55
424,2,5.1875,26.6000003814697,-9.60000038146973,475,56.2723693847656,55
424,2,5.1875,26.6000003814697,-9.60000038146973,475,56.2723693847656,55
424,2,5.1875,26.6000003814697,-9.60000038146973,475,56.2723693847656,55
425,0,5.81666660308838,26.5,-8.10000038146973,499,51.5901679992676,57
425,0,5.81666660308838,26.5,-8.10000038146973,499,51.5901679992676,57
425,0,5.81666660308838,26.5,-8.10000038146973,499,51.5901679992676,57
425,0,5.81666660308838,26.5,-8.10000038146973,499,51.5901679992676,57
425,1,5.81666660308838,26.5,-8.10000038146973,499,51.5901679992676,57
425,1,5.81666660308838,26.5,-8.10000038146973,499,51.5901679992676,57
425,1,5.81666660308838,26.5,-8.10000038146973,499,51.5901679992676,57
425,1,5.81666660308838,26.5,-8.10000038146973,499,51.5901679992676,57
425,2,5.81666660308838,26.5,-8.10000038146973,499,51.5901679992676,57
425,2,5.81666660308838,26.5,-8.10000038146973,499,51.5901679992676,57
425,2,5.81666660308838,26.5,-8.10000038146973,499,51.5901679992676,57
425,2,5.81666660308838,26.5,-8.10000038146973,499,51.5901679992676,57
426,0,6.15833330154419,27.8999996185303,-8.60000038146973,436,55.8991050720215,55
426,0,6.15833330154419,27.8999996185303,-8.60000038146973,436,55.8991050720215,55
426,0,6.15833330154419,27.8999996185303,-8.60000038146973,436,55.8991050720215,55
426,0,6.15833330154419,27.8999996185303,-8.60000038146973,436,55.8991050720215,55
426,1,6.15833330154419,27.8999996185303,-8.60000038146973,436,55.8991050720215,55
426,1,6.15833330154419,27.8999996185303,-8.60000038146973,436,55.8991050720215,55
426,1,6.15833330154419,27.8999996185303,-8.60000038146973,436,55.8991050720215,55
426,1,6.15833330154419,27.8999996185303,-8.60000038146973,436,55.8991050720215,55
426,2,6.15833330154419,27.8999996185303,-8.60000038146973,436,55.8991050720215,55
426,2,6.15833330154419,27.8999996185303,-8.60000038146973,436,55.8991050720215,55
426,2,6.15833330154419,27.8999996185303,-8.60000038146973,436,55.8991050720215,55
426,2,6.15833330154419,27.8999996185303,-8.60000038146973,436,55.8991050720215,55
427,0,5.25,24,-6.5,998,62.0285186767578,70
427,0,5.25,24,-6.5,998,62.0285186767578,70
427,0,5.25,24,-6.5,998,62.0285186767578,70
427,0,5.25,24,-6.5,998,62.0285186767578,70
427,1,5.25,24,-6.5,998,62.0285186767578,70
427,1,5.25,24,-6.5,998,62.0285186767578,70
427,1,5.25,24,-6.5,998,62.0285186767578,70
427,1,5.25,24,-6.5,998,62.0285186767578,70
427,2,5.25,24,-6.5,998,62.0285186767578,70
427,2,5.25,24,-6.5,998,62.0285186767578,70
427,2,5.25,24,-6.5,998,62.0285186767578,70
427,2,5.25,24,-6.5,998,62.0285186767578,70
428,0,5.40000009536743,26.5,-8.60000038146973,892,70.1963195800781,67
428,0,5.40000009536743,26.5,-8.60000038146973,892,70.1963195800781,67
428,0,5.40000009536743,26.5,-8.60000038146973,892,70.1963195800781,67
428,0,5.40000009536743,26.5,-8.60000038146973,892,70.1963195800781,67
428,1,5.40000009536743,26.5,-8.60000038146973,892,70.1963195800781,67
428,1,5.40000009536743,26.5,-8.60000038146973,892,70.1963195800781,67
428,1,5.40000009536743,26.5,-8.60000038146973,892,70.1963195800781,67
428,1,5.40000009536743,26.5,-8.60000038146973,892,70.1963195800781,67
428,2,5.40000009536743,26.5,-8.60000038146973,892,70.1963195800781,67
428,2,5.40000009536743,26.5,-8.60000038146973,892,70.1963195800781,67
428,2,5.40000009536743,26.5,-8.60000038146973,892,70.1963195800781,67
428,2,5.40000009536743,26.5,-8.60000038146973,892,70.1963195800781,67
429,0,6.68333339691162,28.1000003814697,-7.80000019073486,473,57.3452033996582,50
429,0,6.68333339691162,28.1000003814697,-7.80000019073486,473,57.3452033996582,50
429,0,6.68333339691162,28.1000003814697,-7.80000019073486,473,57.3452033996582,50
429,0,6.68333339691162,28.1000003814697,-7.80000019073486,473,57.3452033996582,50
429,1,6.68333339691162,28.1000003814697,-7.80000019073486,473,57.3452033996582,50
429,1,6.68333339691162,28.1000003814697,-7.80000019073486,473,57.3452033996582,50
429,1,6.68333339691162,28.1000003814697,-7.80000019073486,473,57.3452033996582,50
429,1,6.68333339691162,28.1000003814697,-7.80000019073486,473,57.3452033996582,50
429,2,6.68333339691162,28.1000003814697,-7.80000019073486,473,57.3452033996582,50
429,2,6.68333339691162,28.1000003814697,-7.80000019073486,473,57.3452033996582,50
429,2,6.68333339691162,28.1000003814697,-7.80000019073486,473,57.3452033996582,50
429,2,6.68333339691162,28.1000003814697,-7.80000019073486,473,57.3452033996582,50
430,0,5.5625,25,-7,961,67.6047134399414,66
430,0,5.5625,25,-7,961,67.6047134399414,66
430,0,5.5625,25,-7,961,67.6047134399414,66
430,0,5.5625,25,-7,961,67.6047134399414,66
430,1,5.5625,25,-7,961,67.6047134399414,66
430,1,5.5625,25,-7,961,67.6047134399414,66
430,1,5.5625,25,-7,961,67.6047134399414,66
430,1,5.5625,25,-7,961,67.6047134399414,66
430,2,5.5625,25,-7,961,67.6047134399414,66
430,2,5.5625,25,-7,961,67.6047134399414,66
430,2,5.5625,25,-7,961,67.6047134399414,66
430,2,5.5625,25,-7,961,67.6047134399414,66
431,0,4.69166660308838,24.3999996185303,-8.10000038146973,1041,68.3002700805664,84
431,0,4.69166660308838,24.3999996185303,-8.10000038146973,1041,68.3002700805664,84
431,0,4.69166660308838,24.3999996185303,-8.10000038146973,1041,68.3002700805664,84
431,0,4.69166660308838,24.3999996185303,-8.10000038146973,1041,68.3002700805664,84
431,1,4.69166660308838,24.3999996185303,-8.10000038146973,1041,68.3002700805664,84
431,1,4.69166660308838,24.3999996185303,-8.10000038146973,1041,68.3002700805664,84
431,1,4.69166660308838,24.3999996185303,-8.10000038146973,1041,68.3002700805664,84
431,1,4.69166660308838,24.3999996185303,-8.10000038146973,1041,68.3002700805664,84
431,2,4.69166660308838,24.3999996185303,-8.10000038146973,1041,68.3002700805664,84
431,2,4.69166660308838,24.3999996185303,-8.10000038146973,1041,68.3002700805664,84
431,2,4.69166660308838,24.3999996185303,-8.10000038146973,1041,68.3002700805664,84
431,2,4.69166660308838,24.3999996185303,-8.10000038146973,1041,68.3002700805664,84
432,0,6.24166679382324,27,-7.40000009536743,504,49.4922332763672,50
432,0,6.24166679382324,27,-7.40000009536743,504,49.4922332763672,50
432,0,6.24166679382324,27,-7.40000009536743,504,49.4922332763672,50
432,0,6.24166679382324,27,-7.40000009536743,504,49.4922332763672,50
432,1,6.24166679382324,27,-7.40000009536743,504,49.4922332763672,50
432,1,6.24166679382324,27,-7.40000009536743,504,49.4922332763672,50
432,1,6.24166679382324,27,-7.40000009536743,504,49.4922332763672,50
432,1,6.24166679382324,27,-7.40000009536743,504,49.4922332763672,50
432,2,6.24166679382324,27,-7.40000009536743,504,49.4922332763672,50
432,2,6.24166679382324,27,-7.40000009536743,504,49.4922332763672,50
432,2,6.24166679382324,27,-7.40000009536743,504,49.4922332763672,50
432,2,6.24166679382324,27,-7.40000009536743,504,49.4922332763672,50
433,0,4.52500009536743,25.5,-9.39999961853027,759,64.1252212524414,65
433,0,4.52500009536743,25.5,-9.39999961853027,759,64.1252212524414,65
433,0,4.52500009536743,25.5,-9.39999961853027,759,64.1252212524414,65
433,0,4.52500009536743,25.5,-9.39999961853027,759,64.1252212524414,65
433,1,4.52500009536743,25.5,-9.39999961853027,759,64.1252212524414,65
433,1,4.52500009536743,25.5,-9.39999961853027,759,64.1252212524414,65
433,1,4.52500009536743,25.5,-9.39999961853027,759,64.1252212524414,65
433,1,4.52500009536743,25.5,-9.39999961853027,759,64.1252212524414,65
433,2,4.52500009536743,25.5,-9.39999961853027,759,64.1252212524414,65
433,2,4.52500009536743,25.5,-9.39999961853027,759,64.1252212524414,65
433,2,4.52500009536743,25.5,-9.39999961853027,759,64.1252212524414,65
433,2,4.52500009536743,25.5,-9.39999961853027,759,64.1252212524414,65
434,0,6.4375,26.5,-6.59999990463257,507,58.6516838073731,45
434,0,6.4375,26.5,-6.59999990463257,507,58.6516838073731,45
434,0,6.4375,26.5,-6.59999990463257,507,58.6516838073731,45
434,0,6.4375,26.5,-6.59999990463257,507,58.6516838073731,45
434,1,6.4375,26.5,-6.59999990463257,507,58.6516838073731,45
434,1,6.4375,26.5,-6.59999990463257,507,58.6516838073731,45
434,1,6.4375,26.5,-6.59999990463257,507,58.6516838073731,45
434,1,6.4375,26.5,-6.59999990463257,507,58.6516838073731,45
434,2,6.4375,26.5,-6.59999990463257,507,58.6516838073731,45
434,2,6.4375,26.5,-6.59999990463257,507,58.6516838073731,45
434,2,6.4375,26.5,-6.59999990463257,507,58.6516838073731,45
434,2,6.4375,26.5,-6.59999990463257,507,58.6516838073731,45
435,0,5.28333330154419,25.2000007629395,-7.5,705,59.485969543457,58
435,0,5.28333330154419,25.2000007629395,-7.5,705,59.485969543457,58
435,0,5.28333330154419,25.2000007629395,-7.5,705,59.485969543457,58
435,0,5.28333330154419,25.2000007629395,-7.5,705,59.485969543457,58
435,1,5.28333330154419,25.2000007629395,-7.5,705,59.485969543457,58
435,1,5.28333330154419,25.2000007629395,-7.5,705,59.485969543457,58
435,1,5.28333330154419,25.2000007629395,-7.5,705,59.485969543457,58
435,1,5.28333330154419,25.2000007629395,-7.5,705,59.485969543457,58
435,2,5.28333330154419,25.2000007629395,-7.5,705,59.485969543457,58
435,2,5.28333330154419,25.2000007629395,-7.5,705,59.485969543457,58
435,2,5.28333330154419,25.2000007629395,-7.5,705,59.485969543457,58
435,2,5.28333330154419,25.2000007629395,-7.5,705,59.485969543457,58
436,0,4.05000019073486,24,-8.80000019073486,1173,68.1519393920899,84
436,0,4.05000019073486,24,-8.80000019073486,1173,68.1519393920899,84
436,0,4.05000019073486,24,-8.80000019073486,1173,68.1519393920899,84
436,0,4.05000019073486,24,-8.80000019073486,1173,68.1519393920899,84
436,1,4.05000019073486,24,-8.80000019073486,1173,68.1519393920899,84
436,1,4.05000019073486,24,-8.80000019073486,1173,68.1519393920899,84
436,1,4.05000019073486,24,-8.80000019073486,1173,68.1519393920899,84
436,1,4.05000019073486,24,-8.80000019073486,1173,68.1519393920899,84
436,2,4.05000019073486,24,-8.80000019073486,1173,68.1519393920899,84
436,2,4.05000019073486,24,-8.80000019073486,1173,68.1519393920899,84
436,2,4.05000019073486,24,-8.80000019073486,1173,68.1519393920899,84
436,2,4.05000019073486,24,-8.80000019073486,1173,68.1519393920899,84
437,0,4.04166650772095,23.1000003814697,-8.39999961853027,1384,68.3940734863281,92
437,0,4.04166650772095,23.1000003814697,-8.39999961853027,1384,68.3940734863281,92
437,0,4.04166650772095,23.1000003814697,-8.39999961853027,1384,68.3940734863281,92
437,0,4.04166650772095,23.1000003814697,-8.39999961853027,1384,68.3940734863281,92
437,1,4.04166650772095,23.1000003814697,-8.39999961853027,1384,68.3940734863281,92
437,1,4.04166650772095,23.1000003814697,-8.39999961853027,1384,68.3940734863281,92
437,1,4.04166650772095,23.1000003814697,-8.39999961853027,1384,68.3940734863281,92
437,1,4.04166650772095,23.1000003814697,-8.39999961853027,1384,68.3940734863281,92
437,2,4.04166650772095,23.1000003814697,-8.39999961853027,1384,68.3940734863281,92
437,2,4.04166650772095,23.1000003814697,-8.39999961853027,1384,68.3940734863281,92
437,2,4.04166650772095,23.1000003814697,-8.39999961853027,1384,68.3940734863281,92
437,2,4.04166650772095,23.1000003814697,-8.39999961853027,1384,68.3940734863281,92
438,0,5.12083339691162,25.2999992370606,-8.30000019073486,886,67.7101440429688,75
438,0,5.12083339691162,25.2999992370606,-8.30000019073486,886,67.7101440429688,75
438,0,5.12083339691162,25.2999992370606,-8.30000019073486,886,67.7101440429688,75
438,0,5.12083339691162,25.2999992370606,-8.30000019073486,886,67.7101440429688,75
438,1,5.12083339691162,25.2999992370606,-8.30000019073486,886,67.7101440429688,75
438,1,5.12083339691162,25.2999992370606,-8.30000019073486,886,67.7101440429688,75
438,1,5.12083339691162,25.2999992370606,-8.30000019073486,886,67.7101440429688,75
438,1,5.12083339691162,25.2999992370606,-8.30000019073486,886,67.7101440429688,75
438,2,5.12083339691162,25.2999992370606,-8.30000019073486,886,67.7101440429688,75
438,2,5.12083339691162,25.2999992370606,-8.30000019073486,886,67.7101440429688,75
438,2,5.12083339691162,25.2999992370606,-8.30000019073486,886,67.7101440429688,75
438,2,5.12083339691162,25.2999992370606,-8.30000019073486,886,67.7101440429688,75
439,0,6.27083349227905,27.7000007629395,-8.69999980926514,440,56.70751953125,55
439,0,6.27083349227905,27.7000007629395,-8.69999980926514,440,56.70751953125,55
439,0,6.27083349227905,27.7000007629395,-8.69999980926514,440,56.70751953125,55
439,0,6.27083349227905,27.7000007629395,-8.69999980926514,440,56.70751953125,55
439,1,6.27083349227905,27.7000007629395,-8.69999980926514,440,56.70751953125,55
439,1,6.27083349227905,27.7000007629395,-8.69999980926514,440,56.70751953125,55
439,1,6.27083349227905,27.7000007629395,-8.69999980926514,440,56.70751953125,55
439,1,6.27083349227905,27.7000007629395,-8.69999980926514,440,56.70751953125,55
439,2,6.27083349227905,27.7000007629395,-8.69999980926514,440,56.70751953125,55
439,2,6.27083349227905,27.7000007629395,-8.69999980926514,440,56.70751953125,55
439,2,6.27083349227905,27.7000007629395,-8.69999980926514,440,56.70751953125,55
439,2,6.27083349227905,27.7000007629395,-8.69999980926514,440,56.70751953125,55
440,0,5.74583339691162,26.6000003814697,-8.10000038146973,781,67.9426879882813,59
440,0,5.74583339691162,26.6000003814697,-8.10000038146973,781,67.9426879882813,59
440,0,5.74583339691162,26.6000003814697,-8.10000038146973,781,67.9426879882813,59
440,0,5.74583339691162,26.6000003814697,-8.10000038146973,781,67.9426879882813,59
440,1,5.74583339691162,26.6000003814697,-8.10000038146973,781,67.9426879882813,59
440,1,5.74583339691162,26.6000003814697,-8.10000038146973,781,67.9426879882813,59
440,1,5.74583339691162,26.6000003814697,-8.10000038146973,781,67.9426879882813,59
440,1,5.74583339691162,26.6000003814697,-8.10000038146973,781,67.9426879882813,59
440,2,5.74583339691162,26.6000003814697,-8.10000038146973,781,67.9426879882813,59
440,2,5.74583339691162,26.6000003814697,-8.10000038146973,781,67.9426879882813,59
440,2,5.74583339691162,26.6000003814697,-8.10000038146973,781,67.9426879882813,59
440,2,5.74583339691162,26.6000003814697,-8.10000038146973,781,67.9426879882813,59
441,0,6.20416641235352,27.8999996185303,-8.5,530,61.9842338562012,51
441,0,6.20416641235352,27.8999996185303,-8.5,530,61.9842338562012,51
441,0,6.20416641235352,27.8999996185303,-8.5,530,61.9842338562012,51
441,0,6.20416641235352,27.8999996185303,-8.5,530,61.9842338562012,51
441,1,6.20416641235352,27.8999996185303,-8.5,530,61.9842338562012,51
441,1,6.20416641235352,27.8999996185303,-8.5,530,61.9842338562012,51
441,1,6.20416641235352,27.8999996185303,-8.5,530,61.9842338562012,51
441,1,6.20416641235352,27.8999996185303,-8.5,530,61.9842338562012,51
441,2,6.20416641235352,27.8999996185303,-8.5,530,61.9842338562012,51
441,2,6.20416641235352,27.8999996185303,-8.5,530,61.9842338562012,51
441,2,6.20416641235352,27.8999996185303,-8.5,530,61.9842338562012,51
441,2,6.20416641235352,27.8999996185303,-8.5,530,61.9842338562012,51
442,0,6.15000009536743,27.5,-8.19999980926514,488,58.3167533874512,52
442,0,6.15000009536743,27.5,-8.19999980926514,488,58.3167533874512,52
442,0,6.15000009536743,27.5,-8.19999980926514,488,58.3167533874512,52
442,0,6.15000009536743,27.5,-8.19999980926514,488,58.3167533874512,52
442,1,6.15000009536743,27.5,-8.19999980926514,488,58.3167533874512,52
442,1,6.15000009536743,27.5,-8.19999980926514,488,58.3167533874512,52
442,1,6.15000009536743,27.5,-8.19999980926514,488,58.3167533874512,52
442,1,6.15000009536743,27.5,-8.19999980926514,488,58.3167533874512,52
442,2,6.15000009536743,27.5,-8.19999980926514,488,58.3167533874512,52
442,2,6.15000009536743,27.5,-8.19999980926514,488,58.3167533874512,52
442,2,6.15000009536743,27.5,-8.19999980926514,488,58.3167533874512,52
442,2,6.15000009536743,27.5,-8.19999980926514,488,58.3167533874512,52
443,0,7.19583320617676,27.7999992370606,-6.80000019073486,534,59.1627922058106,45
443,0,7.19583320617676,27.7999992370606,-6.80000019073486,534,59.1627922058106,45
443,0,7.19583320617676,27.7999992370606,-6.80000019073486,534,59.1627922058106,45
443,0,7.19583320617676,27.7999992370606,-6.80000019073486,534,59.1627922058106,45
443,1,7.19583320617676,27.7999992370606,-6.80000019073486,534,59.1627922058106,45
443,1,7.19583320617676,27.7999992370606,-6.80000019073486,534,59.1627922058106,45
443,1,7.19583320617676,27.7999992370606,-6.80000019073486,534,59.1627922058106,45
443,1,7.19583320617676,27.7999992370606,-6.80000019073486,534,59.1627922058106,45
443,2,7.19583320617676,27.7999992370606,-6.80000019073486,534,59.1627922058106,45
443,2,7.19583320617676,27.7999992370606,-6.80000019073486,534,59.1627922058106,45
443,2,7.19583320617676,27.7999992370606,-6.80000019073486,534,59.1627922058106,45
443,2,7.19583320617676,27.7999992370606,-6.80000019073486,534,59.1627922058106,45
444,0,4.31666660308838,23.2999992370605,-7.80000019073486,1254,68.6551284790039,90
444,0,4.31666660308838,23.2999992370605,-7.80000019073486,1254,68.6551284790039,90
444,0,4.31666660308838,23.2999992370605,-7.80000019073486,1254,68.6551284790039,90
444,0,4.31666660308838,23.2999992370605,-7.80000019073486,1254,68.6551284790039,90
444,1,4.31666660308838,23.2999992370605,-7.80000019073486,1254,68.6551284790039,90
444,1,4.31666660308838,23.2999992370605,-7.80000019073486,1254,68.6551284790039,90
444,1,4.31666660308838,23.2999992370605,-7.80000019073486,1254,68.6551284790039,90
444,1,4.31666660308838,23.2999992370605,-7.80000019073486,1254,68.6551284790039,90
444,2,4.31666660308838,23.2999992370605,-7.80000019073486,1254,68.6551284790039,90
444,2,4.31666660308838,23.2999992370605,-7.80000019073486,1254,68.6551284790039,90
444,2,4.31666660308838,23.2999992370605,-7.80000019073486,1254,68.6551284790039,90
444,2,4.31666660308838,23.2999992370605,-7.80000019073486,1254,68.6551284790039,90
445,0,5.37916660308838,26.2000007629395,-8.39999961853027,832,68.0450820922852,70
445,0,5.37916660308838,26.2000007629395,-8.39999961853027,832,68.0450820922852,70
445,0,5.37916660308838,26.2000007629395,-8.39999961853027,832,68.0450820922852,70
445,0,5.37916660308838,26.2000007629395,-8.39999961853027,832,68.0450820922852,70
445,1,5.37916660308838,26.2000007629395,-8.39999961853027,832,68.0450820922852,70
445,1,5.37916660308838,26.2000007629395,-8.39999961853027,832,68.0450820922852,70
445,1,5.37916660308838,26.2000007629395,-8.39999961853027,832,68.0450820922852,70
445,1,5.37916660308838,26.2000007629395,-8.39999961853027,832,68.0450820922852,70
445,2,5.37916660308838,26.2000007629395,-8.39999961853027,832,68.0450820922852,70
445,2,5.37916660308838,26.2000007629395,-8.39999961853027,832,68.0450820922852,70
445,2,5.37916660308838,26.2000007629395,-8.39999961853027,832,68.0450820922852,70
445,2,5.37916660308838,26.2000007629395,-8.39999961853027,832,68.0450820922852,70
446,0,6.27500009536743,27.1000003814697,-8,476,40.6949615478516,52
446,0,6.27500009536743,27.1000003814697,-8,476,40.6949615478516,52
446,0,6.27500009536743,27.1000003814697,-8,476,40.6949615478516,52
446,0,6.27500009536743,27.1000003814697,-8,476,40.6949615478516,52
446,1,6.27500009536743,27.1000003814697,-8,476,40.6949615478516,52
446,1,6.27500009536743,27.1000003814697,-8,476,40.6949615478516,52
446,1,6.27500009536743,27.1000003814697,-8,476,40.6949615478516,52
446,1,6.27500009536743,27.1000003814697,-8,476,40.6949615478516,52
446,2,6.27500009536743,27.1000003814697,-8,476,40.6949615478516,52
446,2,6.27500009536743,27.1000003814697,-8,476,40.6949615478516,52
446,2,6.27500009536743,27.1000003814697,-8,476,40.6949615478516,52
446,2,6.27500009536743,27.1000003814697,-8,476,40.6949615478516,52
447,0,5.32083320617676,26.5,-8.60000038146973,888,70.9029769897461,66
447,0,5.32083320617676,26.5,-8.60000038146973,888,70.9029769897461,66
447,0,5.32083320617676,26.5,-8.60000038146973,888,70.9029769897461,66
447,0,5.32083320617676,26.5,-8.60000038146973,888,70.9029769897461,66
447,1,5.32083320617676,26.5,-8.60000038146973,888,70.9029769897461,66
447,1,5.32083320617676,26.5,-8.60000038146973,888,70.9029769897461,66
447,1,5.32083320617676,26.5,-8.60000038146973,888,70.9029769897461,66
447,1,5.32083320617676,26.5,-8.60000038146973,888,70.9029769897461,66
447,2,5.32083320617676,26.5,-8.60000038146973,888,70.9029769897461,66
447,2,5.32083320617676,26.5,-8.60000038146973,888,70.9029769897461,66
447,2,5.32083320617676,26.5,-8.60000038146973,888,70.9029769897461,66
447,2,5.32083320617676,26.5,-8.60000038146973,888,70.9029769897461,66
448,0,6.03749990463257,27.1000003814697,-7.90000009536743,505,57.3902091979981,53
448,0,6.03749990463257,27.1000003814697,-7.90000009536743,505,57.3902091979981,53
448,0,6.03749990463257,27.1000003814697,-7.90000009536743,505,57.3902091979981,53
448,0,6.03749990463257,27.1000003814697,-7.90000009536743,505,57.3902091979981,53
448,1,6.03749990463257,27.1000003814697,-7.90000009536743,505,57.3902091979981,53
448,1,6.03749990463257,27.1000003814697,-7.90000009536743,505,57.3902091979981,53
448,1,6.03749990463257,27.1000003814697,-7.90000009536743,505,57.3902091979981,53
448,1,6.03749990463257,27.1000003814697,-7.90000009536743,505,57.3902091979981,53
448,2,6.03749990463257,27.1000003814697,-7.90000009536743,505,57.3902091979981,53
448,2,6.03749990463257,27.1000003814697,-7.90000009536743,505,57.3902091979981,53
448,2,6.03749990463257,27.1000003814697,-7.90000009536743,505,57.3902091979981,53
448,2,6.03749990463257,27.1000003814697,-7.90000009536743,505,57.3902091979981,53
449,0,6.0625,27.7999992370606,-9.19999980926514,497,63.0877799987793,50
449,0,6.0625,27.7999992370606,-9.19999980926514,497,63.0877799987793,50
449,0,6.0625,27.7999992370606,-9.19999980926514,497,63.0877799987793,50
449,0,6.0625,27.7999992370606,-9.19999980926514,497,63.0877799987793,50
449,1,6.0625,27.7999992370606,-9.19999980926514,497,63.0877799987793,50
449,1,6.0625,27.7999992370606,-9.19999980926514,497,63.0877799987793,50
449,1,6.0625,27.7999992370606,-9.19999980926514,497,63.0877799987793,50
449,1,6.0625,27.7999992370606,-9.19999980926514,497,63.0877799987793,50
449,2,6.0625,27.7999992370606,-9.19999980926514,497,63.0877799987793,50
449,2,6.0625,27.7999992370606,-9.19999980926514,497,63.0877799987793,50
449,2,6.0625,27.7999992370606,-9.19999980926514,497,63.0877799987793,50
449,2,6.0625,27.7999992370606,-9.19999980926514,497,63.0877799987793,50
450,0,5.125,26.6000003814697,-9,789,68.7185440063477,65
450,0,5.125,26.6000003814697,-9,789,68.7185440063477,65
450,0,5.125,26.6000003814697,-9,789,68.7185440063477,65
450,0,5.125,26.6000003814697,-9,789,68.7185440063477,65
450,1,5.125,26.6000003814697,-9,789,68.7185440063477,65
450,1,5.125,26.6000003814697,-9,789,68.7185440063477,65
450,1,5.125,26.6000003814697,-9,789,68.7185440063477,65
450,1,5.125,26.6000003814697,-9,789,68.7185440063477,65
450,2,5.125,26.6000003814697,-9,789,68.7185440063477,65
450,2,5.125,26.6000003814697,-9,789,68.7185440063477,65
450,2,5.125,26.6000003814697,-9,789,68.7185440063477,65
450,2,5.125,26.6000003814697,-9,789,68.7185440063477,65
451,0,5.45833349227905,26.2999992370606,-8.39999961853027,529,56.5942039489746,51
451,0,5.45833349227905,26.2999992370606,-8.39999961853027,529,56.5942039489746,51
451,0,5.45833349227905,26.2999992370606,-8.39999961853027,529,56.5942039489746,51
451,0,5.45833349227905,26.2999992370606,-8.39999961853027,529,56.5942039489746,51
451,1,5.45833349227905,26.2999992370606,-8.39999961853027,529,56.5942039489746,51
451,1,5.45833349227905,26.2999992370606,-8.39999961853027,529,56.5942039489746,51
451,1,5.45833349227905,26.2999992370606,-8.39999961853027,529,56.5942039489746,51
451,1,5.45833349227905,26.2999992370606,-8.39999961853027,529,56.5942039489746,51
451,2,5.45833349227905,26.2999992370606,-8.39999961853027,529,56.5942039489746,51
451,2,5.45833349227905,26.2999992370606,-8.39999961853027,529,56.5942039489746,51
451,2,5.45833349227905,26.2999992370606,-8.39999961853027,529,56.5942039489746,51
451,2,5.45833349227905,26.2999992370606,-8.39999961853027,529,56.5942039489746,51
452,0,7.05416679382324,28.8999996185303,-8.19999980926514,431,40.7624969482422,47
452,0,7.05416679382324,28.8999996185303,-8.19999980926514,431,40.7624969482422,47
452,0,7.05416679382324,28.8999996185303,-8.19999980926514,431,40.7624969482422,47
452,0,7.05416679382324,28.8999996185303,-8.19999980926514,431,40.7624969482422,47
452,1,7.05416679382324,28.8999996185303,-8.19999980926514,431,40.7624969482422,47
452,1,7.05416679382324,28.8999996185303,-8.19999980926514,431,40.7624969482422,47
452,1,7.05416679382324,28.8999996185303,-8.19999980926514,431,40.7624969482422,47
452,1,7.05416679382324,28.8999996185303,-8.19999980926514,431,40.7624969482422,47
452,2,7.05416679382324,28.8999996185303,-8.19999980926514,431,40.7624969482422,47
452,2,7.05416679382324,28.8999996185303,-8.19999980926514,431,40.7624969482422,47
452,2,7.05416679382324,28.8999996185303,-8.19999980926514,431,40.7624969482422,47
452,2,7.05416679382324,28.8999996185303,-8.19999980926514,431,40.7624969482422,47
453,0,4.3250002861023,22.7999992370606,-7.19999980926514,1293,68.0574111938477,96
453,0,4.3250002861023,22.7999992370606,-7.19999980926514,1293,68.0574111938477,96
453,0,4.3250002861023,22.7999992370606,-7.19999980926514,1293,68.0574111938477,96
453,0,4.3250002861023,22.7999992370606,-7.19999980926514,1293,68.0574111938477,96
453,1,4.3250002861023,22.7999992370606,-7.19999980926514,1293,68.0574111938477,96
453,1,4.3250002861023,22.7999992370606,-7.19999980926514,1293,68.0574111938477,96
453,1,4.3250002861023,22.7999992370606,-7.19999980926514,1293,68.0574111938477,96
453,1,4.3250002861023,22.7999992370606,-7.19999980926514,1293,68.0574111938477,96
453,2,4.3250002861023,22.7999992370606,-7.19999980926514,1293,68.0574111938477,96
453,2,4.3250002861023,22.7999992370606,-7.19999980926514,1293,68.0574111938477,96
453,2,4.3250002861023,22.7999992370606,-7.19999980926514,1293,68.0574111938477,96
453,2,4.3250002861023,22.7999992370606,-7.19999980926514,1293,68.0574111938477,96
454,0,4.10833358764648,23.2000007629395,-8.10000038146973,1185,68.4301071166992,88
454,0,4.10833358764648,23.2000007629395,-8.10000038146973,1185,68.4301071166992,88
454,0,4.10833358764648,23.2000007629395,-8.10000038146973,1185,68.4301071166992,88
454,0,4.10833358764648,23.2000007629395,-8.10000038146973,1185,68.4301071166992,88
454,1,4.10833358764648,23.2000007629395,-8.10000038146973,1185,68.4301071166992,88
454,1,4.10833358764648,23.2000007629395,-8.10000038146973,1185,68.4301071166992,88
454,1,4.10833358764648,23.2000007629395,-8.10000038146973,1185,68.4301071166992,88
454,1,4.10833358764648,23.2000007629395,-8.10000038146973,1185,68.4301071166992,88
454,2,4.10833358764648,23.2000007629395,-8.10000038146973,1185,68.4301071166992,88
454,2,4.10833358764648,23.2000007629395,-8.10000038146973,1185,68.4301071166992,88
454,2,4.10833358764648,23.2000007629395,-8.10000038146973,1185,68.4301071166992,88
454,2,4.10833358764648,23.2000007629395,-8.10000038146973,1185,68.4301071166992,88
455,0,7.02500009536743,28,-7.30000019073486,441,40.5239753723145,47
455,0,7.02500009536743,28,-7.30000019073486,441,40.5239753723145,47
455,0,7.02500009536743,28,-7.30000019073486,441,40.5239753723145,47
455,0,7.02500009536743,28,-7.30000019073486,441,40.5239753723145,47
455,1,7.02500009536743,28,-7.30000019073486,441,40.5239753723145,47
455,1,7.02500009536743,28,-7.30000019073486,441,40.5239753723145,47
455,1,7.02500009536743,28,-7.30000019073486,441,40.5239753723145,47
455,1,7.02500009536743,28,-7.30000019073486,441,40.5239753723145,47
455,2,7.02500009536743,28,-7.30000019073486,441,40.5239753723145,47
455,2,7.02500009536743,28,-7.30000019073486,441,40.5239753723145,47
455,2,7.02500009536743,28,-7.30000019073486,441,40.5239753723145,47
455,2,7.02500009536743,28,-7.30000019073486,441,40.5239753723145,47
456,0,6.03749990463257,28.2000007629395,-9.30000019073486,599,66.467643737793,54
456,0,6.03749990463257,28.2000007629395,-9.30000019073486,599,66.467643737793,54
456,0,6.03749990463257,28.2000007629395,-9.30000019073486,599,66.467643737793,54
456,0,6.03749990463257,28.2000007629395,-9.30000019073486,599,66.467643737793,54
456,1,6.03749990463257,28.2000007629395,-9.30000019073486,599,66.467643737793,54
456,1,6.03749990463257,28.2000007629395,-9.30000019073486,599,66.467643737793,54
456,1,6.03749990463257,28.2000007629395,-9.30000019073486,599,66.467643737793,54
456,1,6.03749990463257,28.2000007629395,-9.30000019073486,599,66.467643737793,54
456,2,6.03749990463257,28.2000007629395,-9.30000019073486,599,66.467643737793,54
456,2,6.03749990463257,28.2000007629395,-9.30000019073486,599,66.467643737793,54
456,2,6.03749990463257,28.2000007629395,-9.30000019073486,599,66.467643737793,54
456,2,6.03749990463257,28.2000007629395,-9.30000019073486,599,66.467643737793,54
457,0,7.0625,27.1000003814697,-6.59999990463257,666,63.1669311523438,54
457,0,7.0625,27.1000003814697,-6.59999990463257,666,63.1669311523438,54
457,0,7.0625,27.1000003814697,-6.59999990463257,666,63.1669311523438,54
457,0,7.0625,27.1000003814697,-6.59999990463257,666,63.1669311523438,54
457,1,7.0625,27.1000003814697,-6.59999990463257,666,63.1669311523438,54
457,1,7.0625,27.1000003814697,-6.59999990463257,666,63.1669311523438,54
457,1,7.0625,27.1000003814697,-6.59999990463257,666,63.1669311523438,54
457,1,7.0625,27.1000003814697,-6.59999990463257,666,63.1669311523438,54
457,2,7.0625,27.1000003814697,-6.59999990463257,666,63.1669311523438,54
457,2,7.0625,27.1000003814697,-6.59999990463257,666,63.1669311523438,54
457,2,7.0625,27.1000003814697,-6.59999990463257,666,63.1669311523438,54
457,2,7.0625,27.1000003814697,-6.59999990463257,666,63.1669311523438,54
458,0,6.22083330154419,27.1000003814697,-7.80000019073486,577,63.5626258850098,52
458,0,6.22083330154419,27.1000003814697,-7.80000019073486,577,63.5626258850098,52
458,0,6.22083330154419,27.1000003814697,-7.80000019073486,577,63.5626258850098,52
458,0,6.22083330154419,27.1000003814697,-7.80000019073486,577,63.5626258850098,52
458,1,6.22083330154419,27.1000003814697,-7.80000019073486,577,63.5626258850098,52
458,1,6.22083330154419,27.1000003814697,-7.80000019073486,577,63.5626258850098,52
458,1,6.22083330154419,27.1000003814697,-7.80000019073486,577,63.5626258850098,52
458,1,6.22083330154419,27.1000003814697,-7.80000019073486,577,63.5626258850098,52
458,2,6.22083330154419,27.1000003814697,-7.80000019073486,577,63.5626258850098,52
458,2,6.22083330154419,27.1000003814697,-7.80000019073486,577,63.5626258850098,52
458,2,6.22083330154419,27.1000003814697,-7.80000019073486,577,63.5626258850098,52
458,2,6.22083330154419,27.1000003814697,-7.80000019073486,577,63.5626258850098,52
459,0,6.07916641235352,26.5,-7.69999980926514,685,65.8316192626953,53
459,0,6.07916641235352,26.5,-7.69999980926514,685,65.8316192626953,53
459,0,6.07916641235352,26.5,-7.69999980926514,685,65.8316192626953,53
459,0,6.07916641235352,26.5,-7.69999980926514,685,65.8316192626953,53
459,1,6.07916641235352,26.5,-7.69999980926514,685,65.8316192626953,53
459,1,6.07916641235352,26.5,-7.69999980926514,685,65.8316192626953,53
459,1,6.07916641235352,26.5,-7.69999980926514,685,65.8316192626953,53
459,1,6.07916641235352,26.5,-7.69999980926514,685,65.8316192626953,53
459,2,6.07916641235352,26.5,-7.69999980926514,685,65.8316192626953,53
459,2,6.07916641235352,26.5,-7.69999980926514,685,65.8316192626953,53
459,2,6.07916641235352,26.5,-7.69999980926514,685,65.8316192626953,53
459,2,6.07916641235352,26.5,-7.69999980926514,685,65.8316192626953,53
460,0,5.25416660308838,26.3999996185303,-9.10000038146973,407,50.6091423034668,56
460,0,5.25416660308838,26.3999996185303,-9.10000038146973,407,50.6091423034668,56
460,0,5.25416660308838,26.3999996185303,-9.10000038146973,407,50.6091423034668,56
460,0,5.25416660308838,26.3999996185303,-9.10000038146973,407,50.6091423034668,56
460,1,5.25416660308838,26.3999996185303,-9.10000038146973,407,50.6091423034668,56
460,1,5.25416660308838,26.3999996185303,-9.10000038146973,407,50.6091423034668,56
460,1,5.25416660308838,26.3999996185303,-9.10000038146973,407,50.6091423034668,56
460,1,5.25416660308838,26.3999996185303,-9.10000038146973,407,50.6091423034668,56
460,2,5.25416660308838,26.3999996185303,-9.10000038146973,407,50.6091423034668,56
460,2,5.25416660308838,26.3999996185303,-9.10000038146973,407,50.6091423034668,56
460,2,5.25416660308838,26.3999996185303,-9.10000038146973,407,50.6091423034668,56
460,2,5.25416660308838,26.3999996185303,-9.10000038146973,407,50.6091423034668,56
461,0,5.64583349227905,27.5,-9.39999961853027,355,45.9769477844238,53
461,0,5.64583349227905,27.5,-9.39999961853027,355,45.9769477844238,53
461,0,5.64583349227905,27.5,-9.39999961853027,355,45.9769477844238,53
461,0,5.64583349227905,27.5,-9.39999961853027,355,45.9769477844238,53
461,1,5.64583349227905,27.5,-9.39999961853027,355,45.9769477844238,53
461,1,5.64583349227905,27.5,-9.39999961853027,355,45.9769477844238,53
461,1,5.64583349227905,27.5,-9.39999961853027,355,45.9769477844238,53
461,1,5.64583349227905,27.5,-9.39999961853027,355,45.9769477844238,53
461,2,5.64583349227905,27.5,-9.39999961853027,355,45.9769477844238,53
461,2,5.64583349227905,27.5,-9.39999961853027,355,45.9769477844238,53
461,2,5.64583349227905,27.5,-9.39999961853027,355,45.9769477844238,53
461,2,5.64583349227905,27.5,-9.39999961853027,355,45.9769477844238,53
462,0,5.76666641235352,26.1000003814697,-7.80000019073486,433,45.0566520690918,59
462,0,5.76666641235352,26.1000003814697,-7.80000019073486,433,45.0566520690918,59
462,0,5.76666641235352,26.1000003814697,-7.80000019073486,433,45.0566520690918,59
462,0,5.76666641235352,26.1000003814697,-7.80000019073486,433,45.0566520690918,59
462,1,5.76666641235352,26.1000003814697,-7.80000019073486,433,45.0566520690918,59
462,1,5.76666641235352,26.1000003814697,-7.80000019073486,433,45.0566520690918,59
462,1,5.76666641235352,26.1000003814697,-7.80000019073486,433,45.0566520690918,59
462,1,5.76666641235352,26.1000003814697,-7.80000019073486,433,45.0566520690918,59
462,2,5.76666641235352,26.1000003814697,-7.80000019073486,433,45.0566520690918,59
462,2,5.76666641235352,26.1000003814697,-7.80000019073486,433,45.0566520690918,59
462,2,5.76666641235352,26.1000003814697,-7.80000019073486,433,45.0566520690918,59
462,2,5.76666641235352,26.1000003814697,-7.80000019073486,433,45.0566520690918,59
463,0,4.67083358764648,23.3999996185303,-7.30000019073486,590,40.7439079284668,62
463,0,4.67083358764648,23.3999996185303,-7.30000019073486,590,40.7439079284668,62
463,0,4.67083358764648,23.3999996185303,-7.30000019073486,590,40.7439079284668,62
463,0,4.67083358764648,23.3999996185303,-7.30000019073486,590,40.7439079284668,62
463,1,4.67083358764648,23.3999996185303,-7.30000019073486,590,40.7439079284668,62
463,1,4.67083358764648,23.3999996185303,-7.30000019073486,590,40.7439079284668,62
463,1,4.67083358764648,23.3999996185303,-7.30000019073486,590,40.7439079284668,62
463,1,4.67083358764648,23.3999996185303,-7.30000019073486,590,40.7439079284668,62
463,2,4.67083358764648,23.3999996185303,-7.30000019073486,590,40.7439079284668,62
463,2,4.67083358764648,23.3999996185303,-7.30000019073486,590,40.7439079284668,62
463,2,4.67083358764648,23.3999996185303,-7.30000019073486,590,40.7439079284668,62
463,2,4.67083358764648,23.3999996185303,-7.30000019073486,590,40.7439079284668,62
464,0,3.55833315849304,23.1000003814697,-9.10000038146973,615,43.5447311401367,67
464,0,3.55833315849304,23.1000003814697,-9.10000038146973,615,43.5447311401367,67
464,0,3.55833315849304,23.1000003814697,-9.10000038146973,615,43.5447311401367,67
464,0,3.55833315849304,23.1000003814697,-9.10000038146973,615,43.5447311401367,67
464,1,3.55833315849304,23.1000003814697,-9.10000038146973,615,43.5447311401367,67
464,1,3.55833315849304,23.1000003814697,-9.10000038146973,615,43.5447311401367,67
464,1,3.55833315849304,23.1000003814697,-9.10000038146973,615,43.5447311401367,67
464,1,3.55833315849304,23.1000003814697,-9.10000038146973,615,43.5447311401367,67
464,2,3.55833315849304,23.1000003814697,-9.10000038146973,615,43.5447311401367,67
464,2,3.55833315849304,23.1000003814697,-9.10000038146973,615,43.5447311401367,67
464,2,3.55833315849304,23.1000003814697,-9.10000038146973,615,43.5447311401367,67
464,2,3.55833315849304,23.1000003814697,-9.10000038146973,615,43.5447311401367,67
465,0,5.15000009536743,24.2999992370606,-7.69999980926514,477,40.2160720825195,53
465,0,5.15000009536743,24.2999992370606,-7.69999980926514,477,40.2160720825195,53
465,0,5.15000009536743,24.2999992370606,-7.69999980926514,477,40.2160720825195,53
465,0,5.15000009536743,24.2999992370606,-7.69999980926514,477,40.2160720825195,53
465,1,5.15000009536743,24.2999992370606,-7.69999980926514,477,40.2160720825195,53
465,1,5.15000009536743,24.2999992370606,-7.69999980926514,477,40.2160720825195,53
465,1,5.15000009536743,24.2999992370606,-7.69999980926514,477,40.2160720825195,53
465,1,5.15000009536743,24.2999992370606,-7.69999980926514,477,40.2160720825195,53
465,2,5.15000009536743,24.2999992370606,-7.69999980926514,477,40.2160720825195,53
465,2,5.15000009536743,24.2999992370606,-7.69999980926514,477,40.2160720825195,53
465,2,5.15000009536743,24.2999992370606,-7.69999980926514,477,40.2160720825195,53
465,2,5.15000009536743,24.2999992370606,-7.69999980926514,477,40.2160720825195,53
466,0,3.21666669845581,21.2999992370606,-8.30000019073486,655,43.0860290527344,70
466,0,3.21666669845581,21.2999992370606,-8.30000019073486,655,43.0860290527344,70
466,0,3.21666669845581,21.2999992370606,-8.30000019073486,655,43.0860290527344,70
466,0,3.21666669845581,21.2999992370606,-8.30000019073486,655,43.0860290527344,70
466,1,3.21666669845581,21.2999992370606,-8.30000019073486,655,43.0860290527344,70
466,1,3.21666669845581,21.2999992370606,-8.30000019073486,655,43.0860290527344,70
466,1,3.21666669845581,21.2999992370606,-8.30000019073486,655,43.0860290527344,70
466,1,3.21666669845581,21.2999992370606,-8.30000019073486,655,43.0860290527344,70
466,2,3.21666669845581,21.2999992370606,-8.30000019073486,655,43.0860290527344,70
466,2,3.21666669845581,21.2999992370606,-8.30000019073486,655,43.0860290527344,70
466,2,3.21666669845581,21.2999992370606,-8.30000019073486,655,43.0860290527344,70
466,2,3.21666669845581,21.2999992370606,-8.30000019073486,655,43.0860290527344,70
467,0,5.95833349227905,28,-9.30000019073486,333,45.5475921630859,52
467,0,5.95833349227905,28,-9.30000019073486,333,45.5475921630859,52
467,0,5.95833349227905,28,-9.30000019073486,333,45.5475921630859,52
467,0,5.95833349227905,28,-9.30000019073486,333,45.5475921630859,52
467,1,5.95833349227905,28,-9.30000019073486,333,45.5475921630859,52
467,1,5.95833349227905,28,-9.30000019073486,333,45.5475921630859,52
467,1,5.95833349227905,28,-9.30000019073486,333,45.5475921630859,52
467,1,5.95833349227905,28,-9.30000019073486,333,45.5475921630859,52
467,2,5.95833349227905,28,-9.30000019073486,333,45.5475921630859,52
467,2,5.95833349227905,28,-9.30000019073486,333,45.5475921630859,52
467,2,5.95833349227905,28,-9.30000019073486,333,45.5475921630859,52
467,2,5.95833349227905,28,-9.30000019073486,333,45.5475921630859,52
468,0,6.11666679382324,26.1000003814697,-7.40000009536743,462,40.499137878418,51
468,0,6.11666679382324,26.1000003814697,-7.40000009536743,462,40.499137878418,51
468,0,6.11666679382324,26.1000003814697,-7.40000009536743,462,40.499137878418,51
468,0,6.11666679382324,26.1000003814697,-7.40000009536743,462,40.499137878418,51
468,1,6.11666679382324,26.1000003814697,-7.40000009536743,462,40.499137878418,51
468,1,6.11666679382324,26.1000003814697,-7.40000009536743,462,40.499137878418,51
468,1,6.11666679382324,26.1000003814697,-7.40000009536743,462,40.499137878418,51
468,1,6.11666679382324,26.1000003814697,-7.40000009536743,462,40.499137878418,51
468,2,6.11666679382324,26.1000003814697,-7.40000009536743,462,40.499137878418,51
468,2,6.11666679382324,26.1000003814697,-7.40000009536743,462,40.499137878418,51
468,2,6.11666679382324,26.1000003814697,-7.40000009536743,462,40.499137878418,51
468,2,6.11666679382324,26.1000003814697,-7.40000009536743,462,40.499137878418,51
469,0,4.45416641235352,23.3999996185303,-7.5,584,41.0060577392578,63
469,0,4.45416641235352,23.3999996185303,-7.5,584,41.0060577392578,63
469,0,4.45416641235352,23.3999996185303,-7.5,584,41.0060577392578,63
469,0,4.45416641235352,23.3999996185303,-7.5,584,41.0060577392578,63
469,1,4.45416641235352,23.3999996185303,-7.5,584,41.0060577392578,63
469,1,4.45416641235352,23.3999996185303,-7.5,584,41.0060577392578,63
469,1,4.45416641235352,23.3999996185303,-7.5,584,41.0060577392578,63
469,1,4.45416641235352,23.3999996185303,-7.5,584,41.0060577392578,63
469,2,4.45416641235352,23.3999996185303,-7.5,584,41.0060577392578,63
469,2,4.45416641235352,23.3999996185303,-7.5,584,41.0060577392578,63
469,2,4.45416641235352,23.3999996185303,-7.5,584,41.0060577392578,63
469,2,4.45416641235352,23.3999996185303,-7.5,584,41.0060577392578,63
470,0,5.22916650772095,25.8999996185303,-9.5,343,39.0088386535645,58
470,0,5.22916650772095,25.8999996185303,-9.5,343,39.0088386535645,58
470,0,5.22916650772095,25.8999996185303,-9.5,343,39.0088386535645,58
470,0,5.22916650772095,25.8999996185303,-9.5,343,39.0088386535645,58
470,1,5.22916650772095,25.8999996185303,-9.5,343,39.0088386535645,58
470,1,5.22916650772095,25.8999996185303,-9.5,343,39.0088386535645,58
470,1,5.22916650772095,25.8999996185303,-9.5,343,39.0088386535645,58
470,1,5.22916650772095,25.8999996185303,-9.5,343,39.0088386535645,58
470,2,5.22916650772095,25.8999996185303,-9.5,343,39.0088386535645,58
470,2,5.22916650772095,25.8999996185303,-9.5,343,39.0088386535645,58
470,2,5.22916650772095,25.8999996185303,-9.5,343,39.0088386535645,58
470,2,5.22916650772095,25.8999996185303,-9.5,343,39.0088386535645,58
471,0,5.92500019073486,27.3999996185303,-8.5,421,51.3529853820801,55
471,0,5.92500019073486,27.3999996185303,-8.5,421,51.3529853820801,55
471,0,5.92500019073486,27.3999996185303,-8.5,421,51.3529853820801,55
471,0,5.92500019073486,27.3999996185303,-8.5,421,51.3529853820801,55
471,1,5.92500019073486,27.3999996185303,-8.5,421,51.3529853820801,55
471,1,5.92500019073486,27.3999996185303,-8.5,421,51.3529853820801,55
471,1,5.92500019073486,27.3999996185303,-8.5,421,51.3529853820801,55
471,1,5.92500019073486,27.3999996185303,-8.5,421,51.3529853820801,55
471,2,5.92500019073486,27.3999996185303,-8.5,421,51.3529853820801,55
471,2,5.92500019073486,27.3999996185303,-8.5,421,51.3529853820801,55
471,2,5.92500019073486,27.3999996185303,-8.5,421,51.3529853820801,55
471,2,5.92500019073486,27.3999996185303,-8.5,421,51.3529853820801,55
472,0,6.46250009536743,26.8999996185303,-7.59999990463257,453,40.1925163269043,49
472,0,6.46250009536743,26.8999996185303,-7.59999990463257,453,40.1925163269043,49
472,0,6.46250009536743,26.8999996185303,-7.59999990463257,453,40.1925163269043,49
472,0,6.46250009536743,26.8999996185303,-7.59999990463257,453,40.1925163269043,49
472,1,6.46250009536743,26.8999996185303,-7.59999990463257,453,40.1925163269043,49
472,1,6.46250009536743,26.8999996185303,-7.59999990463257,453,40.1925163269043,49
472,1,6.46250009536743,26.8999996185303,-7.59999990463257,453,40.1925163269043,49
472,1,6.46250009536743,26.8999996185303,-7.59999990463257,453,40.1925163269043,49
472,2,6.46250009536743,26.8999996185303,-7.59999990463257,453,40.1925163269043,49
472,2,6.46250009536743,26.8999996185303,-7.59999990463257,453,40.1925163269043,49
472,2,6.46250009536743,26.8999996185303,-7.59999990463257,453,40.1925163269043,49
472,2,6.46250009536743,26.8999996185303,-7.59999990463257,453,40.1925163269043,49
473,0,6.44999980926514,26.7999992370606,-7.30000019073486,458,40.7760429382324,49
473,0,6.44999980926514,26.7999992370606,-7.30000019073486,458,40.7760429382324,49
473,0,6.44999980926514,26.7999992370606,-7.30000019073486,458,40.7760429382324,49
473,0,6.44999980926514,26.7999992370606,-7.30000019073486,458,40.7760429382324,49
473,1,6.44999980926514,26.7999992370606,-7.30000019073486,458,40.7760429382324,49
473,1,6.44999980926514,26.7999992370606,-7.30000019073486,458,40.7760429382324,49
473,1,6.44999980926514,26.7999992370606,-7.30000019073486,458,40.7760429382324,49
473,1,6.44999980926514,26.7999992370606,-7.30000019073486,458,40.7760429382324,49
473,2,6.44999980926514,26.7999992370606,-7.30000019073486,458,40.7760429382324,49
473,2,6.44999980926514,26.7999992370606,-7.30000019073486,458,40.7760429382324,49
473,2,6.44999980926514,26.7999992370606,-7.30000019073486,458,40.7760429382324,49
473,2,6.44999980926514,26.7999992370606,-7.30000019073486,458,40.7760429382324,49
474,0,5.49583339691162,26.2000007629395,-8.69999980926514,484,43.221321105957,55
474,0,5.49583339691162,26.2000007629395,-8.69999980926514,484,43.221321105957,55
474,0,5.49583339691162,26.2000007629395,-8.69999980926514,484,43.221321105957,55
474,0,5.49583339691162,26.2000007629395,-8.69999980926514,484,43.221321105957,55
474,1,5.49583339691162,26.2000007629395,-8.69999980926514,484,43.221321105957,55
474,1,5.49583339691162,26.2000007629395,-8.69999980926514,484,43.221321105957,55
474,1,5.49583339691162,26.2000007629395,-8.69999980926514,484,43.221321105957,55
474,1,5.49583339691162,26.2000007629395,-8.69999980926514,484,43.221321105957,55
474,2,5.49583339691162,26.2000007629395,-8.69999980926514,484,43.221321105957,55
474,2,5.49583339691162,26.2000007629395,-8.69999980926514,484,43.221321105957,55
474,2,5.49583339691162,26.2000007629395,-8.69999980926514,484,43.221321105957,55
474,2,5.49583339691162,26.2000007629395,-8.69999980926514,484,43.221321105957,55
475,0,4.68333339691162,25,-9,513,52.1962890625,64
475,0,4.68333339691162,25,-9,513,52.1962890625,64
475,0,4.68333339691162,25,-9,513,52.1962890625,64
475,0,4.68333339691162,25,-9,513,52.1962890625,64
475,1,4.68333339691162,25,-9,513,52.1962890625,64
475,1,4.68333339691162,25,-9,513,52.1962890625,64
475,1,4.68333339691162,25,-9,513,52.1962890625,64
475,1,4.68333339691162,25,-9,513,52.1962890625,64
475,2,4.68333339691162,25,-9,513,52.1962890625,64
475,2,4.68333339691162,25,-9,513,52.1962890625,64
475,2,4.68333339691162,25,-9,513,52.1962890625,64
475,2,4.68333339691162,25,-9,513,52.1962890625,64
476,0,4.54166650772095,23.2000007629395,-7.59999990463257,517,37.0911750793457,58
476,0,4.54166650772095,23.2000007629395,-7.59999990463257,517,37.0911750793457,58
476,0,4.54166650772095,23.2000007629395,-7.59999990463257,517,37.0911750793457,58
476,0,4.54166650772095,23.2000007629395,-7.59999990463257,517,37.0911750793457,58
476,1,4.54166650772095,23.2000007629395,-7.59999990463257,517,37.0911750793457,58
476,1,4.54166650772095,23.2000007629395,-7.59999990463257,517,37.0911750793457,58
476,1,4.54166650772095,23.2000007629395,-7.59999990463257,517,37.0911750793457,58
476,1,4.54166650772095,23.2000007629395,-7.59999990463257,517,37.0911750793457,58
476,2,4.54166650772095,23.2000007629395,-7.59999990463257,517,37.0911750793457,58
476,2,4.54166650772095,23.2000007629395,-7.59999990463257,517,37.0911750793457,58
476,2,4.54166650772095,23.2000007629395,-7.59999990463257,517,37.0911750793457,58
476,2,4.54166650772095,23.2000007629395,-7.59999990463257,517,37.0911750793457,58
477,0,5.13333320617676,24.3999996185303,-7.30000019073486,484,37.0281791687012,55
477,0,5.13333320617676,24.3999996185303,-7.30000019073486,484,37.0281791687012,55
477,0,5.13333320617676,24.3999996185303,-7.30000019073486,484,37.0281791687012,55
477,0,5.13333320617676,24.3999996185303,-7.30000019073486,484,37.0281791687012,55
477,1,5.13333320617676,24.3999996185303,-7.30000019073486,484,37.0281791687012,55
477,1,5.13333320617676,24.3999996185303,-7.30000019073486,484,37.0281791687012,55
477,1,5.13333320617676,24.3999996185303,-7.30000019073486,484,37.0281791687012,55
477,1,5.13333320617676,24.3999996185303,-7.30000019073486,484,37.0281791687012,55
477,2,5.13333320617676,24.3999996185303,-7.30000019073486,484,37.0281791687012,55
477,2,5.13333320617676,24.3999996185303,-7.30000019073486,484,37.0281791687012,55
477,2,5.13333320617676,24.3999996185303,-7.30000019073486,484,37.0281791687012,55
477,2,5.13333320617676,24.3999996185303,-7.30000019073486,484,37.0281791687012,55
478,0,5.48333311080933,27,-9.60000038146973,354,44.1987724304199,54
478,0,5.48333311080933,27,-9.60000038146973,354,44.1987724304199,54
478,0,5.48333311080933,27,-9.60000038146973,354,44.1987724304199,54
478,0,5.48333311080933,27,-9.60000038146973,354,44.1987724304199,54
478,1,5.48333311080933,27,-9.60000038146973,354,44.1987724304199,54
478,1,5.48333311080933,27,-9.60000038146973,354,44.1987724304199,54
478,1,5.48333311080933,27,-9.60000038146973,354,44.1987724304199,54
478,1,5.48333311080933,27,-9.60000038146973,354,44.1987724304199,54
478,2,5.48333311080933,27,-9.60000038146973,354,44.1987724304199,54
478,2,5.48333311080933,27,-9.60000038146973,354,44.1987724304199,54
478,2,5.48333311080933,27,-9.60000038146973,354,44.1987724304199,54
478,2,5.48333311080933,27,-9.60000038146973,354,44.1987724304199,54
479,0,6.01249980926514,26.2999992370606,-7.5,494,41.5814666748047,53
479,0,6.01249980926514,26.2999992370606,-7.5,494,41.5814666748047,53
479,0,6.01249980926514,26.2999992370606,-7.5,494,41.5814666748047,53
479,0,6.01249980926514,26.2999992370606,-7.5,494,41.5814666748047,53
479,1,6.01249980926514,26.2999992370606,-7.5,494,41.5814666748047,53
479,1,6.01249980926514,26.2999992370606,-7.5,494,41.5814666748047,53
479,1,6.01249980926514,26.2999992370606,-7.5,494,41.5814666748047,53
479,1,6.01249980926514,26.2999992370606,-7.5,494,41.5814666748047,53
479,2,6.01249980926514,26.2999992370606,-7.5,494,41.5814666748047,53
479,2,6.01249980926514,26.2999992370606,-7.5,494,41.5814666748047,53
479,2,6.01249980926514,26.2999992370606,-7.5,494,41.5814666748047,53
479,2,6.01249980926514,26.2999992370606,-7.5,494,41.5814666748047,53
480,0,6.90833330154419,27.3999996185303,-7.09999990463257,377,36.0100784301758,56
480,0,6.90833330154419,27.3999996185303,-7.09999990463257,377,36.0100784301758,56
480,0,6.90833330154419,27.3999996185303,-7.09999990463257,377,36.0100784301758,56
480,0,6.90833330154419,27.3999996185303,-7.09999990463257,377,36.0100784301758,56
480,1,6.90833330154419,27.3999996185303,-7.09999990463257,377,36.0100784301758,56
480,1,6.90833330154419,27.3999996185303,-7.09999990463257,377,36.0100784301758,56
480,1,6.90833330154419,27.3999996185303,-7.09999990463257,377,36.0100784301758,56
480,1,6.90833330154419,27.3999996185303,-7.09999990463257,377,36.0100784301758,56
480,2,6.90833330154419,27.3999996185303,-7.09999990463257,377,36.0100784301758,56
480,2,6.90833330154419,27.3999996185303,-7.09999990463257,377,36.0100784301758,56
480,2,6.90833330154419,27.3999996185303,-7.09999990463257,377,36.0100784301758,56
480,2,6.90833330154419,27.3999996185303,-7.09999990463257,377,36.0100784301758,56
481,0,6.54166698455811,26.7000007629395,-7.09999990463257,344,37.1852874755859,54
481,0,6.54166698455811,26.7000007629395,-7.09999990463257,344,37.1852874755859,54
481,0,6.54166698455811,26.7000007629395,-7.09999990463257,344,37.1852874755859,54
481,0,6.54166698455811,26.7000007629395,-7.09999990463257,344,37.1852874755859,54
481,1,6.54166698455811,26.7000007629395,-7.09999990463257,344,37.1852874755859,54
481,1,6.54166698455811,26.7000007629395,-7.09999990463257,344,37.1852874755859,54
481,1,6.54166698455811,26.7000007629395,-7.09999990463257,344,37.1852874755859,54
481,1,6.54166698455811,26.7000007629395,-7.09999990463257,344,37.1852874755859,54
481,2,6.54166698455811,26.7000007629395,-7.09999990463257,344,37.1852874755859,54
481,2,6.54166698455811,26.7000007629395,-7.09999990463257,344,37.1852874755859,54
481,2,6.54166698455811,26.7000007629395,-7.09999990463257,344,37.1852874755859,54
481,2,6.54166698455811,26.7000007629395,-7.09999990463257,344,37.1852874755859,54
482,0,4.50833320617676,24.2999992370606,-8.5,586,52.0462913513184,58
482,0,4.50833320617676,24.2999992370606,-8.5,586,52.0462913513184,58
482,0,4.50833320617676,24.2999992370606,-8.5,586,52.0462913513184,58
482,0,4.50833320617676,24.2999992370606,-8.5,586,52.0462913513184,58
482,1,4.50833320617676,24.2999992370606,-8.5,586,52.0462913513184,58
482,1,4.50833320617676,24.2999992370606,-8.5,586,52.0462913513184,58
482,1,4.50833320617676,24.2999992370606,-8.5,586,52.0462913513184,58
482,1,4.50833320617676,24.2999992370606,-8.5,586,52.0462913513184,58
482,2,4.50833320617676,24.2999992370606,-8.5,586,52.0462913513184,58
482,2,4.50833320617676,24.2999992370606,-8.5,586,52.0462913513184,58
482,2,4.50833320617676,24.2999992370606,-8.5,586,52.0462913513184,58
482,2,4.50833320617676,24.2999992370606,-8.5,586,52.0462913513184,58
483,0,6.62916660308838,26.2999992370606,-6.09999990463257,406,35.4536895751953,50
483,0,6.62916660308838,26.2999992370606,-6.09999990463257,406,35.4536895751953,50
483,0,6.62916660308838,26.2999992370606,-6.09999990463257,406,35.4536895751953,50
483,0,6.62916660308838,26.2999992370606,-6.09999990463257,406,35.4536895751953,50
483,1,6.62916660308838,26.2999992370606,-6.09999990463257,406,35.4536895751953,50
483,1,6.62916660308838,26.2999992370606,-6.09999990463257,406,35.4536895751953,50
483,1,6.62916660308838,26.2999992370606,-6.09999990463257,406,35.4536895751953,50
483,1,6.62916660308838,26.2999992370606,-6.09999990463257,406,35.4536895751953,50
483,2,6.62916660308838,26.2999992370606,-6.09999990463257,406,35.4536895751953,50
483,2,6.62916660308838,26.2999992370606,-6.09999990463257,406,35.4536895751953,50
483,2,6.62916660308838,26.2999992370606,-6.09999990463257,406,35.4536895751953,50
483,2,6.62916660308838,26.2999992370606,-6.09999990463257,406,35.4536895751953,50
484,0,6.14166641235352,28.1000003814697,-9.60000038146973,298,40.5262870788574,51
484,0,6.14166641235352,28.1000003814697,-9.60000038146973,298,40.5262870788574,51
484,0,6.14166641235352,28.1000003814697,-9.60000038146973,298,40.5262870788574,51
484,0,6.14166641235352,28.1000003814697,-9.60000038146973,298,40.5262870788574,51
484,1,6.14166641235352,28.1000003814697,-9.60000038146973,298,40.5262870788574,51
484,1,6.14166641235352,28.1000003814697,-9.60000038146973,298,40.5262870788574,51
484,1,6.14166641235352,28.1000003814697,-9.60000038146973,298,40.5262870788574,51
484,1,6.14166641235352,28.1000003814697,-9.60000038146973,298,40.5262870788574,51
484,2,6.14166641235352,28.1000003814697,-9.60000038146973,298,40.5262870788574,51
484,2,6.14166641235352,28.1000003814697,-9.60000038146973,298,40.5262870788574,51
484,2,6.14166641235352,28.1000003814697,-9.60000038146973,298,40.5262870788574,51
484,2,6.14166641235352,28.1000003814697,-9.60000038146973,298,40.5262870788574,51
485,0,3.69166660308838,23.5,-9.39999961853027,679,54.8339004516602,64
485,0,3.69166660308838,23.5,-9.39999961853027,679,54.8339004516602,64
485,0,3.69166660308838,23.5,-9.39999961853027,679,54.8339004516602,64
485,0,3.69166660308838,23.5,-9.39999961853027,679,54.8339004516602,64
485,1,3.69166660308838,23.5,-9.39999961853027,679,54.8339004516602,64
485,1,3.69166660308838,23.5,-9.39999961853027,679,54.8339004516602,64
485,1,3.69166660308838,23.5,-9.39999961853027,679,54.8339004516602,64
485,1,3.69166660308838,23.5,-9.39999961853027,679,54.8339004516602,64
485,2,3.69166660308838,23.5,-9.39999961853027,679,54.8339004516602,64
485,2,3.69166660308838,23.5,-9.39999961853027,679,54.8339004516602,64
485,2,3.69166660308838,23.5,-9.39999961853027,679,54.8339004516602,64
485,2,3.69166660308838,23.5,-9.39999961853027,679,54.8339004516602,64
486,0,4.11250019073486,24.3999996185303,-9.39999961853027,599,54.3081932067871,60
486,0,4.11250019073486,24.3999996185303,-9.39999961853027,599,54.3081932067871,60
486,0,4.11250019073486,24.3999996185303,-9.39999961853027,599,54.3081932067871,60
486,0,4.11250019073486,24.3999996185303,-9.39999961853027,599,54.3081932067871,60
486,1,4.11250019073486,24.3999996185303,-9.39999961853027,599,54.3081932067871,60
486,1,4.11250019073486,24.3999996185303,-9.39999961853027,599,54.3081932067871,60
486,1,4.11250019073486,24.3999996185303,-9.39999961853027,599,54.3081932067871,60
486,1,4.11250019073486,24.3999996185303,-9.39999961853027,599,54.3081932067871,60
486,2,4.11250019073486,24.3999996185303,-9.39999961853027,599,54.3081932067871,60
486,2,4.11250019073486,24.3999996185303,-9.39999961853027,599,54.3081932067871,60
486,2,4.11250019073486,24.3999996185303,-9.39999961853027,599,54.3081932067871,60
486,2,4.11250019073486,24.3999996185303,-9.39999961853027,599,54.3081932067871,60
487,0,5.17916679382324,23.8999996185303,-7.09999990463257,514,38.0110588073731,56
487,0,5.17916679382324,23.8999996185303,-7.09999990463257,514,38.0110588073731,56
487,0,5.17916679382324,23.8999996185303,-7.09999990463257,514,38.0110588073731,56
487,0,5.17916679382324,23.8999996185303,-7.09999990463257,514,38.0110588073731,56
487,1,5.17916679382324,23.8999996185303,-7.09999990463257,514,38.0110588073731,56
487,1,5.17916679382324,23.8999996185303,-7.09999990463257,514,38.0110588073731,56
487,1,5.17916679382324,23.8999996185303,-7.09999990463257,514,38.0110588073731,56
487,1,5.17916679382324,23.8999996185303,-7.09999990463257,514,38.0110588073731,56
487,2,5.17916679382324,23.8999996185303,-7.09999990463257,514,38.0110588073731,56
487,2,5.17916679382324,23.8999996185303,-7.09999990463257,514,38.0110588073731,56
487,2,5.17916679382324,23.8999996185303,-7.09999990463257,514,38.0110588073731,56
487,2,5.17916679382324,23.8999996185303,-7.09999990463257,514,38.0110588073731,56
488,0,6.30416679382324,26.7999992370606,-7.30000019073486,385,43.640380859375,58
488,0,6.30416679382324,26.7999992370606,-7.30000019073486,385,43.640380859375,58
488,0,6.30416679382324,26.7999992370606,-7.30000019073486,385,43.640380859375,58
488,0,6.30416679382324,26.7999992370606,-7.30000019073486,385,43.640380859375,58
488,1,6.30416679382324,26.7999992370606,-7.30000019073486,385,43.640380859375,58
488,1,6.30416679382324,26.7999992370606,-7.30000019073486,385,43.640380859375,58
488,1,6.30416679382324,26.7999992370606,-7.30000019073486,385,43.640380859375,58
488,1,6.30416679382324,26.7999992370606,-7.30000019073486,385,43.640380859375,58
488,2,6.30416679382324,26.7999992370606,-7.30000019073486,385,43.640380859375,58
488,2,6.30416679382324,26.7999992370606,-7.30000019073486,385,43.640380859375,58
488,2,6.30416679382324,26.7999992370606,-7.30000019073486,385,43.640380859375,58
488,2,6.30416679382324,26.7999992370606,-7.30000019073486,385,43.640380859375,58
489,0,6.38333320617676,26.2999992370606,-6.90000009536743,415,36.434741973877,50
489,0,6.38333320617676,26.2999992370606,-6.90000009536743,415,36.434741973877,50
489,0,6.38333320617676,26.2999992370606,-6.90000009536743,415,36.434741973877,50
489,0,6.38333320617676,26.2999992370606,-6.90000009536743,415,36.434741973877,50
489,1,6.38333320617676,26.2999992370606,-6.90000009536743,415,36.434741973877,50
489,1,6.38333320617676,26.2999992370606,-6.90000009536743,415,36.434741973877,50
489,1,6.38333320617676,26.2999992370606,-6.90000009536743,415,36.434741973877,50
489,1,6.38333320617676,26.2999992370606,-6.90000009536743,415,36.434741973877,50
489,2,6.38333320617676,26.2999992370606,-6.90000009536743,415,36.434741973877,50
489,2,6.38333320617676,26.2999992370606,-6.90000009536743,415,36.434741973877,50
489,2,6.38333320617676,26.2999992370606,-6.90000009536743,415,36.434741973877,50
489,2,6.38333320617676,26.2999992370606,-6.90000009536743,415,36.434741973877,50
490,0,10.3000001907349,26.7999992370606,0.400000005960465,1632,64.6761932373047,115
490,0,10.3000001907349,26.7999992370606,0.400000005960465,1632,64.6761932373047,115
490,0,10.3000001907349,26.7999992370606,0.400000005960465,1632,64.6761932373047,115
490,0,10.3000001907349,26.7999992370606,0.400000005960465,1632,64.6761932373047,115
490,1,10.3000001907349,26.7999992370606,0.400000005960465,1632,64.6761932373047,115
490,1,10.3000001907349,26.7999992370606,0.400000005960465,1632,64.6761932373047,115
490,1,10.3000001907349,26.7999992370606,0.400000005960465,1632,64.6761932373047,115
490,1,10.3000001907349,26.7999992370606,0.400000005960465,1632,64.6761932373047,115
490,2,10.3000001907349,26.7999992370606,0.400000005960465,1632,64.6761932373047,115
490,2,10.3000001907349,26.7999992370606,0.400000005960465,1632,64.6761932373047,115
490,2,10.3000001907349,26.7999992370606,0.400000005960465,1632,64.6761932373047,115
490,2,10.3000001907349,26.7999992370606,0.400000005960465,1632,64.6761932373047,115
491,0,10.9250001907349,27.5,0.600000023841858,1498,67.8307037353516,96
491,0,10.9250001907349,27.5,0.600000023841858,1498,67.8307037353516,96
491,0,10.9250001907349,27.5,0.600000023841858,1498,67.8307037353516,96
491,0,10.9250001907349,27.5,0.600000023841858,1498,67.8307037353516,96
491,1,10.9250001907349,27.5,0.600000023841858,1498,67.8307037353516,96
491,1,10.9250001907349,27.5,0.600000023841858,1498,67.8307037353516,96
491,1,10.9250001907349,27.5,0.600000023841858,1498,67.8307037353516,96
491,1,10.9250001907349,27.5,0.600000023841858,1498,67.8307037353516,96
491,2,10.9250001907349,27.5,0.600000023841858,1498,67.8307037353516,96
491,2,10.9250001907349,27.5,0.600000023841858,1498,67.8307037353516,96
491,2,10.9250001907349,27.5,0.600000023841858,1498,67.8307037353516,96
491,2,10.9250001907349,27.5,0.600000023841858,1498,67.8307037353516,96
492,0,8.40833377838135,26.2000007629395,-2,1634,67.0405883789063,114
492,0,8.40833377838135,26.2000007629395,-2,1634,67.0405883789063,114
492,0,8.40833377838135,26.2000007629395,-2,1634,67.0405883789063,114
492,0,8.40833377838135,26.2000007629395,-2,1634,67.0405883789063,114
492,1,8.40833377838135,26.2000007629395,-2,1634,67.0405883789063,114
492,1,8.40833377838135,26.2000007629395,-2,1634,67.0405883789063,114
492,1,8.40833377838135,26.2000007629395,-2,1634,67.0405883789063,114
492,1,8.40833377838135,26.2000007629395,-2,1634,67.0405883789063,114
492,2,8.40833377838135,26.2000007629395,-2,1634,67.0405883789063,114
492,2,8.40833377838135,26.2000007629395,-2,1634,67.0405883789063,114
492,2,8.40833377838135,26.2000007629395,-2,1634,67.0405883789063,114
492,2,8.40833377838135,26.2000007629395,-2,1634,67.0405883789063,114
493,0,5.82499980926514,23.7000007629395,-5.19999980926514,1438,66.5912017822266,111
493,0,5.82499980926514,23.7000007629395,-5.19999980926514,1438,66.5912017822266,111
493,0,5.82499980926514,23.7000007629395,-5.19999980926514,1438,66.5912017822266,111
493,0,5.82499980926514,23.7000007629395,-5.19999980926514,1438,66.5912017822266,111
493,1,5.82499980926514,23.7000007629395,-5.19999980926514,1438,66.5912017822266,111
493,1,5.82499980926514,23.7000007629395,-5.19999980926514,1438,66.5912017822266,111
493,1,5.82499980926514,23.7000007629395,-5.19999980926514,1438,66.5912017822266,111
493,1,5.82499980926514,23.7000007629395,-5.19999980926514,1438,66.5912017822266,111
493,2,5.82499980926514,23.7000007629395,-5.19999980926514,1438,66.5912017822266,111
493,2,5.82499980926514,23.7000007629395,-5.19999980926514,1438,66.5912017822266,111
493,2,5.82499980926514,23.7000007629395,-5.19999980926514,1438,66.5912017822266,111
493,2,5.82499980926514,23.7000007629395,-5.19999980926514,1438,66.5912017822266,111
494,0,9.55833339691162,27.7000007629395,-1.29999995231628,1448,65.800422668457,102
494,0,9.55833339691162,27.7000007629395,-1.29999995231628,1448,65.800422668457,102
494,0,9.55833339691162,27.7000007629395,-1.29999995231628,1448,65.800422668457,102
494,0,9.55833339691162,27.7000007629395,-1.29999995231628,1448,65.800422668457,102
494,1,9.55833339691162,27.7000007629395,-1.29999995231628,1448,65.800422668457,102
494,1,9.55833339691162,27.7000007629395,-1.29999995231628,1448,65.800422668457,102
494,1,9.55833339691162,27.7000007629395,-1.29999995231628,1448,65.800422668457,102
494,1,9.55833339691162,27.7000007629395,-1.29999995231628,1448,65.800422668457,102
494,2,9.55833339691162,27.7000007629395,-1.29999995231628,1448,65.800422668457,102
494,2,9.55833339691162,27.7000007629395,-1.29999995231628,1448,65.800422668457,102
494,2,9.55833339691162,27.7000007629395,-1.29999995231628,1448,65.800422668457,102
494,2,9.55833339691162,27.7000007629395,-1.29999995231628,1448,65.800422668457,102
495,0,8.17500019073486,25.3999996185303,-1.89999997615814,1735,65.8299407958984,125
495,0,8.17500019073486,25.3999996185303,-1.89999997615814,1735,65.8299407958984,125
495,0,8.17500019073486,25.3999996185303,-1.89999997615814,1735,65.8299407958984,125
495,0,8.17500019073486,25.3999996185303,-1.89999997615814,1735,65.8299407958984,125
495,1,8.17500019073486,25.3999996185303,-1.89999997615814,1735,65.8299407958984,125
495,1,8.17500019073486,25.3999996185303,-1.89999997615814,1735,65.8299407958984,125
495,1,8.17500019073486,25.3999996185303,-1.89999997615814,1735,65.8299407958984,125
495,1,8.17500019073486,25.3999996185303,-1.89999997615814,1735,65.8299407958984,125
495,2,8.17500019073486,25.3999996185303,-1.89999997615814,1735,65.8299407958984,125
495,2,8.17500019073486,25.3999996185303,-1.89999997615814,1735,65.8299407958984,125
495,2,8.17500019073486,25.3999996185303,-1.89999997615814,1735,65.8299407958984,125
495,2,8.17500019073486,25.3999996185303,-1.89999997615814,1735,65.8299407958984,125
496,0,8.79583358764648,27,-2.20000004768372,1399,64.0622329711914,105
496,0,8.79583358764648,27,-2.20000004768372,1399,64.0622329711914,105
496,0,8.79583358764648,27,-2.20000004768372,1399,64.0622329711914,105
496,0,8.79583358764648,27,-2.20000004768372,1399,64.0622329711914,105
496,1,8.79583358764648,27,-2.20000004768372,1399,64.0622329711914,105
496,1,8.79583358764648,27,-2.20000004768372,1399,64.0622329711914,105
496,1,8.79583358764648,27,-2.20000004768372,1399,64.0622329711914,105
496,1,8.79583358764648,27,-2.20000004768372,1399,64.0622329711914,105
496,2,8.79583358764648,27,-2.20000004768372,1399,64.0622329711914,105
496,2,8.79583358764648,27,-2.20000004768372,1399,64.0622329711914,105
496,2,8.79583358764648,27,-2.20000004768372,1399,64.0622329711914,105
496,2,8.79583358764648,27,-2.20000004768372,1399,64.0622329711914,105
497,0,10.375,26.2000007629395,0.699999988079071,1712,64.0057067871094,120
497,0,10.375,26.2000007629395,0.699999988079071,1712,64.0057067871094,120
497,0,10.375,26.2000007629395,0.699999988079071,1712,64.0057067871094,120
497,0,10.375,26.2000007629395,0.699999988079071,1712,64.0057067871094,120
497,1,10.375,26.2000007629395,0.699999988079071,1712,64.0057067871094,120
497,1,10.375,26.2000007629395,0.699999988079071,1712,64.0057067871094,120
497,1,10.375,26.2000007629395,0.699999988079071,1712,64.0057067871094,120
497,1,10.375,26.2000007629395,0.699999988079071,1712,64.0057067871094,120
497,2,10.375,26.2000007629395,0.699999988079071,1712,64.0057067871094,120
497,2,10.375,26.2000007629395,0.699999988079071,1712,64.0057067871094,120
497,2,10.375,26.2000007629395,0.699999988079071,1712,64.0057067871094,120
497,2,10.375,26.2000007629395,0.699999988079071,1712,64.0057067871094,120
498,0,6.04166650772095,24,-4.69999980926514,1558,67.0094528198242,110
498,0,6.04166650772095,24,-4.69999980926514,1558,67.0094528198242,110
498,0,6.04166650772095,24,-4.69999980926514,1558,67.0094528198242,110
498,0,6.04166650772095,24,-4.69999980926514,1558,67.0094528198242,110
498,1,6.04166650772095,24,-4.69999980926514,1558,67.0094528198242,110
498,1,6.04166650772095,24,-4.69999980926514,1558,67.0094528198242,110
498,1,6.04166650772095,24,-4.69999980926514,1558,67.0094528198242,110
498,1,6.04166650772095,24,-4.69999980926514,1558,67.0094528198242,110
498,2,6.04166650772095,24,-4.69999980926514,1558,67.0094528198242,110
498,2,6.04166650772095,24,-4.69999980926514,1558,67.0094528198242,110
498,2,6.04166650772095,24,-4.69999980926514,1558,67.0094528198242,110
498,2,6.04166650772095,24,-4.69999980926514,1558,67.0094528198242,110
499,0,8.08749961853027,25.3999996185303,-2,1723,64.8968811035156,128
499,0,8.08749961853027,25.3999996185303,-2,1723,64.8968811035156,128
499,0,8.08749961853027,25.3999996185303,-2,1723,64.8968811035156,128
499,0,8.08749961853027,25.3999996185303,-2,1723,64.8968811035156,128
499,1,8.08749961853027,25.3999996185303,-2,1723,64.8968811035156,128
499,1,8.08749961853027,25.3999996185303,-2,1723,64.8968811035156,128
499,1,8.08749961853027,25.3999996185303,-2,1723,64.8968811035156,128
499,1,8.08749961853027,25.3999996185303,-2,1723,64.8968811035156,128
499,2,8.08749961853027,25.3999996185303,-2,1723,64.8968811035156,128
499,2,8.08749961853027,25.3999996185303,-2,1723,64.8968811035156,128
499,2,8.08749961853027,25.3999996185303,-2,1723,64.8968811035156,128
499,2,8.08749961853027,25.3999996185303,-2,1723,64.8968811035156,128
500,0,10.1291666030884,22.6000003814697,1.20000004768372,2248,70.3452224731445,131
500,0,10.1291666030884,22.6000003814697,1.20000004768372,2248,70.3452224731445,131
500,0,10.1291666030884,22.6000003814697,1.20000004768372,2248,70.3452224731445,131
500,0,10.1291666030884,22.6000003814697,1.20000004768372,2248,70.3452224731445,131
500,1,10.1291666030884,22.6000003814697,1.20000004768372,2248,70.3452224731445,131
500,1,10.1291666030884,22.6000003814697,1.20000004768372,2248,70.3452224731445,131
500,1,10.1291666030884,22.6000003814697,1.20000004768372,2248,70.3452224731445,131
500,1,10.1291666030884,22.6000003814697,1.20000004768372,2248,70.3452224731445,131
500,2,10.1291666030884,22.6000003814697,1.20000004768372,2248,70.3452224731445,131
500,2,10.1291666030884,22.6000003814697,1.20000004768372,2248,70.3452224731445,131
500,2,10.1291666030884,22.6000003814697,1.20000004768372,2248,70.3452224731445,131
500,2,10.1291666030884,22.6000003814697,1.20000004768372,2248,70.3452224731445,131
501,0,7.48333358764648,24.7999992370606,-2.70000004768372,1739,65.7133483886719,129
501,0,7.48333358764648,24.7999992370606,-2.70000004768372,1739,65.7133483886719,129
501,0,7.48333358764648,24.7999992370606,-2.70000004768372,1739,65.7133483886719,129
501,0,7.48333358764648,24.7999992370606,-2.70000004768372,1739,65.7133483886719,129
501,1,7.48333358764648,24.7999992370606,-2.70000004768372,1739,65.7133483886719,129
501,1,7.48333358764648,24.7999992370606,-2.70000004768372,1739,65.7133483886719,129
501,1,7.48333358764648,24.7999992370606,-2.70000004768372,1739,65.7133483886719,129
501,1,7.48333358764648,24.7999992370606,-2.70000004768372,1739,65.7133483886719,129
501,2,7.48333358764648,24.7999992370606,-2.70000004768372,1739,65.7133483886719,129
501,2,7.48333358764648,24.7999992370606,-2.70000004768372,1739,65.7133483886719,129
501,2,7.48333358764648,24.7999992370606,-2.70000004768372,1739,65.7133483886719,129
501,2,7.48333358764648,24.7999992370606,-2.70000004768372,1739,65.7133483886719,129
502,0,11.3249998092651,21.6000003814697,3.29999995231628,1898,67.9098815917969,113
502,0,11.3249998092651,21.6000003814697,3.29999995231628,1898,67.9098815917969,113
502,0,11.3249998092651,21.6000003814697,3.29999995231628,1898,67.9098815917969,113
502,0,11.3249998092651,21.6000003814697,3.29999995231628,1898,67.9098815917969,113
502,1,11.3249998092651,21.6000003814697,3.29999995231628,1898,67.9098815917969,113
502,1,11.3249998092651,21.6000003814697,3.29999995231628,1898,67.9098815917969,113
502,1,11.3249998092651,21.6000003814697,3.29999995231628,1898,67.9098815917969,113
502,1,11.3249998092651,21.6000003814697,3.29999995231628,1898,67.9098815917969,113
502,2,11.3249998092651,21.6000003814697,3.29999995231628,1898,67.9098815917969,113
502,2,11.3249998092651,21.6000003814697,3.29999995231628,1898,67.9098815917969,113
502,2,11.3249998092651,21.6000003814697,3.29999995231628,1898,67.9098815917969,113
502,2,11.3249998092651,21.6000003814697,3.29999995231628,1898,67.9098815917969,113
503,0,9.67083358764648,27.6000003814697,-0.899999976158142,1515,65.7528381347656,105
503,0,9.67083358764648,27.6000003814697,-0.899999976158142,1515,65.7528381347656,105
503,0,9.67083358764648,27.6000003814697,-0.899999976158142,1515,65.7528381347656,105
503,0,9.67083358764648,27.6000003814697,-0.899999976158142,1515,65.7528381347656,105
503,1,9.67083358764648,27.6000003814697,-0.899999976158142,1515,65.7528381347656,105
503,1,9.67083358764648,27.6000003814697,-0.899999976158142,1515,65.7528381347656,105
503,1,9.67083358764648,27.6000003814697,-0.899999976158142,1515,65.7528381347656,105
503,1,9.67083358764648,27.6000003814697,-0.899999976158142,1515,65.7528381347656,105
503,2,9.67083358764648,27.6000003814697,-0.899999976158142,1515,65.7528381347656,105
503,2,9.67083358764648,27.6000003814697,-0.899999976158142,1515,65.7528381347656,105
503,2,9.67083358764648,27.6000003814697,-0.899999976158142,1515,65.7528381347656,105
503,2,9.67083358764648,27.6000003814697,-0.899999976158142,1515,65.7528381347656,105
504,0,10.5249996185303,22.2999992370605,2.20000004768372,2143,69.0456466674805,125
504,0,10.5249996185303,22.2999992370605,2.20000004768372,2143,69.0456466674805,125
504,0,10.5249996185303,22.2999992370605,2.20000004768372,2143,69.0456466674805,125
504,0,10.5249996185303,22.2999992370605,2.20000004768372,2143,69.0456466674805,125
504,1,10.5249996185303,22.2999992370605,2.20000004768372,2143,69.0456466674805,125
504,1,10.5249996185303,22.2999992370605,2.20000004768372,2143,69.0456466674805,125
504,1,10.5249996185303,22.2999992370605,2.20000004768372,2143,69.0456466674805,125
504,1,10.5249996185303,22.2999992370605,2.20000004768372,2143,69.0456466674805,125
504,2,10.5249996185303,22.2999992370605,2.20000004768372,2143,69.0456466674805,125
504,2,10.5249996185303,22.2999992370605,2.20000004768372,2143,69.0456466674805,125
504,2,10.5249996185303,22.2999992370605,2.20000004768372,2143,69.0456466674805,125
504,2,10.5249996185303,22.2999992370605,2.20000004768372,2143,69.0456466674805,125
505,0,10.3291664123535,22.7999992370606,1.29999995231628,2205,71.6433868408203,127
505,0,10.3291664123535,22.7999992370606,1.29999995231628,2205,71.6433868408203,127
505,0,10.3291664123535,22.7999992370606,1.29999995231628,2205,71.6433868408203,127
505,0,10.3291664123535,22.7999992370606,1.29999995231628,2205,71.6433868408203,127
505,1,10.3291664123535,22.7999992370606,1.29999995231628,2205,71.6433868408203,127
505,1,10.3291664123535,22.7999992370606,1.29999995231628,2205,71.6433868408203,127
505,1,10.3291664123535,22.7999992370606,1.29999995231628,2205,71.6433868408203,127
505,1,10.3291664123535,22.7999992370606,1.29999995231628,2205,71.6433868408203,127
505,2,10.3291664123535,22.7999992370606,1.29999995231628,2205,71.6433868408203,127
505,2,10.3291664123535,22.7999992370606,1.29999995231628,2205,71.6433868408203,127
505,2,10.3291664123535,22.7999992370606,1.29999995231628,2205,71.6433868408203,127
505,2,10.3291664123535,22.7999992370606,1.29999995231628,2205,71.6433868408203,127
506,0,8.17083358764648,24.8999996185303,-1.39999997615814,1867,66.9761428833008,127
506,0,8.17083358764648,24.8999996185303,-1.39999997615814,1867,66.9761428833008,127
506,0,8.17083358764648,24.8999996185303,-1.39999997615814,1867,66.9761428833008,127
506,0,8.17083358764648,24.8999996185303,-1.39999997615814,1867,66.9761428833008,127
506,1,8.17083358764648,24.8999996185303,-1.39999997615814,1867,66.9761428833008,127
506,1,8.17083358764648,24.8999996185303,-1.39999997615814,1867,66.9761428833008,127
506,1,8.17083358764648,24.8999996185303,-1.39999997615814,1867,66.9761428833008,127
506,1,8.17083358764648,24.8999996185303,-1.39999997615814,1867,66.9761428833008,127
506,2,8.17083358764648,24.8999996185303,-1.39999997615814,1867,66.9761428833008,127
506,2,8.17083358764648,24.8999996185303,-1.39999997615814,1867,66.9761428833008,127
506,2,8.17083358764648,24.8999996185303,-1.39999997615814,1867,66.9761428833008,127
506,2,8.17083358764648,24.8999996185303,-1.39999997615814,1867,66.9761428833008,127
507,0,9.47916698455811,27.8999996185303,-1.70000004768372,1365,65.0467224121094,99
507,0,9.47916698455811,27.8999996185303,-1.70000004768372,1365,65.0467224121094,99
507,0,9.47916698455811,27.8999996185303,-1.70000004768372,1365,65.0467224121094,99
507,0,9.47916698455811,27.8999996185303,-1.70000004768372,1365,65.0467224121094,99
507,1,9.47916698455811,27.8999996185303,-1.70000004768372,1365,65.0467224121094,99
507,1,9.47916698455811,27.8999996185303,-1.70000004768372,1365,65.0467224121094,99
507,1,9.47916698455811,27.8999996185303,-1.70000004768372,1365,65.0467224121094,99
507,1,9.47916698455811,27.8999996185303,-1.70000004768372,1365,65.0467224121094,99
507,2,9.47916698455811,27.8999996185303,-1.70000004768372,1365,65.0467224121094,99
507,2,9.47916698455811,27.8999996185303,-1.70000004768372,1365,65.0467224121094,99
507,2,9.47916698455811,27.8999996185303,-1.70000004768372,1365,65.0467224121094,99
507,2,9.47916698455811,27.8999996185303,-1.70000004768372,1365,65.0467224121094,99
508,0,7.58333349227905,26.1000003814697,-3.90000009536743,1357,65.8220748901367,102
508,0,7.58333349227905,26.1000003814697,-3.90000009536743,1357,65.8220748901367,102
508,0,7.58333349227905,26.1000003814697,-3.90000009536743,1357,65.8220748901367,102
508,0,7.58333349227905,26.1000003814697,-3.90000009536743,1357,65.8220748901367,102
508,1,7.58333349227905,26.1000003814697,-3.90000009536743,1357,65.8220748901367,102
508,1,7.58333349227905,26.1000003814697,-3.90000009536743,1357,65.8220748901367,102
508,1,7.58333349227905,26.1000003814697,-3.90000009536743,1357,65.8220748901367,102
508,1,7.58333349227905,26.1000003814697,-3.90000009536743,1357,65.8220748901367,102
508,2,7.58333349227905,26.1000003814697,-3.90000009536743,1357,65.8220748901367,102
508,2,7.58333349227905,26.1000003814697,-3.90000009536743,1357,65.8220748901367,102
508,2,7.58333349227905,26.1000003814697,-3.90000009536743,1357,65.8220748901367,102
508,2,7.58333349227905,26.1000003814697,-3.90000009536743,1357,65.8220748901367,102
509,0,6.32499980926514,24.8999996185303,-5.09999990463257,1345,66.7373199462891,99
509,0,6.32499980926514,24.8999996185303,-5.09999990463257,1345,66.7373199462891,99
509,0,6.32499980926514,24.8999996185303,-5.09999990463257,1345,66.7373199462891,99
509,0,6.32499980926514,24.8999996185303,-5.09999990463257,1345,66.7373199462891,99
509,1,6.32499980926514,24.8999996185303,-5.09999990463257,1345,66.7373199462891,99
509,1,6.32499980926514,24.8999996185303,-5.09999990463257,1345,66.7373199462891,99
509,1,6.32499980926514,24.8999996185303,-5.09999990463257,1345,66.7373199462891,99
509,1,6.32499980926514,24.8999996185303,-5.09999990463257,1345,66.7373199462891,99
509,2,6.32499980926514,24.8999996185303,-5.09999990463257,1345,66.7373199462891,99
509,2,6.32499980926514,24.8999996185303,-5.09999990463257,1345,66.7373199462891,99
509,2,6.32499980926514,24.8999996185303,-5.09999990463257,1345,66.7373199462891,99
509,2,6.32499980926514,24.8999996185303,-5.09999990463257,1345,66.7373199462891,99
510,0,8.35833358764648,26.7999992370606,-2.5,1377,67.0870132446289,97
510,0,8.35833358764648,26.7999992370606,-2.5,1377,67.0870132446289,97
510,0,8.35833358764648,26.7999992370606,-2.5,1377,67.0870132446289,97
510,0,8.35833358764648,26.7999992370606,-2.5,1377,67.0870132446289,97
510,1,8.35833358764648,26.7999992370606,-2.5,1377,67.0870132446289,97
510,1,8.35833358764648,26.7999992370606,-2.5,1377,67.0870132446289,97
510,1,8.35833358764648,26.7999992370606,-2.5,1377,67.0870132446289,97
510,1,8.35833358764648,26.7999992370606,-2.5,1377,67.0870132446289,97
510,2,8.35833358764648,26.7999992370606,-2.5,1377,67.0870132446289,97
510,2,8.35833358764648,26.7999992370606,-2.5,1377,67.0870132446289,97
510,2,8.35833358764648,26.7999992370606,-2.5,1377,67.0870132446289,97
510,2,8.35833358764648,26.7999992370606,-2.5,1377,67.0870132446289,97
511,0,10.8374996185303,27.7000007629395,0.699999988079071,1535,66.6502532958984,99
511,0,10.8374996185303,27.7000007629395,0.699999988079071,1535,66.6502532958984,99
511,0,10.8374996185303,27.7000007629395,0.699999988079071,1535,66.6502532958984,99
511,0,10.8374996185303,27.7000007629395,0.699999988079071,1535,66.6502532958984,99
511,1,10.8374996185303,27.7000007629395,0.699999988079071,1535,66.6502532958984,99
511,1,10.8374996185303,27.7000007629395,0.699999988079071,1535,66.6502532958984,99
511,1,10.8374996185303,27.7000007629395,0.699999988079071,1535,66.6502532958984,99
511,1,10.8374996185303,27.7000007629395,0.699999988079071,1535,66.6502532958984,99
511,2,10.8374996185303,27.7000007629395,0.699999988079071,1535,66.6502532958984,99
511,2,10.8374996185303,27.7000007629395,0.699999988079071,1535,66.6502532958984,99
511,2,10.8374996185303,27.7000007629395,0.699999988079071,1535,66.6502532958984,99
511,2,10.8374996185303,27.7000007629395,0.699999988079071,1535,66.6502532958984,99
512,0,9.99583339691162,20.2999992370605,2.70000004768372,2366,68.832145690918,139
512,0,9.99583339691162,20.2999992370605,2.70000004768372,2366,68.832145690918,139
512,0,9.99583339691162,20.2999992370605,2.70000004768372,2366,68.832145690918,139
512,0,9.99583339691162,20.2999992370605,2.70000004768372,2366,68.832145690918,139
512,1,9.99583339691162,20.2999992370605,2.70000004768372,2366,68.832145690918,139
512,1,9.99583339691162,20.2999992370605,2.70000004768372,2366,68.832145690918,139
512,1,9.99583339691162,20.2999992370605,2.70000004768372,2366,68.832145690918,139
512,1,9.99583339691162,20.2999992370605,2.70000004768372,2366,68.832145690918,139
512,2,9.99583339691162,20.2999992370605,2.70000004768372,2366,68.832145690918,139
512,2,9.99583339691162,20.2999992370605,2.70000004768372,2366,68.832145690918,139
512,2,9.99583339691162,20.2999992370605,2.70000004768372,2366,68.832145690918,139
512,2,9.99583339691162,20.2999992370605,2.70000004768372,2366,68.832145690918,139
513,0,10.4208335876465,23.6000003814697,1.39999997615814,2101,70.584831237793,121
513,0,10.4208335876465,23.6000003814697,1.39999997615814,2101,70.584831237793,121
513,0,10.4208335876465,23.6000003814697,1.39999997615814,2101,70.584831237793,121
513,0,10.4208335876465,23.6000003814697,1.39999997615814,2101,70.584831237793,121
513,1,10.4208335876465,23.6000003814697,1.39999997615814,2101,70.584831237793,121
513,1,10.4208335876465,23.6000003814697,1.39999997615814,2101,70.584831237793,121
513,1,10.4208335876465,23.6000003814697,1.39999997615814,2101,70.584831237793,121
513,1,10.4208335876465,23.6000003814697,1.39999997615814,2101,70.584831237793,121
513,2,10.4208335876465,23.6000003814697,1.39999997615814,2101,70.584831237793,121
513,2,10.4208335876465,23.6000003814697,1.39999997615814,2101,70.584831237793,121
513,2,10.4208335876465,23.6000003814697,1.39999997615814,2101,70.584831237793,121
513,2,10.4208335876465,23.6000003814697,1.39999997615814,2101,70.584831237793,121
514,0,10.9250001907349,22.3999996185303,2.70000004768372,2019,68.303955078125,119
514,0,10.9250001907349,22.3999996185303,2.70000004768372,2019,68.303955078125,119
514,0,10.9250001907349,22.3999996185303,2.70000004768372,2019,68.303955078125,119
514,0,10.9250001907349,22.3999996185303,2.70000004768372,2019,68.303955078125,119
514,1,10.9250001907349,22.3999996185303,2.70000004768372,2019,68.303955078125,119
514,1,10.9250001907349,22.3999996185303,2.70000004768372,2019,68.303955078125,119
514,1,10.9250001907349,22.3999996185303,2.70000004768372,2019,68.303955078125,119
514,1,10.9250001907349,22.3999996185303,2.70000004768372,2019,68.303955078125,119
514,2,10.9250001907349,22.3999996185303,2.70000004768372,2019,68.303955078125,119
514,2,10.9250001907349,22.3999996185303,2.70000004768372,2019,68.303955078125,119
514,2,10.9250001907349,22.3999996185303,2.70000004768372,2019,68.303955078125,119
514,2,10.9250001907349,22.3999996185303,2.70000004768372,2019,68.303955078125,119
515,0,9.64583301544189,27.2999992370606,-1.10000002384186,1477,62.5393524169922,111
515,0,9.64583301544189,27.2999992370606,-1.10000002384186,1477,62.5393524169922,111
515,0,9.64583301544189,27.2999992370606,-1.10000002384186,1477,62.5393524169922,111
515,0,9.64583301544189,27.2999992370606,-1.10000002384186,1477,62.5393524169922,111
515,1,9.64583301544189,27.2999992370606,-1.10000002384186,1477,62.5393524169922,111
515,1,9.64583301544189,27.2999992370606,-1.10000002384186,1477,62.5393524169922,111
515,1,9.64583301544189,27.2999992370606,-1.10000002384186,1477,62.5393524169922,111
515,1,9.64583301544189,27.2999992370606,-1.10000002384186,1477,62.5393524169922,111
515,2,9.64583301544189,27.2999992370606,-1.10000002384186,1477,62.5393524169922,111
515,2,9.64583301544189,27.2999992370606,-1.10000002384186,1477,62.5393524169922,111
515,2,9.64583301544189,27.2999992370606,-1.10000002384186,1477,62.5393524169922,111
515,2,9.64583301544189,27.2999992370606,-1.10000002384186,1477,62.5393524169922,111
516,0,10.8374996185303,26,1,1756,70.9677200317383,99
516,0,10.8374996185303,26,1,1756,70.9677200317383,99
516,0,10.8374996185303,26,1,1756,70.9677200317383,99
516,0,10.8374996185303,26,1,1756,70.9677200317383,99
516,1,10.8374996185303,26,1,1756,70.9677200317383,99
516,1,10.8374996185303,26,1,1756,70.9677200317383,99
516,1,10.8374996185303,26,1,1756,70.9677200317383,99
516,1,10.8374996185303,26,1,1756,70.9677200317383,99
516,2,10.8374996185303,26,1,1756,70.9677200317383,99
516,2,10.8374996185303,26,1,1756,70.9677200317383,99
516,2,10.8374996185303,26,1,1756,70.9677200317383,99
516,2,10.8374996185303,26,1,1756,70.9677200317383,99
517,0,7.85833311080933,25.8999996185303,-2.90000009536743,1554,65.8359527587891,114
517,0,7.85833311080933,25.8999996185303,-2.90000009536743,1554,65.8359527587891,114
517,0,7.85833311080933,25.8999996185303,-2.90000009536743,1554,65.8359527587891,114
517,0,7.85833311080933,25.8999996185303,-2.90000009536743,1554,65.8359527587891,114
517,1,7.85833311080933,25.8999996185303,-2.90000009536743,1554,65.8359527587891,114
517,1,7.85833311080933,25.8999996185303,-2.90000009536743,1554,65.8359527587891,114
517,1,7.85833311080933,25.8999996185303,-2.90000009536743,1554,65.8359527587891,114
517,1,7.85833311080933,25.8999996185303,-2.90000009536743,1554,65.8359527587891,114
517,2,7.85833311080933,25.8999996185303,-2.90000009536743,1554,65.8359527587891,114
517,2,7.85833311080933,25.8999996185303,-2.90000009536743,1554,65.8359527587891,114
517,2,7.85833311080933,25.8999996185303,-2.90000009536743,1554,65.8359527587891,114
517,2,7.85833311080933,25.8999996185303,-2.90000009536743,1554,65.8359527587891,114
518,0,7.55416679382324,25.6000003814697,-3.40000009536743,1529,65.8132247924805,115
518,0,7.55416679382324,25.6000003814697,-3.40000009536743,1529,65.8132247924805,115
518,0,7.55416679382324,25.6000003814697,-3.40000009536743,1529,65.8132247924805,115
518,0,7.55416679382324,25.6000003814697,-3.40000009536743,1529,65.8132247924805,115
518,1,7.55416679382324,25.6000003814697,-3.40000009536743,1529,65.8132247924805,115
518,1,7.55416679382324,25.6000003814697,-3.40000009536743,1529,65.8132247924805,115
518,1,7.55416679382324,25.6000003814697,-3.40000009536743,1529,65.8132247924805,115
518,1,7.55416679382324,25.6000003814697,-3.40000009536743,1529,65.8132247924805,115
518,2,7.55416679382324,25.6000003814697,-3.40000009536743,1529,65.8132247924805,115
518,2,7.55416679382324,25.6000003814697,-3.40000009536743,1529,65.8132247924805,115
518,2,7.55416679382324,25.6000003814697,-3.40000009536743,1529,65.8132247924805,115
518,2,7.55416679382324,25.6000003814697,-3.40000009536743,1529,65.8132247924805,115
519,0,9.46666622161865,27.7000007629395,-1.29999995231628,1512,66.2881393432617,104
519,0,9.46666622161865,27.7000007629395,-1.29999995231628,1512,66.2881393432617,104
519,0,9.46666622161865,27.7000007629395,-1.29999995231628,1512,66.2881393432617,104
519,0,9.46666622161865,27.7000007629395,-1.29999995231628,1512,66.2881393432617,104
519,1,9.46666622161865,27.7000007629395,-1.29999995231628,1512,66.2881393432617,104
519,1,9.46666622161865,27.7000007629395,-1.29999995231628,1512,66.2881393432617,104
519,1,9.46666622161865,27.7000007629395,-1.29999995231628,1512,66.2881393432617,104
519,1,9.46666622161865,27.7000007629395,-1.29999995231628,1512,66.2881393432617,104
519,2,9.46666622161865,27.7000007629395,-1.29999995231628,1512,66.2881393432617,104
519,2,9.46666622161865,27.7000007629395,-1.29999995231628,1512,66.2881393432617,104
519,2,9.46666622161865,27.7000007629395,-1.29999995231628,1512,66.2881393432617,104
519,2,9.46666622161865,27.7000007629395,-1.29999995231628,1512,66.2881393432617,104
520,0,10.2666664123535,23.7999992370606,1.29999995231628,2134,71.8464889526367,122
520,0,10.2666664123535,23.7999992370606,1.29999995231628,2134,71.8464889526367,122
520,0,10.2666664123535,23.7999992370606,1.29999995231628,2134,71.8464889526367,122
520,0,10.2666664123535,23.7999992370606,1.29999995231628,2134,71.8464889526367,122
520,1,10.2666664123535,23.7999992370606,1.29999995231628,2134,71.8464889526367,122
520,1,10.2666664123535,23.7999992370606,1.29999995231628,2134,71.8464889526367,122
520,1,10.2666664123535,23.7999992370606,1.29999995231628,2134,71.8464889526367,122
520,1,10.2666664123535,23.7999992370606,1.29999995231628,2134,71.8464889526367,122
520,2,10.2666664123535,23.7999992370606,1.29999995231628,2134,71.8464889526367,122
520,2,10.2666664123535,23.7999992370606,1.29999995231628,2134,71.8464889526367,122
520,2,10.2666664123535,23.7999992370606,1.29999995231628,2134,71.8464889526367,122
520,2,10.2666664123535,23.7999992370606,1.29999995231628,2134,71.8464889526367,122
521,0,9.69583320617676,23.2999992370605,1.10000002384186,2368,70.9162979125977,141
521,0,9.69583320617676,23.2999992370605,1.10000002384186,2368,70.9162979125977,141
521,0,9.69583320617676,23.2999992370605,1.10000002384186,2368,70.9162979125977,141
521,0,9.69583320617676,23.2999992370605,1.10000002384186,2368,70.9162979125977,141
521,1,9.69583320617676,23.2999992370605,1.10000002384186,2368,70.9162979125977,141
521,1,9.69583320617676,23.2999992370605,1.10000002384186,2368,70.9162979125977,141
521,1,9.69583320617676,23.2999992370605,1.10000002384186,2368,70.9162979125977,141
521,1,9.69583320617676,23.2999992370605,1.10000002384186,2368,70.9162979125977,141
521,2,9.69583320617676,23.2999992370605,1.10000002384186,2368,70.9162979125977,141
521,2,9.69583320617676,23.2999992370605,1.10000002384186,2368,70.9162979125977,141
521,2,9.69583320617676,23.2999992370605,1.10000002384186,2368,70.9162979125977,141
521,2,9.69583320617676,23.2999992370605,1.10000002384186,2368,70.9162979125977,141
522,0,10.2916669845581,28.5,-0.899999976158142,1233,63.1268424987793,88
522,0,10.2916669845581,28.5,-0.899999976158142,1233,63.1268424987793,88
522,0,10.2916669845581,28.5,-0.899999976158142,1233,63.1268424987793,88
522,0,10.2916669845581,28.5,-0.899999976158142,1233,63.1268424987793,88
522,1,10.2916669845581,28.5,-0.899999976158142,1233,63.1268424987793,88
522,1,10.2916669845581,28.5,-0.899999976158142,1233,63.1268424987793,88
522,1,10.2916669845581,28.5,-0.899999976158142,1233,63.1268424987793,88
522,1,10.2916669845581,28.5,-0.899999976158142,1233,63.1268424987793,88
522,2,10.2916669845581,28.5,-0.899999976158142,1233,63.1268424987793,88
522,2,10.2916669845581,28.5,-0.899999976158142,1233,63.1268424987793,88
522,2,10.2916669845581,28.5,-0.899999976158142,1233,63.1268424987793,88
522,2,10.2916669845581,28.5,-0.899999976158142,1233,63.1268424987793,88
523,0,4.42500019073486,22.7999992370606,-7.30000019073486,1309,67.2312393188477,99
523,0,4.42500019073486,22.7999992370606,-7.30000019073486,1309,67.2312393188477,99
523,0,4.42500019073486,22.7999992370606,-7.30000019073486,1309,67.2312393188477,99
523,0,4.42500019073486,22.7999992370606,-7.30000019073486,1309,67.2312393188477,99
523,1,4.42500019073486,22.7999992370606,-7.30000019073486,1309,67.2312393188477,99
523,1,4.42500019073486,22.7999992370606,-7.30000019073486,1309,67.2312393188477,99
523,1,4.42500019073486,22.7999992370606,-7.30000019073486,1309,67.2312393188477,99
523,1,4.42500019073486,22.7999992370606,-7.30000019073486,1309,67.2312393188477,99
523,2,4.42500019073486,22.7999992370606,-7.30000019073486,1309,67.2312393188477,99
523,2,4.42500019073486,22.7999992370606,-7.30000019073486,1309,67.2312393188477,99
523,2,4.42500019073486,22.7999992370606,-7.30000019073486,1309,67.2312393188477,99
523,2,4.42500019073486,22.7999992370606,-7.30000019073486,1309,67.2312393188477,99
524,0,10.0541667938232,20,2.90000009536743,2320,68.70654296875,136
524,0,10.0541667938232,20,2.90000009536743,2320,68.70654296875,136
524,0,10.0541667938232,20,2.90000009536743,2320,68.70654296875,136
524,0,10.0541667938232,20,2.90000009536743,2320,68.70654296875,136
524,1,10.0541667938232,20,2.90000009536743,2320,68.70654296875,136
524,1,10.0541667938232,20,2.90000009536743,2320,68.70654296875,136
524,1,10.0541667938232,20,2.90000009536743,2320,68.70654296875,136
524,1,10.0541667938232,20,2.90000009536743,2320,68.70654296875,136
524,2,10.0541667938232,20,2.90000009536743,2320,68.70654296875,136
524,2,10.0541667938232,20,2.90000009536743,2320,68.70654296875,136
524,2,10.0541667938232,20,2.90000009536743,2320,68.70654296875,136
524,2,10.0541667938232,20,2.90000009536743,2320,68.70654296875,136
525,0,9.92083358764648,27.3999996185303,-0.699999988079071,1462,62.2847938537598,108
525,0,9.92083358764648,27.3999996185303,-0.699999988079071,1462,62.2847938537598,108
525,0,9.92083358764648,27.3999996185303,-0.699999988079071,1462,62.2847938537598,108
525,0,9.92083358764648,27.3999996185303,-0.699999988079071,1462,62.2847938537598,108
525,1,9.92083358764648,27.3999996185303,-0.699999988079071,1462,62.2847938537598,108
525,1,9.92083358764648,27.3999996185303,-0.699999988079071,1462,62.2847938537598,108
525,1,9.92083358764648,27.3999996185303,-0.699999988079071,1462,62.2847938537598,108
525,1,9.92083358764648,27.3999996185303,-0.699999988079071,1462,62.2847938537598,108
525,2,9.92083358764648,27.3999996185303,-0.699999988079071,1462,62.2847938537598,108
525,2,9.92083358764648,27.3999996185303,-0.699999988079071,1462,62.2847938537598,108
525,2,9.92083358764648,27.3999996185303,-0.699999988079071,1462,62.2847938537598,108
525,2,9.92083358764648,27.3999996185303,-0.699999988079071,1462,62.2847938537598,108
526,0,4.11250019073486,23.2999992370605,-7.80000019073486,1456,64.5727996826172,112
526,0,4.11250019073486,23.2999992370605,-7.80000019073486,1456,64.5727996826172,112
526,0,4.11250019073486,23.2999992370605,-7.80000019073486,1456,64.5727996826172,112
526,0,4.11250019073486,23.2999992370605,-7.80000019073486,1456,64.5727996826172,112
526,1,4.11250019073486,23.2999992370605,-7.80000019073486,1456,64.5727996826172,112
526,1,4.11250019073486,23.2999992370605,-7.80000019073486,1456,64.5727996826172,112
526,1,4.11250019073486,23.2999992370605,-7.80000019073486,1456,64.5727996826172,112
526,1,4.11250019073486,23.2999992370605,-7.80000019073486,1456,64.5727996826172,112
526,2,4.11250019073486,23.2999992370605,-7.80000019073486,1456,64.5727996826172,112
526,2,4.11250019073486,23.2999992370605,-7.80000019073486,1456,64.5727996826172,112
526,2,4.11250019073486,23.2999992370605,-7.80000019073486,1456,64.5727996826172,112
526,2,4.11250019073486,23.2999992370605,-7.80000019073486,1456,64.5727996826172,112
527,0,10.2333335876465,27.1000003814697,0.100000001490116,1504,63.8176422119141,109
527,0,10.2333335876465,27.1000003814697,0.100000001490116,1504,63.8176422119141,109
527,0,10.2333335876465,27.1000003814697,0.100000001490116,1504,63.8176422119141,109
527,0,10.2333335876465,27.1000003814697,0.100000001490116,1504,63.8176422119141,109
527,1,10.2333335876465,27.1000003814697,0.100000001490116,1504,63.8176422119141,109
527,1,10.2333335876465,27.1000003814697,0.100000001490116,1504,63.8176422119141,109
527,1,10.2333335876465,27.1000003814697,0.100000001490116,1504,63.8176422119141,109
527,1,10.2333335876465,27.1000003814697,0.100000001490116,1504,63.8176422119141,109
527,2,10.2333335876465,27.1000003814697,0.100000001490116,1504,63.8176422119141,109
527,2,10.2333335876465,27.1000003814697,0.100000001490116,1504,63.8176422119141,109
527,2,10.2333335876465,27.1000003814697,0.100000001490116,1504,63.8176422119141,109
527,2,10.2333335876465,27.1000003814697,0.100000001490116,1504,63.8176422119141,109
528,0,6.87083339691162,24.7999992370606,-3.90000009536743,1488,66.4205856323242,110
528,0,6.87083339691162,24.7999992370606,-3.90000009536743,1488,66.4205856323242,110
528,0,6.87083339691162,24.7999992370606,-3.90000009536743,1488,66.4205856323242,110
528,0,6.87083339691162,24.7999992370606,-3.90000009536743,1488,66.4205856323242,110
528,1,6.87083339691162,24.7999992370606,-3.90000009536743,1488,66.4205856323242,110
528,1,6.87083339691162,24.7999992370606,-3.90000009536743,1488,66.4205856323242,110
528,1,6.87083339691162,24.7999992370606,-3.90000009536743,1488,66.4205856323242,110
528,1,6.87083339691162,24.7999992370606,-3.90000009536743,1488,66.4205856323242,110
528,2,6.87083339691162,24.7999992370606,-3.90000009536743,1488,66.4205856323242,110
528,2,6.87083339691162,24.7999992370606,-3.90000009536743,1488,66.4205856323242,110
528,2,6.87083339691162,24.7999992370606,-3.90000009536743,1488,66.4205856323242,110
528,2,6.87083339691162,24.7999992370606,-3.90000009536743,1488,66.4205856323242,110
529,0,4.99166679382324,23.2999992370605,-7,1240,64.9026412963867,100
529,0,4.99166679382324,23.2999992370605,-7,1240,64.9026412963867,100
529,0,4.99166679382324,23.2999992370605,-7,1240,64.9026412963867,100
529,0,4.99166679382324,23.2999992370605,-7,1240,64.9026412963867,100
529,1,4.99166679382324,23.2999992370605,-7,1240,64.9026412963867,100
529,1,4.99166679382324,23.2999992370605,-7,1240,64.9026412963867,100
529,1,4.99166679382324,23.2999992370605,-7,1240,64.9026412963867,100
529,1,4.99166679382324,23.2999992370605,-7,1240,64.9026412963867,100
529,2,4.99166679382324,23.2999992370605,-7,1240,64.9026412963867,100
529,2,4.99166679382324,23.2999992370605,-7,1240,64.9026412963867,100
529,2,4.99166679382324,23.2999992370605,-7,1240,64.9026412963867,100
529,2,4.99166679382324,23.2999992370605,-7,1240,64.9026412963867,100
530,0,9.57083320617676,26.1000003814697,0,1756,64.7239303588867,123
530,0,9.57083320617676,26.1000003814697,0,1756,64.7239303588867,123
530,0,9.57083320617676,26.1000003814697,0,1756,64.7239303588867,123
530,0,9.57083320617676,26.1000003814697,0,1756,64.7239303588867,123
530,1,9.57083320617676,26.1000003814697,0,1756,64.7239303588867,123
530,1,9.57083320617676,26.1000003814697,0,1756,64.7239303588867,123
530,1,9.57083320617676,26.1000003814697,0,1756,64.7239303588867,123
530,1,9.57083320617676,26.1000003814697,0,1756,64.7239303588867,123
530,2,9.57083320617676,26.1000003814697,0,1756,64.7239303588867,123
530,2,9.57083320617676,26.1000003814697,0,1756,64.7239303588867,123
530,2,9.57083320617676,26.1000003814697,0,1756,64.7239303588867,123
530,2,9.57083320617676,26.1000003814697,0,1756,64.7239303588867,123
531,0,9.84166622161865,28.1000003814697,-1.39999997615814,1259,62.3969078063965,94
531,0,9.84166622161865,28.1000003814697,-1.39999997615814,1259,62.3969078063965,94
531,0,9.84166622161865,28.1000003814697,-1.39999997615814,1259,62.3969078063965,94
531,0,9.84166622161865,28.1000003814697,-1.39999997615814,1259,62.3969078063965,94
531,1,9.84166622161865,28.1000003814697,-1.39999997615814,1259,62.3969078063965,94
531,1,9.84166622161865,28.1000003814697,-1.39999997615814,1259,62.3969078063965,94
531,1,9.84166622161865,28.1000003814697,-1.39999997615814,1259,62.3969078063965,94
531,1,9.84166622161865,28.1000003814697,-1.39999997615814,1259,62.3969078063965,94
531,2,9.84166622161865,28.1000003814697,-1.39999997615814,1259,62.3969078063965,94
531,2,9.84166622161865,28.1000003814697,-1.39999997615814,1259,62.3969078063965,94
531,2,9.84166622161865,28.1000003814697,-1.39999997615814,1259,62.3969078063965,94
531,2,9.84166622161865,28.1000003814697,-1.39999997615814,1259,62.3969078063965,94
532,0,8.60833358764648,25.7000007629395,-1.39999997615814,1785,65.0398330688477,128
532,0,8.60833358764648,25.7000007629395,-1.39999997615814,1785,65.0398330688477,128
532,0,8.60833358764648,25.7000007629395,-1.39999997615814,1785,65.0398330688477,128
532,0,8.60833358764648,25.7000007629395,-1.39999997615814,1785,65.0398330688477,128
532,1,8.60833358764648,25.7000007629395,-1.39999997615814,1785,65.0398330688477,128
532,1,8.60833358764648,25.7000007629395,-1.39999997615814,1785,65.0398330688477,128
532,1,8.60833358764648,25.7000007629395,-1.39999997615814,1785,65.0398330688477,128
532,1,8.60833358764648,25.7000007629395,-1.39999997615814,1785,65.0398330688477,128
532,2,8.60833358764648,25.7000007629395,-1.39999997615814,1785,65.0398330688477,128
532,2,8.60833358764648,25.7000007629395,-1.39999997615814,1785,65.0398330688477,128
532,2,8.60833358764648,25.7000007629395,-1.39999997615814,1785,65.0398330688477,128
532,2,8.60833358764648,25.7000007629395,-1.39999997615814,1785,65.0398330688477,128
533,0,10.3291664123535,26.8999996185303,0.400000005960465,1643,64.9826431274414,112
533,0,10.3291664123535,26.8999996185303,0.400000005960465,1643,64.9826431274414,112
533,0,10.3291664123535,26.8999996185303,0.400000005960465,1643,64.9826431274414,112
533,0,10.3291664123535,26.8999996185303,0.400000005960465,1643,64.9826431274414,112
533,1,10.3291664123535,26.8999996185303,0.400000005960465,1643,64.9826431274414,112
533,1,10.3291664123535,26.8999996185303,0.400000005960465,1643,64.9826431274414,112
533,1,10.3291664123535,26.8999996185303,0.400000005960465,1643,64.9826431274414,112
533,1,10.3291664123535,26.8999996185303,0.400000005960465,1643,64.9826431274414,112
533,2,10.3291664123535,26.8999996185303,0.400000005960465,1643,64.9826431274414,112
533,2,10.3291664123535,26.8999996185303,0.400000005960465,1643,64.9826431274414,112
533,2,10.3291664123535,26.8999996185303,0.400000005960465,1643,64.9826431274414,112
533,2,10.3291664123535,26.8999996185303,0.400000005960465,1643,64.9826431274414,112
534,0,9.60000038146973,21.1000003814697,1.70000004768372,2507,69.7378692626953,147
534,0,9.60000038146973,21.1000003814697,1.70000004768372,2507,69.7378692626953,147
534,0,9.60000038146973,21.1000003814697,1.70000004768372,2507,69.7378692626953,147
534,0,9.60000038146973,21.1000003814697,1.70000004768372,2507,69.7378692626953,147
534,1,9.60000038146973,21.1000003814697,1.70000004768372,2507,69.7378692626953,147
534,1,9.60000038146973,21.1000003814697,1.70000004768372,2507,69.7378692626953,147
534,1,9.60000038146973,21.1000003814697,1.70000004768372,2507,69.7378692626953,147
534,1,9.60000038146973,21.1000003814697,1.70000004768372,2507,69.7378692626953,147
534,2,9.60000038146973,21.1000003814697,1.70000004768372,2507,69.7378692626953,147
534,2,9.60000038146973,21.1000003814697,1.70000004768372,2507,69.7378692626953,147
534,2,9.60000038146973,21.1000003814697,1.70000004768372,2507,69.7378692626953,147
534,2,9.60000038146973,21.1000003814697,1.70000004768372,2507,69.7378692626953,147
535,0,7.63749980926514,26.2999992370606,-3.90000009536743,1379,65.3166885375977,103
535,0,7.63749980926514,26.2999992370606,-3.90000009536743,1379,65.3166885375977,103
535,0,7.63749980926514,26.2999992370606,-3.90000009536743,1379,65.3166885375977,103
535,0,7.63749980926514,26.2999992370606,-3.90000009536743,1379,65.3166885375977,103
535,1,7.63749980926514,26.2999992370606,-3.90000009536743,1379,65.3166885375977,103
535,1,7.63749980926514,26.2999992370606,-3.90000009536743,1379,65.3166885375977,103
535,1,7.63749980926514,26.2999992370606,-3.90000009536743,1379,65.3166885375977,103
535,1,7.63749980926514,26.2999992370606,-3.90000009536743,1379,65.3166885375977,103
535,2,7.63749980926514,26.2999992370606,-3.90000009536743,1379,65.3166885375977,103
535,2,7.63749980926514,26.2999992370606,-3.90000009536743,1379,65.3166885375977,103
535,2,7.63749980926514,26.2999992370606,-3.90000009536743,1379,65.3166885375977,103
535,2,7.63749980926514,26.2999992370606,-3.90000009536743,1379,65.3166885375977,103
536,0,10.1541662216187,23.7999992370606,1.60000002384186,2072,70.5754318237305,121
536,0,10.1541662216187,23.7999992370606,1.60000002384186,2072,70.5754318237305,121
536,0,10.1541662216187,23.7999992370606,1.60000002384186,2072,70.5754318237305,121
536,0,10.1541662216187,23.7999992370606,1.60000002384186,2072,70.5754318237305,121
536,1,10.1541662216187,23.7999992370606,1.60000002384186,2072,70.5754318237305,121
536,1,10.1541662216187,23.7999992370606,1.60000002384186,2072,70.5754318237305,121
536,1,10.1541662216187,23.7999992370606,1.60000002384186,2072,70.5754318237305,121
536,1,10.1541662216187,23.7999992370606,1.60000002384186,2072,70.5754318237305,121
536,2,10.1541662216187,23.7999992370606,1.60000002384186,2072,70.5754318237305,121
536,2,10.1541662216187,23.7999992370606,1.60000002384186,2072,70.5754318237305,121
536,2,10.1541662216187,23.7999992370606,1.60000002384186,2072,70.5754318237305,121
536,2,10.1541662216187,23.7999992370606,1.60000002384186,2072,70.5754318237305,121
537,0,5.62083339691162,23.5,-5.5,1424,66.3599243164063,108
537,0,5.62083339691162,23.5,-5.5,1424,66.3599243164063,108
537,0,5.62083339691162,23.5,-5.5,1424,66.3599243164063,108
537,0,5.62083339691162,23.5,-5.5,1424,66.3599243164063,108
537,1,5.62083339691162,23.5,-5.5,1424,66.3599243164063,108
537,1,5.62083339691162,23.5,-5.5,1424,66.3599243164063,108
537,1,5.62083339691162,23.5,-5.5,1424,66.3599243164063,108
537,1,5.62083339691162,23.5,-5.5,1424,66.3599243164063,108
537,2,5.62083339691162,23.5,-5.5,1424,66.3599243164063,108
537,2,5.62083339691162,23.5,-5.5,1424,66.3599243164063,108
537,2,5.62083339691162,23.5,-5.5,1424,66.3599243164063,108
537,2,5.62083339691162,23.5,-5.5,1424,66.3599243164063,108
538,0,8.19583320617676,26.8999996185303,-3.09999990463257,1297,64.0811233520508,98
538,0,8.19583320617676,26.8999996185303,-3.09999990463257,1297,64.0811233520508,98
538,0,8.19583320617676,26.8999996185303,-3.09999990463257,1297,64.0811233520508,98
538,0,8.19583320617676,26.8999996185303,-3.09999990463257,1297,64.0811233520508,98
538,1,8.19583320617676,26.8999996185303,-3.09999990463257,1297,64.0811233520508,98
538,1,8.19583320617676,26.8999996185303,-3.09999990463257,1297,64.0811233520508,98
538,1,8.19583320617676,26.8999996185303,-3.09999990463257,1297,64.0811233520508,98
538,1,8.19583320617676,26.8999996185303,-3.09999990463257,1297,64.0811233520508,98
538,2,8.19583320617676,26.8999996185303,-3.09999990463257,1297,64.0811233520508,98
538,2,8.19583320617676,26.8999996185303,-3.09999990463257,1297,64.0811233520508,98
538,2,8.19583320617676,26.8999996185303,-3.09999990463257,1297,64.0811233520508,98
538,2,8.19583320617676,26.8999996185303,-3.09999990463257,1297,64.0811233520508,98
539,0,10.3625001907349,26.8999996185303,0.200000002980232,1632,62.2623901367188,120
539,0,10.3625001907349,26.8999996185303,0.200000002980232,1632,62.2623901367188,120
539,0,10.3625001907349,26.8999996185303,0.200000002980232,1632,62.2623901367188,120
539,0,10.3625001907349,26.8999996185303,0.200000002980232,1632,62.2623901367188,120
539,1,10.3625001907349,26.8999996185303,0.200000002980232,1632,62.2623901367188,120
539,1,10.3625001907349,26.8999996185303,0.200000002980232,1632,62.2623901367188,120
539,1,10.3625001907349,26.8999996185303,0.200000002980232,1632,62.2623901367188,120
539,1,10.3625001907349,26.8999996185303,0.200000002980232,1632,62.2623901367188,120
539,2,10.3625001907349,26.8999996185303,0.200000002980232,1632,62.2623901367188,120
539,2,10.3625001907349,26.8999996185303,0.200000002980232,1632,62.2623901367188,120
539,2,10.3625001907349,26.8999996185303,0.200000002980232,1632,62.2623901367188,120
539,2,10.3625001907349,26.8999996185303,0.200000002980232,1632,62.2623901367188,120
540,0,8.98750019073486,26.6000003814697,-1.29999995231628,1636,67.2562255859375,111
540,0,8.98750019073486,26.6000003814697,-1.29999995231628,1636,67.2562255859375,111
540,0,8.98750019073486,26.6000003814697,-1.29999995231628,1636,67.2562255859375,111
540,0,8.98750019073486,26.6000003814697,-1.29999995231628,1636,67.2562255859375,111
540,1,8.98750019073486,26.6000003814697,-1.29999995231628,1636,67.2562255859375,111
540,1,8.98750019073486,26.6000003814697,-1.29999995231628,1636,67.2562255859375,111
540,1,8.98750019073486,26.6000003814697,-1.29999995231628,1636,67.2562255859375,111
540,1,8.98750019073486,26.6000003814697,-1.29999995231628,1636,67.2562255859375,111
540,2,8.98750019073486,26.6000003814697,-1.29999995231628,1636,67.2562255859375,111
540,2,8.98750019073486,26.6000003814697,-1.29999995231628,1636,67.2562255859375,111
540,2,8.98750019073486,26.6000003814697,-1.29999995231628,1636,67.2562255859375,111
540,2,8.98750019073486,26.6000003814697,-1.29999995231628,1636,67.2562255859375,111
541,0,9.16666698455811,27.5,-1.89999997615814,1408,63.2427024841309,103
541,0,9.16666698455811,27.5,-1.89999997615814,1408,63.2427024841309,103
541,0,9.16666698455811,27.5,-1.89999997615814,1408,63.2427024841309,103
541,0,9.16666698455811,27.5,-1.89999997615814,1408,63.2427024841309,103
541,1,9.16666698455811,27.5,-1.89999997615814,1408,63.2427024841309,103
541,1,9.16666698455811,27.5,-1.89999997615814,1408,63.2427024841309,103
541,1,9.16666698455811,27.5,-1.89999997615814,1408,63.2427024841309,103
541,1,9.16666698455811,27.5,-1.89999997615814,1408,63.2427024841309,103
541,2,9.16666698455811,27.5,-1.89999997615814,1408,63.2427024841309,103
541,2,9.16666698455811,27.5,-1.89999997615814,1408,63.2427024841309,103
541,2,9.16666698455811,27.5,-1.89999997615814,1408,63.2427024841309,103
541,2,9.16666698455811,27.5,-1.89999997615814,1408,63.2427024841309,103
542,0,10.0249996185303,22.2999992370605,1.29999995231628,2314,70.9329528808594,135
542,0,10.0249996185303,22.2999992370605,1.29999995231628,2314,70.9329528808594,135
542,0,10.0249996185303,22.2999992370605,1.29999995231628,2314,70.9329528808594,135
542,0,10.0249996185303,22.2999992370605,1.29999995231628,2314,70.9329528808594,135
542,1,10.0249996185303,22.2999992370605,1.29999995231628,2314,70.9329528808594,135
542,1,10.0249996185303,22.2999992370605,1.29999995231628,2314,70.9329528808594,135
542,1,10.0249996185303,22.2999992370605,1.29999995231628,2314,70.9329528808594,135
542,1,10.0249996185303,22.2999992370605,1.29999995231628,2314,70.9329528808594,135
542,2,10.0249996185303,22.2999992370605,1.29999995231628,2314,70.9329528808594,135
542,2,10.0249996185303,22.2999992370605,1.29999995231628,2314,70.9329528808594,135
542,2,10.0249996185303,22.2999992370605,1.29999995231628,2314,70.9329528808594,135
542,2,10.0249996185303,22.2999992370605,1.29999995231628,2314,70.9329528808594,135
543,0,10.1708335876465,27,0,1519,63.2463874816895,110
543,0,10.1708335876465,27,0,1519,63.2463874816895,110
543,0,10.1708335876465,27,0,1519,63.2463874816895,110
543,0,10.1708335876465,27,0,1519,63.2463874816895,110
543,1,10.1708335876465,27,0,1519,63.2463874816895,110
543,1,10.1708335876465,27,0,1519,63.2463874816895,110
543,1,10.1708335876465,27,0,1519,63.2463874816895,110
543,1,10.1708335876465,27,0,1519,63.2463874816895,110
543,2,10.1708335876465,27,0,1519,63.2463874816895,110
543,2,10.1708335876465,27,0,1519,63.2463874816895,110
543,2,10.1708335876465,27,0,1519,63.2463874816895,110
543,2,10.1708335876465,27,0,1519,63.2463874816895,110
544,0,10.2416667938232,23.3999996185303,1.29999995231628,2172,70.6446685791016,127
544,0,10.2416667938232,23.3999996185303,1.29999995231628,2172,70.6446685791016,127
544,0,10.2416667938232,23.3999996185303,1.29999995231628,2172,70.6446685791016,127
544,0,10.2416667938232,23.3999996185303,1.29999995231628,2172,70.6446685791016,127
544,1,10.2416667938232,23.3999996185303,1.29999995231628,2172,70.6446685791016,127
544,1,10.2416667938232,23.3999996185303,1.29999995231628,2172,70.6446685791016,127
544,1,10.2416667938232,23.3999996185303,1.29999995231628,2172,70.6446685791016,127
544,1,10.2416667938232,23.3999996185303,1.29999995231628,2172,70.6446685791016,127
544,2,10.2416667938232,23.3999996185303,1.29999995231628,2172,70.6446685791016,127
544,2,10.2416667938232,23.3999996185303,1.29999995231628,2172,70.6446685791016,127
544,2,10.2416667938232,23.3999996185303,1.29999995231628,2172,70.6446685791016,127
544,2,10.2416667938232,23.3999996185303,1.29999995231628,2172,70.6446685791016,127
545,0,10.2124996185303,23.7000007629395,1.29999995231628,2184,71.8498458862305,124
545,0,10.2124996185303,23.7000007629395,1.29999995231628,2184,71.8498458862305,124
545,0,10.2124996185303,23.7000007629395,1.29999995231628,2184,71.8498458862305,124
545,0,10.2124996185303,23.7000007629395,1.29999995231628,2184,71.8498458862305,124
545,1,10.2124996185303,23.7000007629395,1.29999995231628,2184,71.8498458862305,124
545,1,10.2124996185303,23.7000007629395,1.29999995231628,2184,71.8498458862305,124
545,1,10.2124996185303,23.7000007629395,1.29999995231628,2184,71.8498458862305,124
545,1,10.2124996185303,23.7000007629395,1.29999995231628,2184,71.8498458862305,124
545,2,10.2124996185303,23.7000007629395,1.29999995231628,2184,71.8498458862305,124
545,2,10.2124996185303,23.7000007629395,1.29999995231628,2184,71.8498458862305,124
545,2,10.2124996185303,23.7000007629395,1.29999995231628,2184,71.8498458862305,124
545,2,10.2124996185303,23.7000007629395,1.29999995231628,2184,71.8498458862305,124
546,0,10.4375,22.6000003814697,1.70000004768372,2144,69.4399108886719,125
546,0,10.4375,22.6000003814697,1.70000004768372,2144,69.4399108886719,125
546,0,10.4375,22.6000003814697,1.70000004768372,2144,69.4399108886719,125
546,0,10.4375,22.6000003814697,1.70000004768372,2144,69.4399108886719,125
546,1,10.4375,22.6000003814697,1.70000004768372,2144,69.4399108886719,125
546,1,10.4375,22.6000003814697,1.70000004768372,2144,69.4399108886719,125
546,1,10.4375,22.6000003814697,1.70000004768372,2144,69.4399108886719,125
546,1,10.4375,22.6000003814697,1.70000004768372,2144,69.4399108886719,125
546,2,10.4375,22.6000003814697,1.70000004768372,2144,69.4399108886719,125
546,2,10.4375,22.6000003814697,1.70000004768372,2144,69.4399108886719,125
546,2,10.4375,22.6000003814697,1.70000004768372,2144,69.4399108886719,125
546,2,10.4375,22.6000003814697,1.70000004768372,2144,69.4399108886719,125
547,0,9.37916660308838,28.3999996185303,-2.20000004768372,1431,63.217700958252,103
547,0,9.37916660308838,28.3999996185303,-2.20000004768372,1431,63.217700958252,103
547,0,9.37916660308838,28.3999996185303,-2.20000004768372,1431,63.217700958252,103
547,0,9.37916660308838,28.3999996185303,-2.20000004768372,1431,63.217700958252,103
547,1,9.37916660308838,28.3999996185303,-2.20000004768372,1431,63.217700958252,103
547,1,9.37916660308838,28.3999996185303,-2.20000004768372,1431,63.217700958252,103
547,1,9.37916660308838,28.3999996185303,-2.20000004768372,1431,63.217700958252,103
547,1,9.37916660308838,28.3999996185303,-2.20000004768372,1431,63.217700958252,103
547,2,9.37916660308838,28.3999996185303,-2.20000004768372,1431,63.217700958252,103
547,2,9.37916660308838,28.3999996185303,-2.20000004768372,1431,63.217700958252,103
547,2,9.37916660308838,28.3999996185303,-2.20000004768372,1431,63.217700958252,103
547,2,9.37916660308838,28.3999996185303,-2.20000004768372,1431,63.217700958252,103
548,0,8.74583339691162,26.3999996185303,-1.60000002384186,1602,65.7473983764649,115
548,0,8.74583339691162,26.3999996185303,-1.60000002384186,1602,65.7473983764649,115
548,0,8.74583339691162,26.3999996185303,-1.60000002384186,1602,65.7473983764649,115
548,0,8.74583339691162,26.3999996185303,-1.60000002384186,1602,65.7473983764649,115
548,1,8.74583339691162,26.3999996185303,-1.60000002384186,1602,65.7473983764649,115
548,1,8.74583339691162,26.3999996185303,-1.60000002384186,1602,65.7473983764649,115
548,1,8.74583339691162,26.3999996185303,-1.60000002384186,1602,65.7473983764649,115
548,1,8.74583339691162,26.3999996185303,-1.60000002384186,1602,65.7473983764649,115
548,2,8.74583339691162,26.3999996185303,-1.60000002384186,1602,65.7473983764649,115
548,2,8.74583339691162,26.3999996185303,-1.60000002384186,1602,65.7473983764649,115
548,2,8.74583339691162,26.3999996185303,-1.60000002384186,1602,65.7473983764649,115
548,2,8.74583339691162,26.3999996185303,-1.60000002384186,1602,65.7473983764649,115
549,0,8.67916679382324,25.8999996185303,-1.29999995231628,1782,64.5857391357422,131
549,0,8.67916679382324,25.8999996185303,-1.29999995231628,1782,64.5857391357422,131
549,0,8.67916679382324,25.8999996185303,-1.29999995231628,1782,64.5857391357422,131
549,0,8.67916679382324,25.8999996185303,-1.29999995231628,1782,64.5857391357422,131
549,1,8.67916679382324,25.8999996185303,-1.29999995231628,1782,64.5857391357422,131
549,1,8.67916679382324,25.8999996185303,-1.29999995231628,1782,64.5857391357422,131
549,1,8.67916679382324,25.8999996185303,-1.29999995231628,1782,64.5857391357422,131
549,1,8.67916679382324,25.8999996185303,-1.29999995231628,1782,64.5857391357422,131
549,2,8.67916679382324,25.8999996185303,-1.29999995231628,1782,64.5857391357422,131
549,2,8.67916679382324,25.8999996185303,-1.29999995231628,1782,64.5857391357422,131
549,2,8.67916679382324,25.8999996185303,-1.29999995231628,1782,64.5857391357422,131
549,2,8.67916679382324,25.8999996185303,-1.29999995231628,1782,64.5857391357422,131
550,0,7.33333349227905,24.2000007629395,-2.40000009536743,1859,67.2202529907227,130
550,0,7.33333349227905,24.2000007629395,-2.40000009536743,1859,67.2202529907227,130
550,0,7.33333349227905,24.2000007629395,-2.40000009536743,1859,67.2202529907227,130
550,0,7.33333349227905,24.2000007629395,-2.40000009536743,1859,67.2202529907227,130
550,1,7.33333349227905,24.2000007629395,-2.40000009536743,1859,67.2202529907227,130
550,1,7.33333349227905,24.2000007629395,-2.40000009536743,1859,67.2202529907227,130
550,1,7.33333349227905,24.2000007629395,-2.40000009536743,1859,67.2202529907227,130
550,1,7.33333349227905,24.2000007629395,-2.40000009536743,1859,67.2202529907227,130
550,2,7.33333349227905,24.2000007629395,-2.40000009536743,1859,67.2202529907227,130
550,2,7.33333349227905,24.2000007629395,-2.40000009536743,1859,67.2202529907227,130
550,2,7.33333349227905,24.2000007629395,-2.40000009536743,1859,67.2202529907227,130
550,2,7.33333349227905,24.2000007629395,-2.40000009536743,1859,67.2202529907227,130
551,0,7.01249980926514,25.5,-4.40000009536743,1322,65.9280395507813,100
551,0,7.01249980926514,25.5,-4.40000009536743,1322,65.9280395507813,100
551,0,7.01249980926514,25.5,-4.40000009536743,1322,65.9280395507813,100
551,0,7.01249980926514,25.5,-4.40000009536743,1322,65.9280395507813,100
551,1,7.01249980926514,25.5,-4.40000009536743,1322,65.9280395507813,100
551,1,7.01249980926514,25.5,-4.40000009536743,1322,65.9280395507813,100
551,1,7.01249980926514,25.5,-4.40000009536743,1322,65.9280395507813,100
551,1,7.01249980926514,25.5,-4.40000009536743,1322,65.9280395507813,100
551,2,7.01249980926514,25.5,-4.40000009536743,1322,65.9280395507813,100
551,2,7.01249980926514,25.5,-4.40000009536743,1322,65.9280395507813,100
551,2,7.01249980926514,25.5,-4.40000009536743,1322,65.9280395507813,100
551,2,7.01249980926514,25.5,-4.40000009536743,1322,65.9280395507813,100
552,0,9.875,22.5,1.20000004768372,2349,70.8324890136719,137
552,0,9.875,22.5,1.20000004768372,2349,70.8324890136719,137
552,0,9.875,22.5,1.20000004768372,2349,70.8324890136719,137
552,0,9.875,22.5,1.20000004768372,2349,70.8324890136719,137
552,1,9.875,22.5,1.20000004768372,2349,70.8324890136719,137
552,1,9.875,22.5,1.20000004768372,2349,70.8324890136719,137
552,1,9.875,22.5,1.20000004768372,2349,70.8324890136719,137
552,1,9.875,22.5,1.20000004768372,2349,70.8324890136719,137
552,2,9.875,22.5,1.20000004768372,2349,70.8324890136719,137
552,2,9.875,22.5,1.20000004768372,2349,70.8324890136719,137
552,2,9.875,22.5,1.20000004768372,2349,70.8324890136719,137
552,2,9.875,22.5,1.20000004768372,2349,70.8324890136719,137
553,0,6.0125002861023,24.2000007629395,-5.40000009536743,1365,66.1371841430664,105
553,0,6.0125002861023,24.2000007629395,-5.40000009536743,1365,66.1371841430664,105
553,0,6.0125002861023,24.2000007629395,-5.40000009536743,1365,66.1371841430664,105
553,0,6.0125002861023,24.2000007629395,-5.40000009536743,1365,66.1371841430664,105
553,1,6.0125002861023,24.2000007629395,-5.40000009536743,1365,66.1371841430664,105
553,1,6.0125002861023,24.2000007629395,-5.40000009536743,1365,66.1371841430664,105
553,1,6.0125002861023,24.2000007629395,-5.40000009536743,1365,66.1371841430664,105
553,1,6.0125002861023,24.2000007629395,-5.40000009536743,1365,66.1371841430664,105
553,2,6.0125002861023,24.2000007629395,-5.40000009536743,1365,66.1371841430664,105
553,2,6.0125002861023,24.2000007629395,-5.40000009536743,1365,66.1371841430664,105
553,2,6.0125002861023,24.2000007629395,-5.40000009536743,1365,66.1371841430664,105
553,2,6.0125002861023,24.2000007629395,-5.40000009536743,1365,66.1371841430664,105
554,0,8.07083320617676,25.3999996185303,-2,1743,65.6300964355469,126
554,0,8.07083320617676,25.3999996185303,-2,1743,65.6300964355469,126
554,0,8.07083320617676,25.3999996185303,-2,1743,65.6300964355469,126
554,0,8.07083320617676,25.3999996185303,-2,1743,65.6300964355469,126
554,1,8.07083320617676,25.3999996185303,-2,1743,65.6300964355469,126
554,1,8.07083320617676,25.3999996185303,-2,1743,65.6300964355469,126
554,1,8.07083320617676,25.3999996185303,-2,1743,65.6300964355469,126
554,1,8.07083320617676,25.3999996185303,-2,1743,65.6300964355469,126
554,2,8.07083320617676,25.3999996185303,-2,1743,65.6300964355469,126
554,2,8.07083320617676,25.3999996185303,-2,1743,65.6300964355469,126
554,2,8.07083320617676,25.3999996185303,-2,1743,65.6300964355469,126
554,2,8.07083320617676,25.3999996185303,-2,1743,65.6300964355469,126
555,0,8.74166679382324,25.7999992370605,-1.20000004768372,1742,65.2936782836914,125
555,0,8.74166679382324,25.7999992370605,-1.20000004768372,1742,65.2936782836914,125
555,0,8.74166679382324,25.7999992370605,-1.20000004768372,1742,65.2936782836914,125
555,0,8.74166679382324,25.7999992370605,-1.20000004768372,1742,65.2936782836914,125
555,1,8.74166679382324,25.7999992370605,-1.20000004768372,1742,65.2936782836914,125
555,1,8.74166679382324,25.7999992370605,-1.20000004768372,1742,65.2936782836914,125
555,1,8.74166679382324,25.7999992370605,-1.20000004768372,1742,65.2936782836914,125
555,1,8.74166679382324,25.7999992370605,-1.20000004768372,1742,65.2936782836914,125
555,2,8.74166679382324,25.7999992370605,-1.20000004768372,1742,65.2936782836914,125
555,2,8.74166679382324,25.7999992370605,-1.20000004768372,1742,65.2936782836914,125
555,2,8.74166679382324,25.7999992370605,-1.20000004768372,1742,65.2936782836914,125
555,2,8.74166679382324,25.7999992370605,-1.20000004768372,1742,65.2936782836914,125
556,0,9.33749961853027,26.2999992370606,-0.600000023841858,1707,65.0473327636719,121
556,0,9.33749961853027,26.2999992370606,-0.600000023841858,1707,65.0473327636719,121
556,0,9.33749961853027,26.2999992370606,-0.600000023841858,1707,65.0473327636719,121
556,0,9.33749961853027,26.2999992370606,-0.600000023841858,1707,65.0473327636719,121
556,1,9.33749961853027,26.2999992370606,-0.600000023841858,1707,65.0473327636719,121
556,1,9.33749961853027,26.2999992370606,-0.600000023841858,1707,65.0473327636719,121
556,1,9.33749961853027,26.2999992370606,-0.600000023841858,1707,65.0473327636719,121
556,1,9.33749961853027,26.2999992370606,-0.600000023841858,1707,65.0473327636719,121
556,2,9.33749961853027,26.2999992370606,-0.600000023841858,1707,65.0473327636719,121
556,2,9.33749961853027,26.2999992370606,-0.600000023841858,1707,65.0473327636719,121
556,2,9.33749961853027,26.2999992370606,-0.600000023841858,1707,65.0473327636719,121
556,2,9.33749961853027,26.2999992370606,-0.600000023841858,1707,65.0473327636719,121
557,0,8.71249961853027,25.3999996185303,-1,1894,65.233642578125,136
557,0,8.71249961853027,25.3999996185303,-1,1894,65.233642578125,136
557,0,8.71249961853027,25.3999996185303,-1,1894,65.233642578125,136
557,0,8.71249961853027,25.3999996185303,-1,1894,65.233642578125,136
557,1,8.71249961853027,25.3999996185303,-1,1894,65.233642578125,136
557,1,8.71249961853027,25.3999996185303,-1,1894,65.233642578125,136
557,1,8.71249961853027,25.3999996185303,-1,1894,65.233642578125,136
557,1,8.71249961853027,25.3999996185303,-1,1894,65.233642578125,136
557,2,8.71249961853027,25.3999996185303,-1,1894,65.233642578125,136
557,2,8.71249961853027,25.3999996185303,-1,1894,65.233642578125,136
557,2,8.71249961853027,25.3999996185303,-1,1894,65.233642578125,136
557,2,8.71249961853027,25.3999996185303,-1,1894,65.233642578125,136
558,0,4.80833339691162,23.2999992370605,-6.90000009536743,1424,68.0974197387695,102
558,0,4.80833339691162,23.2999992370605,-6.90000009536743,1424,68.0974197387695,102
558,0,4.80833339691162,23.2999992370605,-6.90000009536743,1424,68.0974197387695,102
558,0,4.80833339691162,23.2999992370605,-6.90000009536743,1424,68.0974197387695,102
558,1,4.80833339691162,23.2999992370605,-6.90000009536743,1424,68.0974197387695,102
558,1,4.80833339691162,23.2999992370605,-6.90000009536743,1424,68.0974197387695,102
558,1,4.80833339691162,23.2999992370605,-6.90000009536743,1424,68.0974197387695,102
558,1,4.80833339691162,23.2999992370605,-6.90000009536743,1424,68.0974197387695,102
558,2,4.80833339691162,23.2999992370605,-6.90000009536743,1424,68.0974197387695,102
558,2,4.80833339691162,23.2999992370605,-6.90000009536743,1424,68.0974197387695,102
558,2,4.80833339691162,23.2999992370605,-6.90000009536743,1424,68.0974197387695,102
558,2,4.80833339691162,23.2999992370605,-6.90000009536743,1424,68.0974197387695,102
559,0,8.04583358764648,26.2000007629395,-2.70000004768372,1481,67.1106414794922,106
559,0,8.04583358764648,26.2000007629395,-2.70000004768372,1481,67.1106414794922,106
559,0,8.04583358764648,26.2000007629395,-2.70000004768372,1481,67.1106414794922,106
559,0,8.04583358764648,26.2000007629395,-2.70000004768372,1481,67.1106414794922,106
559,1,8.04583358764648,26.2000007629395,-2.70000004768372,1481,67.1106414794922,106
559,1,8.04583358764648,26.2000007629395,-2.70000004768372,1481,67.1106414794922,106
559,1,8.04583358764648,26.2000007629395,-2.70000004768372,1481,67.1106414794922,106
559,1,8.04583358764648,26.2000007629395,-2.70000004768372,1481,67.1106414794922,106
559,2,8.04583358764648,26.2000007629395,-2.70000004768372,1481,67.1106414794922,106
559,2,8.04583358764648,26.2000007629395,-2.70000004768372,1481,67.1106414794922,106
559,2,8.04583358764648,26.2000007629395,-2.70000004768372,1481,67.1106414794922,106
559,2,8.04583358764648,26.2000007629395,-2.70000004768372,1481,67.1106414794922,106
560,0,7.75833320617676,24.5,-1.89999997615814,1893,67.0655059814453,131
560,0,7.75833320617676,24.5,-1.89999997615814,1893,67.0655059814453,131
560,0,7.75833320617676,24.5,-1.89999997615814,1893,67.0655059814453,131
560,0,7.75833320617676,24.5,-1.89999997615814,1893,67.0655059814453,131
560,1,7.75833320617676,24.5,-1.89999997615814,1893,67.0655059814453,131
560,1,7.75833320617676,24.5,-1.89999997615814,1893,67.0655059814453,131
560,1,7.75833320617676,24.5,-1.89999997615814,1893,67.0655059814453,131
560,1,7.75833320617676,24.5,-1.89999997615814,1893,67.0655059814453,131
560,2,7.75833320617676,24.5,-1.89999997615814,1893,67.0655059814453,131
560,2,7.75833320617676,24.5,-1.89999997615814,1893,67.0655059814453,131
560,2,7.75833320617676,24.5,-1.89999997615814,1893,67.0655059814453,131
560,2,7.75833320617676,24.5,-1.89999997615814,1893,67.0655059814453,131
561,0,10.0625,28.3999996185303,-1.20000004768372,1388,62.7269020080566,104
561,0,10.0625,28.3999996185303,-1.20000004768372,1388,62.7269020080566,104
561,0,10.0625,28.3999996185303,-1.20000004768372,1388,62.7269020080566,104
561,0,10.0625,28.3999996185303,-1.20000004768372,1388,62.7269020080566,104
561,1,10.0625,28.3999996185303,-1.20000004768372,1388,62.7269020080566,104
561,1,10.0625,28.3999996185303,-1.20000004768372,1388,62.7269020080566,104
561,1,10.0625,28.3999996185303,-1.20000004768372,1388,62.7269020080566,104
561,1,10.0625,28.3999996185303,-1.20000004768372,1388,62.7269020080566,104
561,2,10.0625,28.3999996185303,-1.20000004768372,1388,62.7269020080566,104
561,2,10.0625,28.3999996185303,-1.20000004768372,1388,62.7269020080566,104
561,2,10.0625,28.3999996185303,-1.20000004768372,1388,62.7269020080566,104
561,2,10.0625,28.3999996185303,-1.20000004768372,1388,62.7269020080566,104
330,0,9.86666679382324,24.2000007629395,0.899999976158142,2205,71.3356552124024,130
330,0,9.86666679382324,24.2000007629395,0.899999976158142,2205,71.3356552124024,130
330,0,9.86666679382324,24.2000007629395,0.899999976158142,2205,71.3356552124024,130
330,0,9.86666679382324,24.2000007629395,0.899999976158142,2205,71.3356552124024,130
330,1,9.86666679382324,24.2000007629395,0.899999976158142,2205,71.3356552124024,130
330,1,9.86666679382324,24.2000007629395,0.899999976158142,2205,71.3356552124024,130
330,1,9.86666679382324,24.2000007629395,0.899999976158142,2205,71.3356552124024,130
330,1,9.86666679382324,24.2000007629395,0.899999976158142,2205,71.3356552124024,130
330,2,9.86666679382324,24.2000007629395,0.899999976158142,2205,71.3356552124024,130
330,2,9.86666679382324,24.2000007629395,0.899999976158142,2205,71.3356552124024,130
330,2,9.86666679382324,24.2000007629395,0.899999976158142,2205,71.3356552124024,130
330,2,9.86666679382324,24.2000007629395,0.899999976158142,2205,71.3356552124024,130
331,0,10.658332824707,23.7999992370606,1.60000002384186,2182,72.8358840942383,121
331,0,10.658332824707,23.7999992370606,1.60000002384186,2182,72.8358840942383,121
331,0,10.658332824707,23.7999992370606,1.60000002384186,2182,72.8358840942383,121
331,0,10.658332824707,23.7999992370606,1.60000002384186,2182,72.8358840942383,121
331,1,10.658332824707,23.7999992370606,1.60000002384186,2182,72.8358840942383,121
331,1,10.658332824707,23.7999992370606,1.60000002384186,2182,72.8358840942383,121
331,1,10.658332824707,23.7999992370606,1.60000002384186,2182,72.8358840942383,121
331,1,10.658332824707,23.7999992370606,1.60000002384186,2182,72.8358840942383,121
331,2,10.658332824707,23.7999992370606,1.60000002384186,2182,72.8358840942383,121
331,2,10.658332824707,23.7999992370606,1.60000002384186,2182,72.8358840942383,121
331,2,10.658332824707,23.7999992370606,1.60000002384186,2182,72.8358840942383,121
331,2,10.658332824707,23.7999992370606,1.60000002384186,2182,72.8358840942383,121
332,0,9.64583301544189,23.7999992370606,0.800000011920929,2331,71.332878112793,139
332,0,9.64583301544189,23.7999992370606,0.800000011920929,2331,71.332878112793,139
332,0,9.64583301544189,23.7999992370606,0.800000011920929,2331,71.332878112793,139
332,0,9.64583301544189,23.7999992370606,0.800000011920929,2331,71.332878112793,139
332,1,9.64583301544189,23.7999992370606,0.800000011920929,2331,71.332878112793,139
332,1,9.64583301544189,23.7999992370606,0.800000011920929,2331,71.332878112793,139
332,1,9.64583301544189,23.7999992370606,0.800000011920929,2331,71.332878112793,139
332,1,9.64583301544189,23.7999992370606,0.800000011920929,2331,71.332878112793,139
332,2,9.64583301544189,23.7999992370606,0.800000011920929,2331,71.332878112793,139
332,2,9.64583301544189,23.7999992370606,0.800000011920929,2331,71.332878112793,139
332,2,9.64583301544189,23.7999992370606,0.800000011920929,2331,71.332878112793,139
332,2,9.64583301544189,23.7999992370606,0.800000011920929,2331,71.332878112793,139
333,0,10.2250003814697,25.5,0.600000023841858,2033,70.9552383422852,123
333,0,10.2250003814697,25.5,0.600000023841858,2033,70.9552383422852,123
333,0,10.2250003814697,25.5,0.600000023841858,2033,70.9552383422852,123
333,0,10.2250003814697,25.5,0.600000023841858,2033,70.9552383422852,123
333,1,10.2250003814697,25.5,0.600000023841858,2033,70.9552383422852,123
333,1,10.2250003814697,25.5,0.600000023841858,2033,70.9552383422852,123
333,1,10.2250003814697,25.5,0.600000023841858,2033,70.9552383422852,123
333,1,10.2250003814697,25.5,0.600000023841858,2033,70.9552383422852,123
333,2,10.2250003814697,25.5,0.600000023841858,2033,70.9552383422852,123
333,2,10.2250003814697,25.5,0.600000023841858,2033,70.9552383422852,123
333,2,10.2250003814697,25.5,0.600000023841858,2033,70.9552383422852,123
333,2,10.2250003814697,25.5,0.600000023841858,2033,70.9552383422852,123
562,0,10.4166669845581,22.2000007629395,1.70000004768372,2181,70.1125564575195,131
562,0,10.4166669845581,22.2000007629395,1.70000004768372,2181,70.1125564575195,131
562,0,10.4166669845581,22.2000007629395,1.70000004768372,2181,70.1125564575195,131
562,0,10.4166669845581,22.2000007629395,1.70000004768372,2181,70.1125564575195,131
562,1,10.4166669845581,22.2000007629395,1.70000004768372,2181,70.1125564575195,131
562,1,10.4166669845581,22.2000007629395,1.70000004768372,2181,70.1125564575195,131
562,1,10.4166669845581,22.2000007629395,1.70000004768372,2181,70.1125564575195,131
562,1,10.4166669845581,22.2000007629395,1.70000004768372,2181,70.1125564575195,131
562,2,10.4166669845581,22.2000007629395,1.70000004768372,2181,70.1125564575195,131
562,2,10.4166669845581,22.2000007629395,1.70000004768372,2181,70.1125564575195,131
562,2,10.4166669845581,22.2000007629395,1.70000004768372,2181,70.1125564575195,131
562,2,10.4166669845581,22.2000007629395,1.70000004768372,2181,70.1125564575195,131
563,0,10.1708335876465,22.3999996185303,1.39999997615814,2431,70.0128555297852,152
563,0,10.1708335876465,22.3999996185303,1.39999997615814,2431,70.0128555297852,152
563,0,10.1708335876465,22.3999996185303,1.39999997615814,2431,70.0128555297852,152
563,0,10.1708335876465,22.3999996185303,1.39999997615814,2431,70.0128555297852,152
563,1,10.1708335876465,22.3999996185303,1.39999997615814,2431,70.0128555297852,152
563,1,10.1708335876465,22.3999996185303,1.39999997615814,2431,70.0128555297852,152
563,1,10.1708335876465,22.3999996185303,1.39999997615814,2431,70.0128555297852,152
563,1,10.1708335876465,22.3999996185303,1.39999997615814,2431,70.0128555297852,152
563,2,10.1708335876465,22.3999996185303,1.39999997615814,2431,70.0128555297852,152
563,2,10.1708335876465,22.3999996185303,1.39999997615814,2431,70.0128555297852,152
563,2,10.1708335876465,22.3999996185303,1.39999997615814,2431,70.0128555297852,152
563,2,10.1708335876465,22.3999996185303,1.39999997615814,2431,70.0128555297852,152
564,0,8.79166698455811,20.6000003814697,1.29999995231628,2909,69.2714080810547,182
564,0,8.79166698455811,20.6000003814697,1.29999995231628,2909,69.2714080810547,182
564,0,8.79166698455811,20.6000003814697,1.29999995231628,2909,69.2714080810547,182
564,0,8.79166698455811,20.6000003814697,1.29999995231628,2909,69.2714080810547,182
564,1,8.79166698455811,20.6000003814697,1.29999995231628,2909,69.2714080810547,182
564,1,8.79166698455811,20.6000003814697,1.29999995231628,2909,69.2714080810547,182
564,1,8.79166698455811,20.6000003814697,1.29999995231628,2909,69.2714080810547,182
564,1,8.79166698455811,20.6000003814697,1.29999995231628,2909,69.2714080810547,182
564,2,8.79166698455811,20.6000003814697,1.29999995231628,2909,69.2714080810547,182
564,2,8.79166698455811,20.6000003814697,1.29999995231628,2909,69.2714080810547,182
564,2,8.79166698455811,20.6000003814697,1.29999995231628,2909,69.2714080810547,182
564,2,8.79166698455811,20.6000003814697,1.29999995231628,2909,69.2714080810547,182
565,0,10.4541664123535,22.5,1.79999995231628,2261,71.2828063964844,130
565,0,10.4541664123535,22.5,1.79999995231628,2261,71.2828063964844,130
565,0,10.4541664123535,22.5,1.79999995231628,2261,71.2828063964844,130
565,0,10.4541664123535,22.5,1.79999995231628,2261,71.2828063964844,130
565,1,10.4541664123535,22.5,1.79999995231628,2261,71.2828063964844,130
565,1,10.4541664123535,22.5,1.79999995231628,2261,71.2828063964844,130
565,1,10.4541664123535,22.5,1.79999995231628,2261,71.2828063964844,130
565,1,10.4541664123535,22.5,1.79999995231628,2261,71.2828063964844,130
565,2,10.4541664123535,22.5,1.79999995231628,2261,71.2828063964844,130
565,2,10.4541664123535,22.5,1.79999995231628,2261,71.2828063964844,130
565,2,10.4541664123535,22.5,1.79999995231628,2261,71.2828063964844,130
565,2,10.4541664123535,22.5,1.79999995231628,2261,71.2828063964844,130
566,0,10.5333337783813,20.6000003814697,2.59999990463257,2092,68.1063919067383,129
566,0,10.5333337783813,20.6000003814697,2.59999990463257,2092,68.1063919067383,129
566,0,10.5333337783813,20.6000003814697,2.59999990463257,2092,68.1063919067383,129
566,0,10.5333337783813,20.6000003814697,2.59999990463257,2092,68.1063919067383,129
566,1,10.5333337783813,20.6000003814697,2.59999990463257,2092,68.1063919067383,129
566,1,10.5333337783813,20.6000003814697,2.59999990463257,2092,68.1063919067383,129
566,1,10.5333337783813,20.6000003814697,2.59999990463257,2092,68.1063919067383,129
566,1,10.5333337783813,20.6000003814697,2.59999990463257,2092,68.1063919067383,129
566,2,10.5333337783813,20.6000003814697,2.59999990463257,2092,68.1063919067383,129
566,2,10.5333337783813,20.6000003814697,2.59999990463257,2092,68.1063919067383,129
566,2,10.5333337783813,20.6000003814697,2.59999990463257,2092,68.1063919067383,129
566,2,10.5333337783813,20.6000003814697,2.59999990463257,2092,68.1063919067383,129
567,0,9.31666660308838,21.6000003814697,1,2969,69.1255416870117,189
567,0,9.31666660308838,21.6000003814697,1,2969,69.1255416870117,189
567,0,9.31666660308838,21.6000003814697,1,2969,69.1255416870117,189
567,0,9.31666660308838,21.6000003814697,1,2969,69.1255416870117,189
567,1,9.31666660308838,21.6000003814697,1,2969,69.1255416870117,189
567,1,9.31666660308838,21.6000003814697,1,2969,69.1255416870117,189
567,1,9.31666660308838,21.6000003814697,1,2969,69.1255416870117,189
567,1,9.31666660308838,21.6000003814697,1,2969,69.1255416870117,189
567,2,9.31666660308838,21.6000003814697,1,2969,69.1255416870117,189
567,2,9.31666660308838,21.6000003814697,1,2969,69.1255416870117,189
567,2,9.31666660308838,21.6000003814697,1,2969,69.1255416870117,189
567,2,9.31666660308838,21.6000003814697,1,2969,69.1255416870117,189
568,0,10.2041664123535,22.6000003814697,1.29999995231628,2294,71.5023803710938,131
568,0,10.2041664123535,22.6000003814697,1.29999995231628,2294,71.5023803710938,131
568,0,10.2041664123535,22.6000003814697,1.29999995231628,2294,71.5023803710938,131
568,0,10.2041664123535,22.6000003814697,1.29999995231628,2294,71.5023803710938,131
568,1,10.2041664123535,22.6000003814697,1.29999995231628,2294,71.5023803710938,131
568,1,10.2041664123535,22.6000003814697,1.29999995231628,2294,71.5023803710938,131
568,1,10.2041664123535,22.6000003814697,1.29999995231628,2294,71.5023803710938,131
568,1,10.2041664123535,22.6000003814697,1.29999995231628,2294,71.5023803710938,131
568,2,10.2041664123535,22.6000003814697,1.29999995231628,2294,71.5023803710938,131
568,2,10.2041664123535,22.6000003814697,1.29999995231628,2294,71.5023803710938,131
568,2,10.2041664123535,22.6000003814697,1.29999995231628,2294,71.5023803710938,131
568,2,10.2041664123535,22.6000003814697,1.29999995231628,2294,71.5023803710938,131
569,0,10.4708337783813,19.8999996185303,2.90000009536743,2039,67.9653091430664,126
569,0,10.4708337783813,19.8999996185303,2.90000009536743,2039,67.9653091430664,126
569,0,10.4708337783813,19.8999996185303,2.90000009536743,2039,67.9653091430664,126
569,0,10.4708337783813,19.8999996185303,2.90000009536743,2039,67.9653091430664,126
569,1,10.4708337783813,19.8999996185303,2.90000009536743,2039,67.9653091430664,126
569,1,10.4708337783813,19.8999996185303,2.90000009536743,2039,67.9653091430664,126
569,1,10.4708337783813,19.8999996185303,2.90000009536743,2039,67.9653091430664,126
569,1,10.4708337783813,19.8999996185303,2.90000009536743,2039,67.9653091430664,126
569,2,10.4708337783813,19.8999996185303,2.90000009536743,2039,67.9653091430664,126
569,2,10.4708337783813,19.8999996185303,2.90000009536743,2039,67.9653091430664,126
569,2,10.4708337783813,19.8999996185303,2.90000009536743,2039,67.9653091430664,126
569,2,10.4708337783813,19.8999996185303,2.90000009536743,2039,67.9653091430664,126
570,0,9.17916679382324,21.1000003814697,1.39999997615814,2789,69.7664566040039,171
570,0,9.17916679382324,21.1000003814697,1.39999997615814,2789,69.7664566040039,171
570,0,9.17916679382324,21.1000003814697,1.39999997615814,2789,69.7664566040039,171
570,0,9.17916679382324,21.1000003814697,1.39999997615814,2789,69.7664566040039,171
570,1,9.17916679382324,21.1000003814697,1.39999997615814,2789,69.7664566040039,171
570,1,9.17916679382324,21.1000003814697,1.39999997615814,2789,69.7664566040039,171
570,1,9.17916679382324,21.1000003814697,1.39999997615814,2789,69.7664566040039,171
570,1,9.17916679382324,21.1000003814697,1.39999997615814,2789,69.7664566040039,171
570,2,9.17916679382324,21.1000003814697,1.39999997615814,2789,69.7664566040039,171
570,2,9.17916679382324,21.1000003814697,1.39999997615814,2789,69.7664566040039,171
570,2,9.17916679382324,21.1000003814697,1.39999997615814,2789,69.7664566040039,171
570,2,9.17916679382324,21.1000003814697,1.39999997615814,2789,69.7664566040039,171
571,0,10.5166664123535,22.6000003814697,1.5,2165,71.3269271850586,121
571,0,10.5166664123535,22.6000003814697,1.5,2165,71.3269271850586,121
571,0,10.5166664123535,22.6000003814697,1.5,2165,71.3269271850586,121
571,0,10.5166664123535,22.6000003814697,1.5,2165,71.3269271850586,121
571,1,10.5166664123535,22.6000003814697,1.5,2165,71.3269271850586,121
571,1,10.5166664123535,22.6000003814697,1.5,2165,71.3269271850586,121
571,1,10.5166664123535,22.6000003814697,1.5,2165,71.3269271850586,121
571,1,10.5166664123535,22.6000003814697,1.5,2165,71.3269271850586,121
571,2,10.5166664123535,22.6000003814697,1.5,2165,71.3269271850586,121
571,2,10.5166664123535,22.6000003814697,1.5,2165,71.3269271850586,121
571,2,10.5166664123535,22.6000003814697,1.5,2165,71.3269271850586,121
571,2,10.5166664123535,22.6000003814697,1.5,2165,71.3269271850586,121
572,0,10.5666666030884,21.5,2.20000004768372,2140,65.8500747680664,144
572,0,10.5666666030884,21.5,2.20000004768372,2140,65.8500747680664,144
572,0,10.5666666030884,21.5,2.20000004768372,2140,65.8500747680664,144
572,0,10.5666666030884,21.5,2.20000004768372,2140,65.8500747680664,144
572,1,10.5666666030884,21.5,2.20000004768372,2140,65.8500747680664,144
572,1,10.5666666030884,21.5,2.20000004768372,2140,65.8500747680664,144
572,1,10.5666666030884,21.5,2.20000004768372,2140,65.8500747680664,144
572,1,10.5666666030884,21.5,2.20000004768372,2140,65.8500747680664,144
572,2,10.5666666030884,21.5,2.20000004768372,2140,65.8500747680664,144
572,2,10.5666666030884,21.5,2.20000004768372,2140,65.8500747680664,144
572,2,10.5666666030884,21.5,2.20000004768372,2140,65.8500747680664,144
572,2,10.5666666030884,21.5,2.20000004768372,2140,65.8500747680664,144
573,0,9.97083282470703,20.7000007629395,2.20000004768372,2616,65.7303619384766,182
573,0,9.97083282470703,20.7000007629395,2.20000004768372,2616,65.7303619384766,182
573,0,9.97083282470703,20.7000007629395,2.20000004768372,2616,65.7303619384766,182
573,0,9.97083282470703,20.7000007629395,2.20000004768372,2616,65.7303619384766,182
573,1,9.97083282470703,20.7000007629395,2.20000004768372,2616,65.7303619384766,182
573,1,9.97083282470703,20.7000007629395,2.20000004768372,2616,65.7303619384766,182
573,1,9.97083282470703,20.7000007629395,2.20000004768372,2616,65.7303619384766,182
573,1,9.97083282470703,20.7000007629395,2.20000004768372,2616,65.7303619384766,182
573,2,9.97083282470703,20.7000007629395,2.20000004768372,2616,65.7303619384766,182
573,2,9.97083282470703,20.7000007629395,2.20000004768372,2616,65.7303619384766,182
573,2,9.97083282470703,20.7000007629395,2.20000004768372,2616,65.7303619384766,182
573,2,9.97083282470703,20.7000007629395,2.20000004768372,2616,65.7303619384766,182
574,0,8.60000038146973,23.8999996185303,-0.600000023841858,2296,63.0216102600098,167
574,0,8.60000038146973,23.8999996185303,-0.600000023841858,2296,63.0216102600098,167
574,0,8.60000038146973,23.8999996185303,-0.600000023841858,2296,63.0216102600098,167
574,0,8.60000038146973,23.8999996185303,-0.600000023841858,2296,63.0216102600098,167
574,1,8.60000038146973,23.8999996185303,-0.600000023841858,2296,63.0216102600098,167
574,1,8.60000038146973,23.8999996185303,-0.600000023841858,2296,63.0216102600098,167
574,1,8.60000038146973,23.8999996185303,-0.600000023841858,2296,63.0216102600098,167
574,1,8.60000038146973,23.8999996185303,-0.600000023841858,2296,63.0216102600098,167
574,2,8.60000038146973,23.8999996185303,-0.600000023841858,2296,63.0216102600098,167
574,2,8.60000038146973,23.8999996185303,-0.600000023841858,2296,63.0216102600098,167
574,2,8.60000038146973,23.8999996185303,-0.600000023841858,2296,63.0216102600098,167
574,2,8.60000038146973,23.8999996185303,-0.600000023841858,2296,63.0216102600098,167
575,0,7.875,24.8999996185303,-2.5,1952,66.385856628418,140
575,0,7.875,24.8999996185303,-2.5,1952,66.385856628418,140
575,0,7.875,24.8999996185303,-2.5,1952,66.385856628418,140
575,0,7.875,24.8999996185303,-2.5,1952,66.385856628418,140
575,1,7.875,24.8999996185303,-2.5,1952,66.385856628418,140
575,1,7.875,24.8999996185303,-2.5,1952,66.385856628418,140
575,1,7.875,24.8999996185303,-2.5,1952,66.385856628418,140
575,1,7.875,24.8999996185303,-2.5,1952,66.385856628418,140
575,2,7.875,24.8999996185303,-2.5,1952,66.385856628418,140
575,2,7.875,24.8999996185303,-2.5,1952,66.385856628418,140
575,2,7.875,24.8999996185303,-2.5,1952,66.385856628418,140
575,2,7.875,24.8999996185303,-2.5,1952,66.385856628418,140
576,0,7.65833330154419,23.7999992370606,-1.70000004768372,2151,65.3680191040039,158
576,0,7.65833330154419,23.7999992370606,-1.70000004768372,2151,65.3680191040039,158
576,0,7.65833330154419,23.7999992370606,-1.70000004768372,2151,65.3680191040039,158
576,0,7.65833330154419,23.7999992370606,-1.70000004768372,2151,65.3680191040039,158
576,1,7.65833330154419,23.7999992370606,-1.70000004768372,2151,65.3680191040039,158
576,1,7.65833330154419,23.7999992370606,-1.70000004768372,2151,65.3680191040039,158
576,1,7.65833330154419,23.7999992370606,-1.70000004768372,2151,65.3680191040039,158
576,1,7.65833330154419,23.7999992370606,-1.70000004768372,2151,65.3680191040039,158
576,2,7.65833330154419,23.7999992370606,-1.70000004768372,2151,65.3680191040039,158
576,2,7.65833330154419,23.7999992370606,-1.70000004768372,2151,65.3680191040039,158
576,2,7.65833330154419,23.7999992370606,-1.70000004768372,2151,65.3680191040039,158
576,2,7.65833330154419,23.7999992370606,-1.70000004768372,2151,65.3680191040039,158
577,0,10.4916667938232,26.7000007629395,0.200000002980232,1712,58.4915237426758,126
577,0,10.4916667938232,26.7000007629395,0.200000002980232,1712,58.4915237426758,126
577,0,10.4916667938232,26.7000007629395,0.200000002980232,1712,58.4915237426758,126
577,0,10.4916667938232,26.7000007629395,0.200000002980232,1712,58.4915237426758,126
577,1,10.4916667938232,26.7000007629395,0.200000002980232,1712,58.4915237426758,126
577,1,10.4916667938232,26.7000007629395,0.200000002980232,1712,58.4915237426758,126
577,1,10.4916667938232,26.7000007629395,0.200000002980232,1712,58.4915237426758,126
577,1,10.4916667938232,26.7000007629395,0.200000002980232,1712,58.4915237426758,126
577,2,10.4916667938232,26.7000007629395,0.200000002980232,1712,58.4915237426758,126
577,2,10.4916667938232,26.7000007629395,0.200000002980232,1712,58.4915237426758,126
577,2,10.4916667938232,26.7000007629395,0.200000002980232,1712,58.4915237426758,126
577,2,10.4916667938232,26.7000007629395,0.200000002980232,1712,58.4915237426758,126
578,0,8.74583339691162,25.3999996185303,-1,1992,63.7610168457031,144
578,0,8.74583339691162,25.3999996185303,-1,1992,63.7610168457031,144
578,0,8.74583339691162,25.3999996185303,-1,1992,63.7610168457031,144
578,0,8.74583339691162,25.3999996185303,-1,1992,63.7610168457031,144
578,1,8.74583339691162,25.3999996185303,-1,1992,63.7610168457031,144
578,1,8.74583339691162,25.3999996185303,-1,1992,63.7610168457031,144
578,1,8.74583339691162,25.3999996185303,-1,1992,63.7610168457031,144
578,1,8.74583339691162,25.3999996185303,-1,1992,63.7610168457031,144
578,2,8.74583339691162,25.3999996185303,-1,1992,63.7610168457031,144
578,2,8.74583339691162,25.3999996185303,-1,1992,63.7610168457031,144
578,2,8.74583339691162,25.3999996185303,-1,1992,63.7610168457031,144
578,2,8.74583339691162,25.3999996185303,-1,1992,63.7610168457031,144
579,0,9.97083282470703,26.6000003814697,0.200000002980232,1912,61.8401222229004,134
579,0,9.97083282470703,26.6000003814697,0.200000002980232,1912,61.8401222229004,134
579,0,9.97083282470703,26.6000003814697,0.200000002980232,1912,61.8401222229004,134
579,0,9.97083282470703,26.6000003814697,0.200000002980232,1912,61.8401222229004,134
579,1,9.97083282470703,26.6000003814697,0.200000002980232,1912,61.8401222229004,134
579,1,9.97083282470703,26.6000003814697,0.200000002980232,1912,61.8401222229004,134
579,1,9.97083282470703,26.6000003814697,0.200000002980232,1912,61.8401222229004,134
579,1,9.97083282470703,26.6000003814697,0.200000002980232,1912,61.8401222229004,134
579,2,9.97083282470703,26.6000003814697,0.200000002980232,1912,61.8401222229004,134
579,2,9.97083282470703,26.6000003814697,0.200000002980232,1912,61.8401222229004,134
579,2,9.97083282470703,26.6000003814697,0.200000002980232,1912,61.8401222229004,134
579,2,9.97083282470703,26.6000003814697,0.200000002980232,1912,61.8401222229004,134
580,0,7.40833330154419,23.7999992370606,-2.29999995231628,2184,65.1197204589844,160
580,0,7.40833330154419,23.7999992370606,-2.29999995231628,2184,65.1197204589844,160
580,0,7.40833330154419,23.7999992370606,-2.29999995231628,2184,65.1197204589844,160
580,0,7.40833330154419,23.7999992370606,-2.29999995231628,2184,65.1197204589844,160
580,1,7.40833330154419,23.7999992370606,-2.29999995231628,2184,65.1197204589844,160
580,1,7.40833330154419,23.7999992370606,-2.29999995231628,2184,65.1197204589844,160
580,1,7.40833330154419,23.7999992370606,-2.29999995231628,2184,65.1197204589844,160
580,1,7.40833330154419,23.7999992370606,-2.29999995231628,2184,65.1197204589844,160
580,2,7.40833330154419,23.7999992370606,-2.29999995231628,2184,65.1197204589844,160
580,2,7.40833330154419,23.7999992370606,-2.29999995231628,2184,65.1197204589844,160
580,2,7.40833330154419,23.7999992370606,-2.29999995231628,2184,65.1197204589844,160
580,2,7.40833330154419,23.7999992370606,-2.29999995231628,2184,65.1197204589844,160
581,0,6.05416679382324,22.5,-3.79999995231628,2224,65.0452880859375,167
581,0,6.05416679382324,22.5,-3.79999995231628,2224,65.0452880859375,167
581,0,6.05416679382324,22.5,-3.79999995231628,2224,65.0452880859375,167
581,0,6.05416679382324,22.5,-3.79999995231628,2224,65.0452880859375,167
581,1,6.05416679382324,22.5,-3.79999995231628,2224,65.0452880859375,167
581,1,6.05416679382324,22.5,-3.79999995231628,2224,65.0452880859375,167
581,1,6.05416679382324,22.5,-3.79999995231628,2224,65.0452880859375,167
581,1,6.05416679382324,22.5,-3.79999995231628,2224,65.0452880859375,167
581,2,6.05416679382324,22.5,-3.79999995231628,2224,65.0452880859375,167
581,2,6.05416679382324,22.5,-3.79999995231628,2224,65.0452880859375,167
581,2,6.05416679382324,22.5,-3.79999995231628,2224,65.0452880859375,167
581,2,6.05416679382324,22.5,-3.79999995231628,2224,65.0452880859375,167
582,0,7.44166660308838,26,-3.90000009536743,1489,65.3996353149414,110
582,0,7.44166660308838,26,-3.90000009536743,1489,65.3996353149414,110
582,0,7.44166660308838,26,-3.90000009536743,1489,65.3996353149414,110
582,0,7.44166660308838,26,-3.90000009536743,1489,65.3996353149414,110
582,1,7.44166660308838,26,-3.90000009536743,1489,65.3996353149414,110
582,1,7.44166660308838,26,-3.90000009536743,1489,65.3996353149414,110
582,1,7.44166660308838,26,-3.90000009536743,1489,65.3996353149414,110
582,1,7.44166660308838,26,-3.90000009536743,1489,65.3996353149414,110
582,2,7.44166660308838,26,-3.90000009536743,1489,65.3996353149414,110
582,2,7.44166660308838,26,-3.90000009536743,1489,65.3996353149414,110
582,2,7.44166660308838,26,-3.90000009536743,1489,65.3996353149414,110
582,2,7.44166660308838,26,-3.90000009536743,1489,65.3996353149414,110
583,0,9.94999980926514,26.2999992370606,0.200000002980232,1964,61.5569229125977,138
583,0,9.94999980926514,26.2999992370606,0.200000002980232,1964,61.5569229125977,138
583,0,9.94999980926514,26.2999992370606,0.200000002980232,1964,61.5569229125977,138
583,0,9.94999980926514,26.2999992370606,0.200000002980232,1964,61.5569229125977,138
583,1,9.94999980926514,26.2999992370606,0.200000002980232,1964,61.5569229125977,138
583,1,9.94999980926514,26.2999992370606,0.200000002980232,1964,61.5569229125977,138
583,1,9.94999980926514,26.2999992370606,0.200000002980232,1964,61.5569229125977,138
583,1,9.94999980926514,26.2999992370606,0.200000002980232,1964,61.5569229125977,138
583,2,9.94999980926514,26.2999992370606,0.200000002980232,1964,61.5569229125977,138
583,2,9.94999980926514,26.2999992370606,0.200000002980232,1964,61.5569229125977,138
583,2,9.94999980926514,26.2999992370606,0.200000002980232,1964,61.5569229125977,138
583,2,9.94999980926514,26.2999992370606,0.200000002980232,1964,61.5569229125977,138
584,0,8.55000019073486,24.7000007629395,-1.10000002384186,2165,64.5206680297852,154
584,0,8.55000019073486,24.7000007629395,-1.10000002384186,2165,64.5206680297852,154
584,0,8.55000019073486,24.7000007629395,-1.10000002384186,2165,64.5206680297852,154
584,0,8.55000019073486,24.7000007629395,-1.10000002384186,2165,64.5206680297852,154
584,1,8.55000019073486,24.7000007629395,-1.10000002384186,2165,64.5206680297852,154
584,1,8.55000019073486,24.7000007629395,-1.10000002384186,2165,64.5206680297852,154
584,1,8.55000019073486,24.7000007629395,-1.10000002384186,2165,64.5206680297852,154
584,1,8.55000019073486,24.7000007629395,-1.10000002384186,2165,64.5206680297852,154
584,2,8.55000019073486,24.7000007629395,-1.10000002384186,2165,64.5206680297852,154
584,2,8.55000019073486,24.7000007629395,-1.10000002384186,2165,64.5206680297852,154
584,2,8.55000019073486,24.7000007629395,-1.10000002384186,2165,64.5206680297852,154
584,2,8.55000019073486,24.7000007629395,-1.10000002384186,2165,64.5206680297852,154
585,0,8.48750019073486,23.6000003814697,-0.600000023841858,2362,63.1482162475586,172
585,0,8.48750019073486,23.6000003814697,-0.600000023841858,2362,63.1482162475586,172
585,0,8.48750019073486,23.6000003814697,-0.600000023841858,2362,63.1482162475586,172
585,0,8.48750019073486,23.6000003814697,-0.600000023841858,2362,63.1482162475586,172
585,1,8.48750019073486,23.6000003814697,-0.600000023841858,2362,63.1482162475586,172
585,1,8.48750019073486,23.6000003814697,-0.600000023841858,2362,63.1482162475586,172
585,1,8.48750019073486,23.6000003814697,-0.600000023841858,2362,63.1482162475586,172
585,1,8.48750019073486,23.6000003814697,-0.600000023841858,2362,63.1482162475586,172
585,2,8.48750019073486,23.6000003814697,-0.600000023841858,2362,63.1482162475586,172
585,2,8.48750019073486,23.6000003814697,-0.600000023841858,2362,63.1482162475586,172
585,2,8.48750019073486,23.6000003814697,-0.600000023841858,2362,63.1482162475586,172
585,2,8.48750019073486,23.6000003814697,-0.600000023841858,2362,63.1482162475586,172
586,0,10.033332824707,25.5,0.300000011920929,1877,60.1386642456055,136
586,0,10.033332824707,25.5,0.300000011920929,1877,60.1386642456055,136
586,0,10.033332824707,25.5,0.300000011920929,1877,60.1386642456055,136
586,0,10.033332824707,25.5,0.300000011920929,1877,60.1386642456055,136
586,1,10.033332824707,25.5,0.300000011920929,1877,60.1386642456055,136
586,1,10.033332824707,25.5,0.300000011920929,1877,60.1386642456055,136
586,1,10.033332824707,25.5,0.300000011920929,1877,60.1386642456055,136
586,1,10.033332824707,25.5,0.300000011920929,1877,60.1386642456055,136
586,2,10.033332824707,25.5,0.300000011920929,1877,60.1386642456055,136
586,2,10.033332824707,25.5,0.300000011920929,1877,60.1386642456055,136
586,2,10.033332824707,25.5,0.300000011920929,1877,60.1386642456055,136
586,2,10.033332824707,25.5,0.300000011920929,1877,60.1386642456055,136
587,0,6.77500009536743,24.1000003814697,-3.79999995231628,1888,65.7158584594727,140
587,0,6.77500009536743,24.1000003814697,-3.79999995231628,1888,65.7158584594727,140
587,0,6.77500009536743,24.1000003814697,-3.79999995231628,1888,65.7158584594727,140
587,0,6.77500009536743,24.1000003814697,-3.79999995231628,1888,65.7158584594727,140
587,1,6.77500009536743,24.1000003814697,-3.79999995231628,1888,65.7158584594727,140
587,1,6.77500009536743,24.1000003814697,-3.79999995231628,1888,65.7158584594727,140
587,1,6.77500009536743,24.1000003814697,-3.79999995231628,1888,65.7158584594727,140
587,1,6.77500009536743,24.1000003814697,-3.79999995231628,1888,65.7158584594727,140
587,2,6.77500009536743,24.1000003814697,-3.79999995231628,1888,65.7158584594727,140
587,2,6.77500009536743,24.1000003814697,-3.79999995231628,1888,65.7158584594727,140
587,2,6.77500009536743,24.1000003814697,-3.79999995231628,1888,65.7158584594727,140
587,2,6.77500009536743,24.1000003814697,-3.79999995231628,1888,65.7158584594727,140
588,0,8.73750019073486,25.8999996185303,-1.29999995231628,1887,64.6950836181641,134
588,0,8.73750019073486,25.8999996185303,-1.29999995231628,1887,64.6950836181641,134
588,0,8.73750019073486,25.8999996185303,-1.29999995231628,1887,64.6950836181641,134
588,0,8.73750019073486,25.8999996185303,-1.29999995231628,1887,64.6950836181641,134
588,1,8.73750019073486,25.8999996185303,-1.29999995231628,1887,64.6950836181641,134
588,1,8.73750019073486,25.8999996185303,-1.29999995231628,1887,64.6950836181641,134
588,1,8.73750019073486,25.8999996185303,-1.29999995231628,1887,64.6950836181641,134
588,1,8.73750019073486,25.8999996185303,-1.29999995231628,1887,64.6950836181641,134
588,2,8.73750019073486,25.8999996185303,-1.29999995231628,1887,64.6950836181641,134
588,2,8.73750019073486,25.8999996185303,-1.29999995231628,1887,64.6950836181641,134
588,2,8.73750019073486,25.8999996185303,-1.29999995231628,1887,64.6950836181641,134
588,2,8.73750019073486,25.8999996185303,-1.29999995231628,1887,64.6950836181641,134
589,0,6.95833349227905,23.5,-2.90000009536743,2127,65.7982025146484,157
589,0,6.95833349227905,23.5,-2.90000009536743,2127,65.7982025146484,157
589,0,6.95833349227905,23.5,-2.90000009536743,2127,65.7982025146484,157
589,0,6.95833349227905,23.5,-2.90000009536743,2127,65.7982025146484,157
589,1,6.95833349227905,23.5,-2.90000009536743,2127,65.7982025146484,157
589,1,6.95833349227905,23.5,-2.90000009536743,2127,65.7982025146484,157
589,1,6.95833349227905,23.5,-2.90000009536743,2127,65.7982025146484,157
589,1,6.95833349227905,23.5,-2.90000009536743,2127,65.7982025146484,157
589,2,6.95833349227905,23.5,-2.90000009536743,2127,65.7982025146484,157
589,2,6.95833349227905,23.5,-2.90000009536743,2127,65.7982025146484,157
589,2,6.95833349227905,23.5,-2.90000009536743,2127,65.7982025146484,157
589,2,6.95833349227905,23.5,-2.90000009536743,2127,65.7982025146484,157
590,0,10.1333332061768,25.7999992370605,0.100000001490116,1852,60.2600440979004,136
590,0,10.1333332061768,25.7999992370605,0.100000001490116,1852,60.2600440979004,136
590,0,10.1333332061768,25.7999992370605,0.100000001490116,1852,60.2600440979004,136
590,0,10.1333332061768,25.7999992370605,0.100000001490116,1852,60.2600440979004,136
590,1,10.1333332061768,25.7999992370605,0.100000001490116,1852,60.2600440979004,136
590,1,10.1333332061768,25.7999992370605,0.100000001490116,1852,60.2600440979004,136
590,1,10.1333332061768,25.7999992370605,0.100000001490116,1852,60.2600440979004,136
590,1,10.1333332061768,25.7999992370605,0.100000001490116,1852,60.2600440979004,136
590,2,10.1333332061768,25.7999992370605,0.100000001490116,1852,60.2600440979004,136
590,2,10.1333332061768,25.7999992370605,0.100000001490116,1852,60.2600440979004,136
590,2,10.1333332061768,25.7999992370605,0.100000001490116,1852,60.2600440979004,136
590,2,10.1333332061768,25.7999992370605,0.100000001490116,1852,60.2600440979004,136
591,0,8.49583339691162,25.8999996185303,-1.89999997615814,1906,66.8326568603516,131
591,0,8.49583339691162,25.8999996185303,-1.89999997615814,1906,66.8326568603516,131
591,0,8.49583339691162,25.8999996185303,-1.89999997615814,1906,66.8326568603516,131
591,0,8.49583339691162,25.8999996185303,-1.89999997615814,1906,66.8326568603516,131
591,1,8.49583339691162,25.8999996185303,-1.89999997615814,1906,66.8326568603516,131
591,1,8.49583339691162,25.8999996185303,-1.89999997615814,1906,66.8326568603516,131
591,1,8.49583339691162,25.8999996185303,-1.89999997615814,1906,66.8326568603516,131
591,1,8.49583339691162,25.8999996185303,-1.89999997615814,1906,66.8326568603516,131
591,2,8.49583339691162,25.8999996185303,-1.89999997615814,1906,66.8326568603516,131
591,2,8.49583339691162,25.8999996185303,-1.89999997615814,1906,66.8326568603516,131
591,2,8.49583339691162,25.8999996185303,-1.89999997615814,1906,66.8326568603516,131
591,2,8.49583339691162,25.8999996185303,-1.89999997615814,1906,66.8326568603516,131
592,0,7.23749971389771,23.8999996185303,-2.70000004768372,2091,65.6226272583008,153
592,0,7.23749971389771,23.8999996185303,-2.70000004768372,2091,65.6226272583008,153
592,0,7.23749971389771,23.8999996185303,-2.70000004768372,2091,65.6226272583008,153
592,0,7.23749971389771,23.8999996185303,-2.70000004768372,2091,65.6226272583008,153
592,1,7.23749971389771,23.8999996185303,-2.70000004768372,2091,65.6226272583008,153
592,1,7.23749971389771,23.8999996185303,-2.70000004768372,2091,65.6226272583008,153
592,1,7.23749971389771,23.8999996185303,-2.70000004768372,2091,65.6226272583008,153
592,1,7.23749971389771,23.8999996185303,-2.70000004768372,2091,65.6226272583008,153
592,2,7.23749971389771,23.8999996185303,-2.70000004768372,2091,65.6226272583008,153
592,2,7.23749971389771,23.8999996185303,-2.70000004768372,2091,65.6226272583008,153
592,2,7.23749971389771,23.8999996185303,-2.70000004768372,2091,65.6226272583008,153
592,2,7.23749971389771,23.8999996185303,-2.70000004768372,2091,65.6226272583008,153
593,0,9.08333301544189,25.2999992370606,-0.400000005960465,2099,63.258918762207,150
593,0,9.08333301544189,25.2999992370606,-0.400000005960465,2099,63.258918762207,150
593,0,9.08333301544189,25.2999992370606,-0.400000005960465,2099,63.258918762207,150
593,0,9.08333301544189,25.2999992370606,-0.400000005960465,2099,63.258918762207,150
593,1,9.08333301544189,25.2999992370606,-0.400000005960465,2099,63.258918762207,150
593,1,9.08333301544189,25.2999992370606,-0.400000005960465,2099,63.258918762207,150
593,1,9.08333301544189,25.2999992370606,-0.400000005960465,2099,63.258918762207,150
593,1,9.08333301544189,25.2999992370606,-0.400000005960465,2099,63.258918762207,150
593,2,9.08333301544189,25.2999992370606,-0.400000005960465,2099,63.258918762207,150
593,2,9.08333301544189,25.2999992370606,-0.400000005960465,2099,63.258918762207,150
593,2,9.08333301544189,25.2999992370606,-0.400000005960465,2099,63.258918762207,150
593,2,9.08333301544189,25.2999992370606,-0.400000005960465,2099,63.258918762207,150
594,0,8.96666622161865,26.7999992370606,-1.60000002384186,1808,63.6462211608887,130
594,0,8.96666622161865,26.7999992370606,-1.60000002384186,1808,63.6462211608887,130
594,0,8.96666622161865,26.7999992370606,-1.60000002384186,1808,63.6462211608887,130
594,0,8.96666622161865,26.7999992370606,-1.60000002384186,1808,63.6462211608887,130
594,1,8.96666622161865,26.7999992370606,-1.60000002384186,1808,63.6462211608887,130
594,1,8.96666622161865,26.7999992370606,-1.60000002384186,1808,63.6462211608887,130
594,1,8.96666622161865,26.7999992370606,-1.60000002384186,1808,63.6462211608887,130
594,1,8.96666622161865,26.7999992370606,-1.60000002384186,1808,63.6462211608887,130
594,2,8.96666622161865,26.7999992370606,-1.60000002384186,1808,63.6462211608887,130
594,2,8.96666622161865,26.7999992370606,-1.60000002384186,1808,63.6462211608887,130
594,2,8.96666622161865,26.7999992370606,-1.60000002384186,1808,63.6462211608887,130
594,2,8.96666622161865,26.7999992370606,-1.60000002384186,1808,63.6462211608887,130
595,0,4.71250009536743,21.2000007629395,-5.90000009536743,1909,63.2487945556641,149
595,0,4.71250009536743,21.2000007629395,-5.90000009536743,1909,63.2487945556641,149
595,0,4.71250009536743,21.2000007629395,-5.90000009536743,1909,63.2487945556641,149
595,0,4.71250009536743,21.2000007629395,-5.90000009536743,1909,63.2487945556641,149
595,1,4.71250009536743,21.2000007629395,-5.90000009536743,1909,63.2487945556641,149
595,1,4.71250009536743,21.2000007629395,-5.90000009536743,1909,63.2487945556641,149
595,1,4.71250009536743,21.2000007629395,-5.90000009536743,1909,63.2487945556641,149
595,1,4.71250009536743,21.2000007629395,-5.90000009536743,1909,63.2487945556641,149
595,2,4.71250009536743,21.2000007629395,-5.90000009536743,1909,63.2487945556641,149
595,2,4.71250009536743,21.2000007629395,-5.90000009536743,1909,63.2487945556641,149
595,2,4.71250009536743,21.2000007629395,-5.90000009536743,1909,63.2487945556641,149
595,2,4.71250009536743,21.2000007629395,-5.90000009536743,1909,63.2487945556641,149
596,0,5.77083349227905,22.5,-4.90000009536743,1870,64.2060699462891,144
596,0,5.77083349227905,22.5,-4.90000009536743,1870,64.2060699462891,144
596,0,5.77083349227905,22.5,-4.90000009536743,1870,64.2060699462891,144
596,0,5.77083349227905,22.5,-4.90000009536743,1870,64.2060699462891,144
596,1,5.77083349227905,22.5,-4.90000009536743,1870,64.2060699462891,144
596,1,5.77083349227905,22.5,-4.90000009536743,1870,64.2060699462891,144
596,1,5.77083349227905,22.5,-4.90000009536743,1870,64.2060699462891,144
596,1,5.77083349227905,22.5,-4.90000009536743,1870,64.2060699462891,144
596,2,5.77083349227905,22.5,-4.90000009536743,1870,64.2060699462891,144
596,2,5.77083349227905,22.5,-4.90000009536743,1870,64.2060699462891,144
596,2,5.77083349227905,22.5,-4.90000009536743,1870,64.2060699462891,144
596,2,5.77083349227905,22.5,-4.90000009536743,1870,64.2060699462891,144
597,0,5.17916679382324,21.7999992370605,-5.59999990463257,1873,63.6005249023438,146
597,0,5.17916679382324,21.7999992370605,-5.59999990463257,1873,63.6005249023438,146
597,0,5.17916679382324,21.7999992370605,-5.59999990463257,1873,63.6005249023438,146
597,0,5.17916679382324,21.7999992370605,-5.59999990463257,1873,63.6005249023438,146
597,1,5.17916679382324,21.7999992370605,-5.59999990463257,1873,63.6005249023438,146
597,1,5.17916679382324,21.7999992370605,-5.59999990463257,1873,63.6005249023438,146
597,1,5.17916679382324,21.7999992370605,-5.59999990463257,1873,63.6005249023438,146
597,1,5.17916679382324,21.7999992370605,-5.59999990463257,1873,63.6005249023438,146
597,2,5.17916679382324,21.7999992370605,-5.59999990463257,1873,63.6005249023438,146
597,2,5.17916679382324,21.7999992370605,-5.59999990463257,1873,63.6005249023438,146
597,2,5.17916679382324,21.7999992370605,-5.59999990463257,1873,63.6005249023438,146
597,2,5.17916679382324,21.7999992370605,-5.59999990463257,1873,63.6005249023438,146
598,0,8.49166679382324,25.6000003814697,-2.20000004768372,1940,66.8941879272461,135
598,0,8.49166679382324,25.6000003814697,-2.20000004768372,1940,66.8941879272461,135
598,0,8.49166679382324,25.6000003814697,-2.20000004768372,1940,66.8941879272461,135
598,0,8.49166679382324,25.6000003814697,-2.20000004768372,1940,66.8941879272461,135
598,1,8.49166679382324,25.6000003814697,-2.20000004768372,1940,66.8941879272461,135
598,1,8.49166679382324,25.6000003814697,-2.20000004768372,1940,66.8941879272461,135
598,1,8.49166679382324,25.6000003814697,-2.20000004768372,1940,66.8941879272461,135
598,1,8.49166679382324,25.6000003814697,-2.20000004768372,1940,66.8941879272461,135
598,2,8.49166679382324,25.6000003814697,-2.20000004768372,1940,66.8941879272461,135
598,2,8.49166679382324,25.6000003814697,-2.20000004768372,1940,66.8941879272461,135
598,2,8.49166679382324,25.6000003814697,-2.20000004768372,1940,66.8941879272461,135
598,2,8.49166679382324,25.6000003814697,-2.20000004768372,1940,66.8941879272461,135
599,0,5.55416679382324,21.8999996185303,-4.69999980926514,2075,64.5554962158203,159
599,0,5.55416679382324,21.8999996185303,-4.69999980926514,2075,64.5554962158203,159
599,0,5.55416679382324,21.8999996185303,-4.69999980926514,2075,64.5554962158203,159
599,0,5.55416679382324,21.8999996185303,-4.69999980926514,2075,64.5554962158203,159
599,1,5.55416679382324,21.8999996185303,-4.69999980926514,2075,64.5554962158203,159
599,1,5.55416679382324,21.8999996185303,-4.69999980926514,2075,64.5554962158203,159
599,1,5.55416679382324,21.8999996185303,-4.69999980926514,2075,64.5554962158203,159
599,1,5.55416679382324,21.8999996185303,-4.69999980926514,2075,64.5554962158203,159
599,2,5.55416679382324,21.8999996185303,-4.69999980926514,2075,64.5554962158203,159
599,2,5.55416679382324,21.8999996185303,-4.69999980926514,2075,64.5554962158203,159
599,2,5.55416679382324,21.8999996185303,-4.69999980926514,2075,64.5554962158203,159
599,2,5.55416679382324,21.8999996185303,-4.69999980926514,2075,64.5554962158203,159
600,0,6.33750009536743,26.2000007629395,-6.59999990463257,502,35.8905906677246,63
600,0,6.33750009536743,26.2000007629395,-6.59999990463257,502,35.8905906677246,63
600,0,6.33750009536743,26.2000007629395,-6.59999990463257,502,35.8905906677246,63
600,0,6.33750009536743,26.2000007629395,-6.59999990463257,502,35.8905906677246,63
600,1,6.33750009536743,26.2000007629395,-6.59999990463257,502,35.8905906677246,63
600,1,6.33750009536743,26.2000007629395,-6.59999990463257,502,35.8905906677246,63
600,1,6.33750009536743,26.2000007629395,-6.59999990463257,502,35.8905906677246,63
600,1,6.33750009536743,26.2000007629395,-6.59999990463257,502,35.8905906677246,63
600,2,6.33750009536743,26.2000007629395,-6.59999990463257,502,35.8905906677246,63
600,2,6.33750009536743,26.2000007629395,-6.59999990463257,502,35.8905906677246,63
600,2,6.33750009536743,26.2000007629395,-6.59999990463257,502,35.8905906677246,63
600,2,6.33750009536743,26.2000007629395,-6.59999990463257,502,35.8905906677246,63
601,0,4.39583301544189,22.8999996185303,-7.30000019073486,596,41.033763885498,69
601,0,4.39583301544189,22.8999996185303,-7.30000019073486,596,41.033763885498,69
601,0,4.39583301544189,22.8999996185303,-7.30000019073486,596,41.033763885498,69
601,0,4.39583301544189,22.8999996185303,-7.30000019073486,596,41.033763885498,69
601,1,4.39583301544189,22.8999996185303,-7.30000019073486,596,41.033763885498,69
601,1,4.39583301544189,22.8999996185303,-7.30000019073486,596,41.033763885498,69
601,1,4.39583301544189,22.8999996185303,-7.30000019073486,596,41.033763885498,69
601,1,4.39583301544189,22.8999996185303,-7.30000019073486,596,41.033763885498,69
601,2,4.39583301544189,22.8999996185303,-7.30000019073486,596,41.033763885498,69
601,2,4.39583301544189,22.8999996185303,-7.30000019073486,596,41.033763885498,69
601,2,4.39583301544189,22.8999996185303,-7.30000019073486,596,41.033763885498,69
601,2,4.39583301544189,22.8999996185303,-7.30000019073486,596,41.033763885498,69
602,0,6.05000019073486,25.5,-6.80000019073486,498,36.0140495300293,63
602,0,6.05000019073486,25.5,-6.80000019073486,498,36.0140495300293,63
602,0,6.05000019073486,25.5,-6.80000019073486,498,36.0140495300293,63
602,0,6.05000019073486,25.5,-6.80000019073486,498,36.0140495300293,63
602,1,6.05000019073486,25.5,-6.80000019073486,498,36.0140495300293,63
602,1,6.05000019073486,25.5,-6.80000019073486,498,36.0140495300293,63
602,1,6.05000019073486,25.5,-6.80000019073486,498,36.0140495300293,63
602,1,6.05000019073486,25.5,-6.80000019073486,498,36.0140495300293,63
602,2,6.05000019073486,25.5,-6.80000019073486,498,36.0140495300293,63
602,2,6.05000019073486,25.5,-6.80000019073486,498,36.0140495300293,63
602,2,6.05000019073486,25.5,-6.80000019073486,498,36.0140495300293,63
602,2,6.05000019073486,25.5,-6.80000019073486,498,36.0140495300293,63
603,0,4.40416669845581,22.8999996185303,-7.5,581,40.2087860107422,68
603,0,4.40416669845581,22.8999996185303,-7.5,581,40.2087860107422,68
603,0,4.40416669845581,22.8999996185303,-7.5,581,40.2087860107422,68
603,0,4.40416669845581,22.8999996185303,-7.5,581,40.2087860107422,68
603,1,4.40416669845581,22.8999996185303,-7.5,581,40.2087860107422,68
603,1,4.40416669845581,22.8999996185303,-7.5,581,40.2087860107422,68
603,1,4.40416669845581,22.8999996185303,-7.5,581,40.2087860107422,68
603,1,4.40416669845581,22.8999996185303,-7.5,581,40.2087860107422,68
603,2,4.40416669845581,22.8999996185303,-7.5,581,40.2087860107422,68
603,2,4.40416669845581,22.8999996185303,-7.5,581,40.2087860107422,68
603,2,4.40416669845581,22.8999996185303,-7.5,581,40.2087860107422,68
603,2,4.40416669845581,22.8999996185303,-7.5,581,40.2087860107422,68
604,0,4.63333320617676,24.2999992370606,-8.5,558,38.3019065856934,82
604,0,4.63333320617676,24.2999992370606,-8.5,558,38.3019065856934,82
604,0,4.63333320617676,24.2999992370606,-8.5,558,38.3019065856934,82
604,0,4.63333320617676,24.2999992370606,-8.5,558,38.3019065856934,82
604,1,4.63333320617676,24.2999992370606,-8.5,558,38.3019065856934,82
604,1,4.63333320617676,24.2999992370606,-8.5,558,38.3019065856934,82
604,1,4.63333320617676,24.2999992370606,-8.5,558,38.3019065856934,82
604,1,4.63333320617676,24.2999992370606,-8.5,558,38.3019065856934,82
604,2,4.63333320617676,24.2999992370606,-8.5,558,38.3019065856934,82
604,2,4.63333320617676,24.2999992370606,-8.5,558,38.3019065856934,82
604,2,4.63333320617676,24.2999992370606,-8.5,558,38.3019065856934,82
604,2,4.63333320617676,24.2999992370606,-8.5,558,38.3019065856934,82
634,0,9.59166622161865,24.8999996185303,-0.300000011920929,2201,57.7209930419922,182
634,0,9.59166622161865,24.8999996185303,-0.300000011920929,2201,57.7209930419922,182
634,0,9.59166622161865,24.8999996185303,-0.300000011920929,2201,57.7209930419922,182
634,0,9.59166622161865,24.8999996185303,-0.300000011920929,2201,57.7209930419922,182
634,1,9.59166622161865,24.8999996185303,-0.300000011920929,2201,57.7209930419922,182
634,1,9.59166622161865,24.8999996185303,-0.300000011920929,2201,57.7209930419922,182
634,1,9.59166622161865,24.8999996185303,-0.300000011920929,2201,57.7209930419922,182
634,1,9.59166622161865,24.8999996185303,-0.300000011920929,2201,57.7209930419922,182
634,2,9.59166622161865,24.8999996185303,-0.300000011920929,2201,57.7209930419922,182
634,2,9.59166622161865,24.8999996185303,-0.300000011920929,2201,57.7209930419922,182
634,2,9.59166622161865,24.8999996185303,-0.300000011920929,2201,57.7209930419922,182
634,2,9.59166622161865,24.8999996185303,-0.300000011920929,2201,57.7209930419922,182
635,0,8.16250038146973,23.2999992370605,-1.20000004768372,2330,60.9290199279785,184
635,0,8.16250038146973,23.2999992370605,-1.20000004768372,2330,60.9290199279785,184
635,0,8.16250038146973,23.2999992370605,-1.20000004768372,2330,60.9290199279785,184
635,0,8.16250038146973,23.2999992370605,-1.20000004768372,2330,60.9290199279785,184
635,1,8.16250038146973,23.2999992370605,-1.20000004768372,2330,60.9290199279785,184
635,1,8.16250038146973,23.2999992370605,-1.20000004768372,2330,60.9290199279785,184
635,1,8.16250038146973,23.2999992370605,-1.20000004768372,2330,60.9290199279785,184
635,1,8.16250038146973,23.2999992370605,-1.20000004768372,2330,60.9290199279785,184
635,2,8.16250038146973,23.2999992370605,-1.20000004768372,2330,60.9290199279785,184
635,2,8.16250038146973,23.2999992370605,-1.20000004768372,2330,60.9290199279785,184
635,2,8.16250038146973,23.2999992370605,-1.20000004768372,2330,60.9290199279785,184
635,2,8.16250038146973,23.2999992370605,-1.20000004768372,2330,60.9290199279785,184
636,0,10.5208330154419,26.2000007629395,-0.100000001490116,1944,55.6259078979492,167
636,0,10.5208330154419,26.2000007629395,-0.100000001490116,1944,55.6259078979492,167
636,0,10.5208330154419,26.2000007629395,-0.100000001490116,1944,55.6259078979492,167
636,0,10.5208330154419,26.2000007629395,-0.100000001490116,1944,55.6259078979492,167
636,1,10.5208330154419,26.2000007629395,-0.100000001490116,1944,55.6259078979492,167
636,1,10.5208330154419,26.2000007629395,-0.100000001490116,1944,55.6259078979492,167
636,1,10.5208330154419,26.2000007629395,-0.100000001490116,1944,55.6259078979492,167
636,1,10.5208330154419,26.2000007629395,-0.100000001490116,1944,55.6259078979492,167
636,2,10.5208330154419,26.2000007629395,-0.100000001490116,1944,55.6259078979492,167
636,2,10.5208330154419,26.2000007629395,-0.100000001490116,1944,55.6259078979492,167
636,2,10.5208330154419,26.2000007629395,-0.100000001490116,1944,55.6259078979492,167
636,2,10.5208330154419,26.2000007629395,-0.100000001490116,1944,55.6259078979492,167
637,0,10.5874996185303,26,0.699999988079071,1743,74.1483535766602,97
637,0,10.5874996185303,26,0.699999988079071,1743,74.1483535766602,97
637,0,10.5874996185303,26,0.699999988079071,1743,74.1483535766602,97
637,0,10.5874996185303,26,0.699999988079071,1743,74.1483535766602,97
637,1,10.5874996185303,26,0.699999988079071,1743,74.1483535766602,97
637,1,10.5874996185303,26,0.699999988079071,1743,74.1483535766602,97
637,1,10.5874996185303,26,0.699999988079071,1743,74.1483535766602,97
637,1,10.5874996185303,26,0.699999988079071,1743,74.1483535766602,97
637,2,10.5874996185303,26,0.699999988079071,1743,74.1483535766602,97
637,2,10.5874996185303,26,0.699999988079071,1743,74.1483535766602,97
637,2,10.5874996185303,26,0.699999988079071,1743,74.1483535766602,97
637,2,10.5874996185303,26,0.699999988079071,1743,74.1483535766602,97
638,0,9.56666660308838,24.5,0.300000011920929,2304,71.5796890258789,139
638,0,9.56666660308838,24.5,0.300000011920929,2304,71.5796890258789,139
638,0,9.56666660308838,24.5,0.300000011920929,2304,71.5796890258789,139
638,0,9.56666660308838,24.5,0.300000011920929,2304,71.5796890258789,139
638,1,9.56666660308838,24.5,0.300000011920929,2304,71.5796890258789,139
638,1,9.56666660308838,24.5,0.300000011920929,2304,71.5796890258789,139
638,1,9.56666660308838,24.5,0.300000011920929,2304,71.5796890258789,139
638,1,9.56666660308838,24.5,0.300000011920929,2304,71.5796890258789,139
638,2,9.56666660308838,24.5,0.300000011920929,2304,71.5796890258789,139
638,2,9.56666660308838,24.5,0.300000011920929,2304,71.5796890258789,139
638,2,9.56666660308838,24.5,0.300000011920929,2304,71.5796890258789,139
638,2,9.56666660308838,24.5,0.300000011920929,2304,71.5796890258789,139
639,0,9.56666660308838,23.7000007629395,0.300000011920929,2614,72.2372970581055,158
639,0,9.56666660308838,23.7000007629395,0.300000011920929,2614,72.2372970581055,158
639,0,9.56666660308838,23.7000007629395,0.300000011920929,2614,72.2372970581055,158
639,0,9.56666660308838,23.7000007629395,0.300000011920929,2614,72.2372970581055,158
639,1,9.56666660308838,23.7000007629395,0.300000011920929,2614,72.2372970581055,158
639,1,9.56666660308838,23.7000007629395,0.300000011920929,2614,72.2372970581055,158
639,1,9.56666660308838,23.7000007629395,0.300000011920929,2614,72.2372970581055,158
639,1,9.56666660308838,23.7000007629395,0.300000011920929,2614,72.2372970581055,158
639,2,9.56666660308838,23.7000007629395,0.300000011920929,2614,72.2372970581055,158
639,2,9.56666660308838,23.7000007629395,0.300000011920929,2614,72.2372970581055,158
639,2,9.56666660308838,23.7000007629395,0.300000011920929,2614,72.2372970581055,158
639,2,9.56666660308838,23.7000007629395,0.300000011920929,2614,72.2372970581055,158
640,0,8.75833320617676,22.3999996185303,0.100000001490116,2786,70.9508666992188,174
640,0,8.75833320617676,22.3999996185303,0.100000001490116,2786,70.9508666992188,174
640,0,8.75833320617676,22.3999996185303,0.100000001490116,2786,70.9508666992188,174
640,0,8.75833320617676,22.3999996185303,0.100000001490116,2786,70.9508666992188,174
640,1,8.75833320617676,22.3999996185303,0.100000001490116,2786,70.9508666992188,174
640,1,8.75833320617676,22.3999996185303,0.100000001490116,2786,70.9508666992188,174
640,1,8.75833320617676,22.3999996185303,0.100000001490116,2786,70.9508666992188,174
640,1,8.75833320617676,22.3999996185303,0.100000001490116,2786,70.9508666992188,174
640,2,8.75833320617676,22.3999996185303,0.100000001490116,2786,70.9508666992188,174
640,2,8.75833320617676,22.3999996185303,0.100000001490116,2786,70.9508666992188,174
640,2,8.75833320617676,22.3999996185303,0.100000001490116,2786,70.9508666992188,174
640,2,8.75833320617676,22.3999996185303,0.100000001490116,2786,70.9508666992188,174
641,0,9.14166641235352,22.1000003814697,0.300000011920929,2256,66.8789596557617,154
641,0,9.14166641235352,22.1000003814697,0.300000011920929,2256,66.8789596557617,154
641,0,9.14166641235352,22.1000003814697,0.300000011920929,2256,66.8789596557617,154
641,0,9.14166641235352,22.1000003814697,0.300000011920929,2256,66.8789596557617,154
641,1,9.14166641235352,22.1000003814697,0.300000011920929,2256,66.8789596557617,154
641,1,9.14166641235352,22.1000003814697,0.300000011920929,2256,66.8789596557617,154
641,1,9.14166641235352,22.1000003814697,0.300000011920929,2256,66.8789596557617,154
641,1,9.14166641235352,22.1000003814697,0.300000011920929,2256,66.8789596557617,154
641,2,9.14166641235352,22.1000003814697,0.300000011920929,2256,66.8789596557617,154
641,2,9.14166641235352,22.1000003814697,0.300000011920929,2256,66.8789596557617,154
641,2,9.14166641235352,22.1000003814697,0.300000011920929,2256,66.8789596557617,154
641,2,9.14166641235352,22.1000003814697,0.300000011920929,2256,66.8789596557617,154
642,0,9.47083377838135,20.6000003814697,1.5,2441,63.3884506225586,179
642,0,9.47083377838135,20.6000003814697,1.5,2441,63.3884506225586,179
642,0,9.47083377838135,20.6000003814697,1.5,2441,63.3884506225586,179
642,0,9.47083377838135,20.6000003814697,1.5,2441,63.3884506225586,179
642,1,9.47083377838135,20.6000003814697,1.5,2441,63.3884506225586,179
642,1,9.47083377838135,20.6000003814697,1.5,2441,63.3884506225586,179
642,1,9.47083377838135,20.6000003814697,1.5,2441,63.3884506225586,179
642,1,9.47083377838135,20.6000003814697,1.5,2441,63.3884506225586,179
642,2,9.47083377838135,20.6000003814697,1.5,2441,63.3884506225586,179
642,2,9.47083377838135,20.6000003814697,1.5,2441,63.3884506225586,179
642,2,9.47083377838135,20.6000003814697,1.5,2441,63.3884506225586,179
642,2,9.47083377838135,20.6000003814697,1.5,2441,63.3884506225586,179
643,0,8.07083320617676,20.2999992370605,0.100000001490116,2733,65.2939529418945,197
643,0,8.07083320617676,20.2999992370605,0.100000001490116,2733,65.2939529418945,197
643,0,8.07083320617676,20.2999992370605,0.100000001490116,2733,65.2939529418945,197
643,0,8.07083320617676,20.2999992370605,0.100000001490116,2733,65.2939529418945,197
643,1,8.07083320617676,20.2999992370605,0.100000001490116,2733,65.2939529418945,197
643,1,8.07083320617676,20.2999992370605,0.100000001490116,2733,65.2939529418945,197
643,1,8.07083320617676,20.2999992370605,0.100000001490116,2733,65.2939529418945,197
643,1,8.07083320617676,20.2999992370605,0.100000001490116,2733,65.2939529418945,197
643,2,8.07083320617676,20.2999992370605,0.100000001490116,2733,65.2939529418945,197
643,2,8.07083320617676,20.2999992370605,0.100000001490116,2733,65.2939529418945,197
643,2,8.07083320617676,20.2999992370605,0.100000001490116,2733,65.2939529418945,197
643,2,8.07083320617676,20.2999992370605,0.100000001490116,2733,65.2939529418945,197
644,0,8.03749942779541,20.8999996185303,-0.300000011920929,2796,67.6385498046875,188
644,0,8.03749942779541,20.8999996185303,-0.300000011920929,2796,67.6385498046875,188
644,0,8.03749942779541,20.8999996185303,-0.300000011920929,2796,67.6385498046875,188
644,0,8.03749942779541,20.8999996185303,-0.300000011920929,2796,67.6385498046875,188
644,1,8.03749942779541,20.8999996185303,-0.300000011920929,2796,67.6385498046875,188
644,1,8.03749942779541,20.8999996185303,-0.300000011920929,2796,67.6385498046875,188
644,1,8.03749942779541,20.8999996185303,-0.300000011920929,2796,67.6385498046875,188
644,1,8.03749942779541,20.8999996185303,-0.300000011920929,2796,67.6385498046875,188
644,2,8.03749942779541,20.8999996185303,-0.300000011920929,2796,67.6385498046875,188
644,2,8.03749942779541,20.8999996185303,-0.300000011920929,2796,67.6385498046875,188
644,2,8.03749942779541,20.8999996185303,-0.300000011920929,2796,67.6385498046875,188
644,2,8.03749942779541,20.8999996185303,-0.300000011920929,2796,67.6385498046875,188
645,0,9.39583301544189,21.8999996185303,0.899999976158142,2462,67.7380905151367,167
645,0,9.39583301544189,21.8999996185303,0.899999976158142,2462,67.7380905151367,167
645,0,9.39583301544189,21.8999996185303,0.899999976158142,2462,67.7380905151367,167
645,0,9.39583301544189,21.8999996185303,0.899999976158142,2462,67.7380905151367,167
645,1,9.39583301544189,21.8999996185303,0.899999976158142,2462,67.7380905151367,167
645,1,9.39583301544189,21.8999996185303,0.899999976158142,2462,67.7380905151367,167
645,1,9.39583301544189,21.8999996185303,0.899999976158142,2462,67.7380905151367,167
645,1,9.39583301544189,21.8999996185303,0.899999976158142,2462,67.7380905151367,167
645,2,9.39583301544189,21.8999996185303,0.899999976158142,2462,67.7380905151367,167
645,2,9.39583301544189,21.8999996185303,0.899999976158142,2462,67.7380905151367,167
645,2,9.39583301544189,21.8999996185303,0.899999976158142,2462,67.7380905151367,167
645,2,9.39583301544189,21.8999996185303,0.899999976158142,2462,67.7380905151367,167
646,0,8.39166641235352,21.2999992370606,-0.200000002980232,2603,67.4910125732422,177
646,0,8.39166641235352,21.2999992370606,-0.200000002980232,2603,67.4910125732422,177
646,0,8.39166641235352,21.2999992370606,-0.200000002980232,2603,67.4910125732422,177
646,0,8.39166641235352,21.2999992370606,-0.200000002980232,2603,67.4910125732422,177
646,1,8.39166641235352,21.2999992370606,-0.200000002980232,2603,67.4910125732422,177
646,1,8.39166641235352,21.2999992370606,-0.200000002980232,2603,67.4910125732422,177
646,1,8.39166641235352,21.2999992370606,-0.200000002980232,2603,67.4910125732422,177
646,1,8.39166641235352,21.2999992370606,-0.200000002980232,2603,67.4910125732422,177
646,2,8.39166641235352,21.2999992370606,-0.200000002980232,2603,67.4910125732422,177
646,2,8.39166641235352,21.2999992370606,-0.200000002980232,2603,67.4910125732422,177
646,2,8.39166641235352,21.2999992370606,-0.200000002980232,2603,67.4910125732422,177
646,2,8.39166641235352,21.2999992370606,-0.200000002980232,2603,67.4910125732422,177
647,0,9.15833282470703,21.7000007629395,0.699999988079071,2525,67.6392288208008,172
647,0,9.15833282470703,21.7000007629395,0.699999988079071,2525,67.6392288208008,172
647,0,9.15833282470703,21.7000007629395,0.699999988079071,2525,67.6392288208008,172
647,0,9.15833282470703,21.7000007629395,0.699999988079071,2525,67.6392288208008,172
647,1,9.15833282470703,21.7000007629395,0.699999988079071,2525,67.6392288208008,172
647,1,9.15833282470703,21.7000007629395,0.699999988079071,2525,67.6392288208008,172
647,1,9.15833282470703,21.7000007629395,0.699999988079071,2525,67.6392288208008,172
647,1,9.15833282470703,21.7000007629395,0.699999988079071,2525,67.6392288208008,172
647,2,9.15833282470703,21.7000007629395,0.699999988079071,2525,67.6392288208008,172
647,2,9.15833282470703,21.7000007629395,0.699999988079071,2525,67.6392288208008,172
647,2,9.15833282470703,21.7000007629395,0.699999988079071,2525,67.6392288208008,172
647,2,9.15833282470703,21.7000007629395,0.699999988079071,2525,67.6392288208008,172
648,0,9.72916698455811,21.5,1.5,2426,65.2678451538086,171
648,0,9.72916698455811,21.5,1.5,2426,65.2678451538086,171
648,0,9.72916698455811,21.5,1.5,2426,65.2678451538086,171
648,0,9.72916698455811,21.5,1.5,2426,65.2678451538086,171
648,1,9.72916698455811,21.5,1.5,2426,65.2678451538086,171
648,1,9.72916698455811,21.5,1.5,2426,65.2678451538086,171
648,1,9.72916698455811,21.5,1.5,2426,65.2678451538086,171
648,1,9.72916698455811,21.5,1.5,2426,65.2678451538086,171
648,2,9.72916698455811,21.5,1.5,2426,65.2678451538086,171
648,2,9.72916698455811,21.5,1.5,2426,65.2678451538086,171
648,2,9.72916698455811,21.5,1.5,2426,65.2678451538086,171
648,2,9.72916698455811,21.5,1.5,2426,65.2678451538086,171
649,0,10.2583332061768,21.1000003814697,2.20000004768372,2302,62.8883361816406,173
649,0,10.2583332061768,21.1000003814697,2.20000004768372,2302,62.8883361816406,173
649,0,10.2583332061768,21.1000003814697,2.20000004768372,2302,62.8883361816406,173
649,0,10.2583332061768,21.1000003814697,2.20000004768372,2302,62.8883361816406,173
649,1,10.2583332061768,21.1000003814697,2.20000004768372,2302,62.8883361816406,173
649,1,10.2583332061768,21.1000003814697,2.20000004768372,2302,62.8883361816406,173
649,1,10.2583332061768,21.1000003814697,2.20000004768372,2302,62.8883361816406,173
649,1,10.2583332061768,21.1000003814697,2.20000004768372,2302,62.8883361816406,173
649,2,10.2583332061768,21.1000003814697,2.20000004768372,2302,62.8883361816406,173
649,2,10.2583332061768,21.1000003814697,2.20000004768372,2302,62.8883361816406,173
649,2,10.2583332061768,21.1000003814697,2.20000004768372,2302,62.8883361816406,173
649,2,10.2583332061768,21.1000003814697,2.20000004768372,2302,62.8883361816406,173
650,0,9.84583377838135,21.2000007629395,1.10000002384186,2114,63.0608100891113,158
650,0,9.84583377838135,21.2000007629395,1.10000002384186,2114,63.0608100891113,158
650,0,9.84583377838135,21.2000007629395,1.10000002384186,2114,63.0608100891113,158
650,0,9.84583377838135,21.2000007629395,1.10000002384186,2114,63.0608100891113,158
650,1,9.84583377838135,21.2000007629395,1.10000002384186,2114,63.0608100891113,158
650,1,9.84583377838135,21.2000007629395,1.10000002384186,2114,63.0608100891113,158
650,1,9.84583377838135,21.2000007629395,1.10000002384186,2114,63.0608100891113,158
650,1,9.84583377838135,21.2000007629395,1.10000002384186,2114,63.0608100891113,158
650,2,9.84583377838135,21.2000007629395,1.10000002384186,2114,63.0608100891113,158
650,2,9.84583377838135,21.2000007629395,1.10000002384186,2114,63.0608100891113,158
650,2,9.84583377838135,21.2000007629395,1.10000002384186,2114,63.0608100891113,158
650,2,9.84583377838135,21.2000007629395,1.10000002384186,2114,63.0608100891113,158
651,0,9.58333301544189,22.1000003814697,1,2321,67.3321228027344,159
651,0,9.58333301544189,22.1000003814697,1,2321,67.3321228027344,159
651,0,9.58333301544189,22.1000003814697,1,2321,67.3321228027344,159
651,0,9.58333301544189,22.1000003814697,1,2321,67.3321228027344,159
651,1,9.58333301544189,22.1000003814697,1,2321,67.3321228027344,159
651,1,9.58333301544189,22.1000003814697,1,2321,67.3321228027344,159
651,1,9.58333301544189,22.1000003814697,1,2321,67.3321228027344,159
651,1,9.58333301544189,22.1000003814697,1,2321,67.3321228027344,159
651,2,9.58333301544189,22.1000003814697,1,2321,67.3321228027344,159
651,2,9.58333301544189,22.1000003814697,1,2321,67.3321228027344,159
651,2,9.58333301544189,22.1000003814697,1,2321,67.3321228027344,159
651,2,9.58333301544189,22.1000003814697,1,2321,67.3321228027344,159
652,0,9.59583377838135,21.3999996185303,1.10000002384186,2288,64.4547348022461,162
652,0,9.59583377838135,21.3999996185303,1.10000002384186,2288,64.4547348022461,162
652,0,9.59583377838135,21.3999996185303,1.10000002384186,2288,64.4547348022461,162
652,0,9.59583377838135,21.3999996185303,1.10000002384186,2288,64.4547348022461,162
652,1,9.59583377838135,21.3999996185303,1.10000002384186,2288,64.4547348022461,162
652,1,9.59583377838135,21.3999996185303,1.10000002384186,2288,64.4547348022461,162
652,1,9.59583377838135,21.3999996185303,1.10000002384186,2288,64.4547348022461,162
652,1,9.59583377838135,21.3999996185303,1.10000002384186,2288,64.4547348022461,162
652,2,9.59583377838135,21.3999996185303,1.10000002384186,2288,64.4547348022461,162
652,2,9.59583377838135,21.3999996185303,1.10000002384186,2288,64.4547348022461,162
652,2,9.59583377838135,21.3999996185303,1.10000002384186,2288,64.4547348022461,162
652,2,9.59583377838135,21.3999996185303,1.10000002384186,2288,64.4547348022461,162
653,0,10.1958332061768,19.6000003814697,3,2344,62.2205123901367,183
653,0,10.1958332061768,19.6000003814697,3,2344,62.2205123901367,183
653,0,10.1958332061768,19.6000003814697,3,2344,62.2205123901367,183
653,0,10.1958332061768,19.6000003814697,3,2344,62.2205123901367,183
653,1,10.1958332061768,19.6000003814697,3,2344,62.2205123901367,183
653,1,10.1958332061768,19.6000003814697,3,2344,62.2205123901367,183
653,1,10.1958332061768,19.6000003814697,3,2344,62.2205123901367,183
653,1,10.1958332061768,19.6000003814697,3,2344,62.2205123901367,183
653,2,10.1958332061768,19.6000003814697,3,2344,62.2205123901367,183
653,2,10.1958332061768,19.6000003814697,3,2344,62.2205123901367,183
653,2,10.1958332061768,19.6000003814697,3,2344,62.2205123901367,183
653,2,10.1958332061768,19.6000003814697,3,2344,62.2205123901367,183
654,0,8.98333358764648,21.8999996185303,0.200000002980232,2328,66.1395721435547,160
654,0,8.98333358764648,21.8999996185303,0.200000002980232,2328,66.1395721435547,160
654,0,8.98333358764648,21.8999996185303,0.200000002980232,2328,66.1395721435547,160
654,0,8.98333358764648,21.8999996185303,0.200000002980232,2328,66.1395721435547,160
654,1,8.98333358764648,21.8999996185303,0.200000002980232,2328,66.1395721435547,160
654,1,8.98333358764648,21.8999996185303,0.200000002980232,2328,66.1395721435547,160
654,1,8.98333358764648,21.8999996185303,0.200000002980232,2328,66.1395721435547,160
654,1,8.98333358764648,21.8999996185303,0.200000002980232,2328,66.1395721435547,160
654,2,8.98333358764648,21.8999996185303,0.200000002980232,2328,66.1395721435547,160
654,2,8.98333358764648,21.8999996185303,0.200000002980232,2328,66.1395721435547,160
654,2,8.98333358764648,21.8999996185303,0.200000002980232,2328,66.1395721435547,160
654,2,8.98333358764648,21.8999996185303,0.200000002980232,2328,66.1395721435547,160
655,0,2.98749995231628,22.7000007629395,-9.60000038146973,695,40.2338829040527,82
655,0,2.98749995231628,22.7000007629395,-9.60000038146973,695,40.2338829040527,82
655,0,2.98749995231628,22.7000007629395,-9.60000038146973,695,40.2338829040527,82
655,0,2.98749995231628,22.7000007629395,-9.60000038146973,695,40.2338829040527,82
655,1,2.98749995231628,22.7000007629395,-9.60000038146973,695,40.2338829040527,82
655,1,2.98749995231628,22.7000007629395,-9.60000038146973,695,40.2338829040527,82
655,1,2.98749995231628,22.7000007629395,-9.60000038146973,695,40.2338829040527,82
655,1,2.98749995231628,22.7000007629395,-9.60000038146973,695,40.2338829040527,82
655,2,2.98749995231628,22.7000007629395,-9.60000038146973,695,40.2338829040527,82
655,2,2.98749995231628,22.7000007629395,-9.60000038146973,695,40.2338829040527,82
655,2,2.98749995231628,22.7000007629395,-9.60000038146973,695,40.2338829040527,82
655,2,2.98749995231628,22.7000007629395,-9.60000038146973,695,40.2338829040527,82
656,0,4.52916669845581,24.2999992370606,-8.30000019073486,651,43.3917541503906,87
656,0,4.52916669845581,24.2999992370606,-8.30000019073486,651,43.3917541503906,87
656,0,4.52916669845581,24.2999992370606,-8.30000019073486,651,43.3917541503906,87
656,0,4.52916669845581,24.2999992370606,-8.30000019073486,651,43.3917541503906,87
656,1,4.52916669845581,24.2999992370606,-8.30000019073486,651,43.3917541503906,87
656,1,4.52916669845581,24.2999992370606,-8.30000019073486,651,43.3917541503906,87
656,1,4.52916669845581,24.2999992370606,-8.30000019073486,651,43.3917541503906,87
656,1,4.52916669845581,24.2999992370606,-8.30000019073486,651,43.3917541503906,87
656,2,4.52916669845581,24.2999992370606,-8.30000019073486,651,43.3917541503906,87
656,2,4.52916669845581,24.2999992370606,-8.30000019073486,651,43.3917541503906,87
656,2,4.52916669845581,24.2999992370606,-8.30000019073486,651,43.3917541503906,87
656,2,4.52916669845581,24.2999992370606,-8.30000019073486,651,43.3917541503906,87
657,0,4.69999980926514,23.7999992370606,-7.69999980926514,712,42.3593864440918,93
657,0,4.69999980926514,23.7999992370606,-7.69999980926514,712,42.3593864440918,93
657,0,4.69999980926514,23.7999992370606,-7.69999980926514,712,42.3593864440918,93
657,0,4.69999980926514,23.7999992370606,-7.69999980926514,712,42.3593864440918,93
657,1,4.69999980926514,23.7999992370606,-7.69999980926514,712,42.3593864440918,93
657,1,4.69999980926514,23.7999992370606,-7.69999980926514,712,42.3593864440918,93
657,1,4.69999980926514,23.7999992370606,-7.69999980926514,712,42.3593864440918,93
657,1,4.69999980926514,23.7999992370606,-7.69999980926514,712,42.3593864440918,93
657,2,4.69999980926514,23.7999992370606,-7.69999980926514,712,42.3593864440918,93
657,2,4.69999980926514,23.7999992370606,-7.69999980926514,712,42.3593864440918,93
657,2,4.69999980926514,23.7999992370606,-7.69999980926514,712,42.3593864440918,93
657,2,4.69999980926514,23.7999992370606,-7.69999980926514,712,42.3593864440918,93
658,0,5.29583311080933,25.8999996185303,-8.19999980926514,575,40.0641441345215,82
658,0,5.29583311080933,25.8999996185303,-8.19999980926514,575,40.0641441345215,82
658,0,5.29583311080933,25.8999996185303,-8.19999980926514,575,40.0641441345215,82
658,0,5.29583311080933,25.8999996185303,-8.19999980926514,575,40.0641441345215,82
658,1,5.29583311080933,25.8999996185303,-8.19999980926514,575,40.0641441345215,82
658,1,5.29583311080933,25.8999996185303,-8.19999980926514,575,40.0641441345215,82
658,1,5.29583311080933,25.8999996185303,-8.19999980926514,575,40.0641441345215,82
658,1,5.29583311080933,25.8999996185303,-8.19999980926514,575,40.0641441345215,82
658,2,5.29583311080933,25.8999996185303,-8.19999980926514,575,40.0641441345215,82
658,2,5.29583311080933,25.8999996185303,-8.19999980926514,575,40.0641441345215,82
658,2,5.29583311080933,25.8999996185303,-8.19999980926514,575,40.0641441345215,82
658,2,5.29583311080933,25.8999996185303,-8.19999980926514,575,40.0641441345215,82
659,0,5.95833349227905,27.1000003814697,-8.39999961853027,551,39.5057373046875,79
659,0,5.95833349227905,27.1000003814697,-8.39999961853027,551,39.5057373046875,79
659,0,5.95833349227905,27.1000003814697,-8.39999961853027,551,39.5057373046875,79
659,0,5.95833349227905,27.1000003814697,-8.39999961853027,551,39.5057373046875,79
659,1,5.95833349227905,27.1000003814697,-8.39999961853027,551,39.5057373046875,79
659,1,5.95833349227905,27.1000003814697,-8.39999961853027,551,39.5057373046875,79
659,1,5.95833349227905,27.1000003814697,-8.39999961853027,551,39.5057373046875,79
659,1,5.95833349227905,27.1000003814697,-8.39999961853027,551,39.5057373046875,79
659,2,5.95833349227905,27.1000003814697,-8.39999961853027,551,39.5057373046875,79
659,2,5.95833349227905,27.1000003814697,-8.39999961853027,551,39.5057373046875,79
659,2,5.95833349227905,27.1000003814697,-8.39999961853027,551,39.5057373046875,79
659,2,5.95833349227905,27.1000003814697,-8.39999961853027,551,39.5057373046875,79
660,0,5.24583339691162,25.7000007629395,-8.39999961853027,606,42.1327095031738,83
660,0,5.24583339691162,25.7000007629395,-8.39999961853027,606,42.1327095031738,83
660,0,5.24583339691162,25.7000007629395,-8.39999961853027,606,42.1327095031738,83
660,0,5.24583339691162,25.7000007629395,-8.39999961853027,606,42.1327095031738,83
660,1,5.24583339691162,25.7000007629395,-8.39999961853027,606,42.1327095031738,83
660,1,5.24583339691162,25.7000007629395,-8.39999961853027,606,42.1327095031738,83
660,1,5.24583339691162,25.7000007629395,-8.39999961853027,606,42.1327095031738,83
660,1,5.24583339691162,25.7000007629395,-8.39999961853027,606,42.1327095031738,83
660,2,5.24583339691162,25.7000007629395,-8.39999961853027,606,42.1327095031738,83
660,2,5.24583339691162,25.7000007629395,-8.39999961853027,606,42.1327095031738,83
660,2,5.24583339691162,25.7000007629395,-8.39999961853027,606,42.1327095031738,83
660,2,5.24583339691162,25.7000007629395,-8.39999961853027,606,42.1327095031738,83
661,0,5.17083311080933,25.3999996185303,-7.90000009536743,587,40.1164512634277,71
661,0,5.17083311080933,25.3999996185303,-7.90000009536743,587,40.1164512634277,71
661,0,5.17083311080933,25.3999996185303,-7.90000009536743,587,40.1164512634277,71
661,0,5.17083311080933,25.3999996185303,-7.90000009536743,587,40.1164512634277,71
661,1,5.17083311080933,25.3999996185303,-7.90000009536743,587,40.1164512634277,71
661,1,5.17083311080933,25.3999996185303,-7.90000009536743,587,40.1164512634277,71
661,1,5.17083311080933,25.3999996185303,-7.90000009536743,587,40.1164512634277,71
661,1,5.17083311080933,25.3999996185303,-7.90000009536743,587,40.1164512634277,71
661,2,5.17083311080933,25.3999996185303,-7.90000009536743,587,40.1164512634277,71
661,2,5.17083311080933,25.3999996185303,-7.90000009536743,587,40.1164512634277,71
661,2,5.17083311080933,25.3999996185303,-7.90000009536743,587,40.1164512634277,71
661,2,5.17083311080933,25.3999996185303,-7.90000009536743,587,40.1164512634277,71
662,0,6.15416669845581,26.2999992370606,-6.90000009536743,694,45.468807220459,84
662,0,6.15416669845581,26.2999992370606,-6.90000009536743,694,45.468807220459,84
662,0,6.15416669845581,26.2999992370606,-6.90000009536743,694,45.468807220459,84
662,0,6.15416669845581,26.2999992370606,-6.90000009536743,694,45.468807220459,84
662,1,6.15416669845581,26.2999992370606,-6.90000009536743,694,45.468807220459,84
662,1,6.15416669845581,26.2999992370606,-6.90000009536743,694,45.468807220459,84
662,1,6.15416669845581,26.2999992370606,-6.90000009536743,694,45.468807220459,84
662,1,6.15416669845581,26.2999992370606,-6.90000009536743,694,45.468807220459,84
662,2,6.15416669845581,26.2999992370606,-6.90000009536743,694,45.468807220459,84
662,2,6.15416669845581,26.2999992370606,-6.90000009536743,694,45.468807220459,84
662,2,6.15416669845581,26.2999992370606,-6.90000009536743,694,45.468807220459,84
662,2,6.15416669845581,26.2999992370606,-6.90000009536743,694,45.468807220459,84
663,0,7.625,27.7000007629395,-5.5,622,43.4307594299316,77
663,0,7.625,27.7000007629395,-5.5,622,43.4307594299316,77
663,0,7.625,27.7000007629395,-5.5,622,43.4307594299316,77
663,0,7.625,27.7000007629395,-5.5,622,43.4307594299316,77
663,1,7.625,27.7000007629395,-5.5,622,43.4307594299316,77
663,1,7.625,27.7000007629395,-5.5,622,43.4307594299316,77
663,1,7.625,27.7000007629395,-5.5,622,43.4307594299316,77
663,1,7.625,27.7000007629395,-5.5,622,43.4307594299316,77
663,2,7.625,27.7000007629395,-5.5,622,43.4307594299316,77
663,2,7.625,27.7000007629395,-5.5,622,43.4307594299316,77
663,2,7.625,27.7000007629395,-5.5,622,43.4307594299316,77
663,2,7.625,27.7000007629395,-5.5,622,43.4307594299316,77
664,0,5.10833311080933,25.5,-8.39999961853027,587,40.4695930480957,83
664,0,5.10833311080933,25.5,-8.39999961853027,587,40.4695930480957,83
664,0,5.10833311080933,25.5,-8.39999961853027,587,40.4695930480957,83
664,0,5.10833311080933,25.5,-8.39999961853027,587,40.4695930480957,83
664,1,5.10833311080933,25.5,-8.39999961853027,587,40.4695930480957,83
664,1,5.10833311080933,25.5,-8.39999961853027,587,40.4695930480957,83
664,1,5.10833311080933,25.5,-8.39999961853027,587,40.4695930480957,83
664,1,5.10833311080933,25.5,-8.39999961853027,587,40.4695930480957,83
664,2,5.10833311080933,25.5,-8.39999961853027,587,40.4695930480957,83
664,2,5.10833311080933,25.5,-8.39999961853027,587,40.4695930480957,83
664,2,5.10833311080933,25.5,-8.39999961853027,587,40.4695930480957,83
664,2,5.10833311080933,25.5,-8.39999961853027,587,40.4695930480957,83
665,0,5.16249990463257,24.7000007629395,-7.30000019073486,727,45.3689880371094,90
665,0,5.16249990463257,24.7000007629395,-7.30000019073486,727,45.3689880371094,90
665,0,5.16249990463257,24.7000007629395,-7.30000019073486,727,45.3689880371094,90
665,0,5.16249990463257,24.7000007629395,-7.30000019073486,727,45.3689880371094,90
665,1,5.16249990463257,24.7000007629395,-7.30000019073486,727,45.3689880371094,90
665,1,5.16249990463257,24.7000007629395,-7.30000019073486,727,45.3689880371094,90
665,1,5.16249990463257,24.7000007629395,-7.30000019073486,727,45.3689880371094,90
665,1,5.16249990463257,24.7000007629395,-7.30000019073486,727,45.3689880371094,90
665,2,5.16249990463257,24.7000007629395,-7.30000019073486,727,45.3689880371094,90
665,2,5.16249990463257,24.7000007629395,-7.30000019073486,727,45.3689880371094,90
665,2,5.16249990463257,24.7000007629395,-7.30000019073486,727,45.3689880371094,90
665,2,5.16249990463257,24.7000007629395,-7.30000019073486,727,45.3689880371094,90
666,0,4.34583330154419,23.7000007629395,-8.19999980926514,715,42.1324462890625,96
666,0,4.34583330154419,23.7000007629395,-8.19999980926514,715,42.1324462890625,96
666,0,4.34583330154419,23.7000007629395,-8.19999980926514,715,42.1324462890625,96
666,0,4.34583330154419,23.7000007629395,-8.19999980926514,715,42.1324462890625,96
666,1,4.34583330154419,23.7000007629395,-8.19999980926514,715,42.1324462890625,96
666,1,4.34583330154419,23.7000007629395,-8.19999980926514,715,42.1324462890625,96
666,1,4.34583330154419,23.7000007629395,-8.19999980926514,715,42.1324462890625,96
666,1,4.34583330154419,23.7000007629395,-8.19999980926514,715,42.1324462890625,96
666,2,4.34583330154419,23.7000007629395,-8.19999980926514,715,42.1324462890625,96
666,2,4.34583330154419,23.7000007629395,-8.19999980926514,715,42.1324462890625,96
666,2,4.34583330154419,23.7000007629395,-8.19999980926514,715,42.1324462890625,96
666,2,4.34583330154419,23.7000007629395,-8.19999980926514,715,42.1324462890625,96
667,0,4.40833330154419,23.2000007629395,-7.69999980926514,725,42.6878852844238,95
667,0,4.40833330154419,23.2000007629395,-7.69999980926514,725,42.6878852844238,95
667,0,4.40833330154419,23.2000007629395,-7.69999980926514,725,42.6878852844238,95
667,0,4.40833330154419,23.2000007629395,-7.69999980926514,725,42.6878852844238,95
667,1,4.40833330154419,23.2000007629395,-7.69999980926514,725,42.6878852844238,95
667,1,4.40833330154419,23.2000007629395,-7.69999980926514,725,42.6878852844238,95
667,1,4.40833330154419,23.2000007629395,-7.69999980926514,725,42.6878852844238,95
667,1,4.40833330154419,23.2000007629395,-7.69999980926514,725,42.6878852844238,95
667,2,4.40833330154419,23.2000007629395,-7.69999980926514,725,42.6878852844238,95
667,2,4.40833330154419,23.2000007629395,-7.69999980926514,725,42.6878852844238,95
667,2,4.40833330154419,23.2000007629395,-7.69999980926514,725,42.6878852844238,95
667,2,4.40833330154419,23.2000007629395,-7.69999980926514,725,42.6878852844238,95
668,0,5.92500019073486,25.8999996185303,-6.90000009536743,704,45.7499389648438,87
668,0,5.92500019073486,25.8999996185303,-6.90000009536743,704,45.7499389648438,87
668,0,5.92500019073486,25.8999996185303,-6.90000009536743,704,45.7499389648438,87
668,0,5.92500019073486,25.8999996185303,-6.90000009536743,704,45.7499389648438,87
668,1,5.92500019073486,25.8999996185303,-6.90000009536743,704,45.7499389648438,87
668,1,5.92500019073486,25.8999996185303,-6.90000009536743,704,45.7499389648438,87
668,1,5.92500019073486,25.8999996185303,-6.90000009536743,704,45.7499389648438,87
668,1,5.92500019073486,25.8999996185303,-6.90000009536743,704,45.7499389648438,87
668,2,5.92500019073486,25.8999996185303,-6.90000009536743,704,45.7499389648438,87
668,2,5.92500019073486,25.8999996185303,-6.90000009536743,704,45.7499389648438,87
668,2,5.92500019073486,25.8999996185303,-6.90000009536743,704,45.7499389648438,87
668,2,5.92500019073486,25.8999996185303,-6.90000009536743,704,45.7499389648438,87
669,0,5.20416688919067,25.5,-8.39999961853027,532,38.0251846313477,78
669,0,5.20416688919067,25.5,-8.39999961853027,532,38.0251846313477,78
669,0,5.20416688919067,25.5,-8.39999961853027,532,38.0251846313477,78
669,0,5.20416688919067,25.5,-8.39999961853027,532,38.0251846313477,78
669,1,5.20416688919067,25.5,-8.39999961853027,532,38.0251846313477,78
669,1,5.20416688919067,25.5,-8.39999961853027,532,38.0251846313477,78
669,1,5.20416688919067,25.5,-8.39999961853027,532,38.0251846313477,78
669,1,5.20416688919067,25.5,-8.39999961853027,532,38.0251846313477,78
669,2,5.20416688919067,25.5,-8.39999961853027,532,38.0251846313477,78
669,2,5.20416688919067,25.5,-8.39999961853027,532,38.0251846313477,78
669,2,5.20416688919067,25.5,-8.39999961853027,532,38.0251846313477,78
669,2,5.20416688919067,25.5,-8.39999961853027,532,38.0251846313477,78
670,0,3.76250004768372,23.7000007629395,-9.10000038146973,672,41.7582740783691,77
670,0,3.76250004768372,23.7000007629395,-9.10000038146973,672,41.7582740783691,77
670,0,3.76250004768372,23.7000007629395,-9.10000038146973,672,41.7582740783691,77
670,0,3.76250004768372,23.7000007629395,-9.10000038146973,672,41.7582740783691,77
670,1,3.76250004768372,23.7000007629395,-9.10000038146973,672,41.7582740783691,77
670,1,3.76250004768372,23.7000007629395,-9.10000038146973,672,41.7582740783691,77
670,1,3.76250004768372,23.7000007629395,-9.10000038146973,672,41.7582740783691,77
670,1,3.76250004768372,23.7000007629395,-9.10000038146973,672,41.7582740783691,77
670,2,3.76250004768372,23.7000007629395,-9.10000038146973,672,41.7582740783691,77
670,2,3.76250004768372,23.7000007629395,-9.10000038146973,672,41.7582740783691,77
670,2,3.76250004768372,23.7000007629395,-9.10000038146973,672,41.7582740783691,77
670,2,3.76250004768372,23.7000007629395,-9.10000038146973,672,41.7582740783691,77
671,0,5.76666641235352,25.5,-7,757,49.4514579772949,83
671,0,5.76666641235352,25.5,-7,757,49.4514579772949,83
671,0,5.76666641235352,25.5,-7,757,49.4514579772949,83
671,0,5.76666641235352,25.5,-7,757,49.4514579772949,83
671,1,5.76666641235352,25.5,-7,757,49.4514579772949,83
671,1,5.76666641235352,25.5,-7,757,49.4514579772949,83
671,1,5.76666641235352,25.5,-7,757,49.4514579772949,83
671,1,5.76666641235352,25.5,-7,757,49.4514579772949,83
671,2,5.76666641235352,25.5,-7,757,49.4514579772949,83
671,2,5.76666641235352,25.5,-7,757,49.4514579772949,83
671,2,5.76666641235352,25.5,-7,757,49.4514579772949,83
671,2,5.76666641235352,25.5,-7,757,49.4514579772949,83
672,0,4.66249990463257,23.6000003814697,-7.5,719,42.7641677856445,77
672,0,4.66249990463257,23.6000003814697,-7.5,719,42.7641677856445,77
672,0,4.66249990463257,23.6000003814697,-7.5,719,42.7641677856445,77
672,0,4.66249990463257,23.6000003814697,-7.5,719,42.7641677856445,77
672,1,4.66249990463257,23.6000003814697,-7.5,719,42.7641677856445,77
672,1,4.66249990463257,23.6000003814697,-7.5,719,42.7641677856445,77
672,1,4.66249990463257,23.6000003814697,-7.5,719,42.7641677856445,77
672,1,4.66249990463257,23.6000003814697,-7.5,719,42.7641677856445,77
672,2,4.66249990463257,23.6000003814697,-7.5,719,42.7641677856445,77
672,2,4.66249990463257,23.6000003814697,-7.5,719,42.7641677856445,77
672,2,4.66249990463257,23.6000003814697,-7.5,719,42.7641677856445,77
672,2,4.66249990463257,23.6000003814697,-7.5,719,42.7641677856445,77
673,0,4.52916669845581,24.1000003814697,-8.5,568,40.0054054260254,80
673,0,4.52916669845581,24.1000003814697,-8.5,568,40.0054054260254,80
673,0,4.52916669845581,24.1000003814697,-8.5,568,40.0054054260254,80
673,0,4.52916669845581,24.1000003814697,-8.5,568,40.0054054260254,80
673,1,4.52916669845581,24.1000003814697,-8.5,568,40.0054054260254,80
673,1,4.52916669845581,24.1000003814697,-8.5,568,40.0054054260254,80
673,1,4.52916669845581,24.1000003814697,-8.5,568,40.0054054260254,80
673,1,4.52916669845581,24.1000003814697,-8.5,568,40.0054054260254,80
673,2,4.52916669845581,24.1000003814697,-8.5,568,40.0054054260254,80
673,2,4.52916669845581,24.1000003814697,-8.5,568,40.0054054260254,80
673,2,4.52916669845581,24.1000003814697,-8.5,568,40.0054054260254,80
673,2,4.52916669845581,24.1000003814697,-8.5,568,40.0054054260254,80
674,0,5.51249980926514,25.2999992370606,-7.19999980926514,755,48.2981605529785,87
674,0,5.51249980926514,25.2999992370606,-7.19999980926514,755,48.2981605529785,87
674,0,5.51249980926514,25.2999992370606,-7.19999980926514,755,48.2981605529785,87
674,0,5.51249980926514,25.2999992370606,-7.19999980926514,755,48.2981605529785,87
674,1,5.51249980926514,25.2999992370606,-7.19999980926514,755,48.2981605529785,87
674,1,5.51249980926514,25.2999992370606,-7.19999980926514,755,48.2981605529785,87
674,1,5.51249980926514,25.2999992370606,-7.19999980926514,755,48.2981605529785,87
674,1,5.51249980926514,25.2999992370606,-7.19999980926514,755,48.2981605529785,87
674,2,5.51249980926514,25.2999992370606,-7.19999980926514,755,48.2981605529785,87
674,2,5.51249980926514,25.2999992370606,-7.19999980926514,755,48.2981605529785,87
674,2,5.51249980926514,25.2999992370606,-7.19999980926514,755,48.2981605529785,87
674,2,5.51249980926514,25.2999992370606,-7.19999980926514,755,48.2981605529785,87
675,0,7.03749990463257,26.7000007629395,-5.5,701,49.2017402648926,78
675,0,7.03749990463257,26.7000007629395,-5.5,701,49.2017402648926,78
675,0,7.03749990463257,26.7000007629395,-5.5,701,49.2017402648926,78
675,0,7.03749990463257,26.7000007629395,-5.5,701,49.2017402648926,78
675,1,7.03749990463257,26.7000007629395,-5.5,701,49.2017402648926,78
675,1,7.03749990463257,26.7000007629395,-5.5,701,49.2017402648926,78
675,1,7.03749990463257,26.7000007629395,-5.5,701,49.2017402648926,78
675,1,7.03749990463257,26.7000007629395,-5.5,701,49.2017402648926,78
675,2,7.03749990463257,26.7000007629395,-5.5,701,49.2017402648926,78
675,2,7.03749990463257,26.7000007629395,-5.5,701,49.2017402648926,78
675,2,7.03749990463257,26.7000007629395,-5.5,701,49.2017402648926,78
675,2,7.03749990463257,26.7000007629395,-5.5,701,49.2017402648926,78
605,0,5.62916660308838,21.2999992370606,-5,2085,62.5362281799317,161
605,0,5.62916660308838,21.2999992370606,-5,2085,62.5362281799317,161
605,0,5.62916660308838,21.2999992370606,-5,2085,62.5362281799317,161
605,0,5.62916660308838,21.2999992370606,-5,2085,62.5362281799317,161
605,1,5.62916660308838,21.2999992370606,-5,2085,62.5362281799317,161
605,1,5.62916660308838,21.2999992370606,-5,2085,62.5362281799317,161
605,1,5.62916660308838,21.2999992370606,-5,2085,62.5362281799317,161
605,1,5.62916660308838,21.2999992370606,-5,2085,62.5362281799317,161
605,2,5.62916660308838,21.2999992370606,-5,2085,62.5362281799317,161
605,2,5.62916660308838,21.2999992370606,-5,2085,62.5362281799317,161
605,2,5.62916660308838,21.2999992370606,-5,2085,62.5362281799317,161
605,2,5.62916660308838,21.2999992370606,-5,2085,62.5362281799317,161
606,0,7.61666679382324,22.7000007629395,-1.70000004768372,2226,61.7058410644531,171
606,0,7.61666679382324,22.7000007629395,-1.70000004768372,2226,61.7058410644531,171
606,0,7.61666679382324,22.7000007629395,-1.70000004768372,2226,61.7058410644531,171
606,0,7.61666679382324,22.7000007629395,-1.70000004768372,2226,61.7058410644531,171
606,1,7.61666679382324,22.7000007629395,-1.70000004768372,2226,61.7058410644531,171
606,1,7.61666679382324,22.7000007629395,-1.70000004768372,2226,61.7058410644531,171
606,1,7.61666679382324,22.7000007629395,-1.70000004768372,2226,61.7058410644531,171
606,1,7.61666679382324,22.7000007629395,-1.70000004768372,2226,61.7058410644531,171
606,2,7.61666679382324,22.7000007629395,-1.70000004768372,2226,61.7058410644531,171
606,2,7.61666679382324,22.7000007629395,-1.70000004768372,2226,61.7058410644531,171
606,2,7.61666679382324,22.7000007629395,-1.70000004768372,2226,61.7058410644531,171
606,2,7.61666679382324,22.7000007629395,-1.70000004768372,2226,61.7058410644531,171
607,0,6.875,23.1000003814697,-3.59999990463257,2033,63.2096138000488,155
607,0,6.875,23.1000003814697,-3.59999990463257,2033,63.2096138000488,155
607,0,6.875,23.1000003814697,-3.59999990463257,2033,63.2096138000488,155
607,0,6.875,23.1000003814697,-3.59999990463257,2033,63.2096138000488,155
607,1,6.875,23.1000003814697,-3.59999990463257,2033,63.2096138000488,155
607,1,6.875,23.1000003814697,-3.59999990463257,2033,63.2096138000488,155
607,1,6.875,23.1000003814697,-3.59999990463257,2033,63.2096138000488,155
607,1,6.875,23.1000003814697,-3.59999990463257,2033,63.2096138000488,155
607,2,6.875,23.1000003814697,-3.59999990463257,2033,63.2096138000488,155
607,2,6.875,23.1000003814697,-3.59999990463257,2033,63.2096138000488,155
607,2,6.875,23.1000003814697,-3.59999990463257,2033,63.2096138000488,155
607,2,6.875,23.1000003814697,-3.59999990463257,2033,63.2096138000488,155
608,0,5.84999990463257,20.8999996185303,-4,2173,61.5902442932129,168
608,0,5.84999990463257,20.8999996185303,-4,2173,61.5902442932129,168
608,0,5.84999990463257,20.8999996185303,-4,2173,61.5902442932129,168
608,0,5.84999990463257,20.8999996185303,-4,2173,61.5902442932129,168
608,1,5.84999990463257,20.8999996185303,-4,2173,61.5902442932129,168
608,1,5.84999990463257,20.8999996185303,-4,2173,61.5902442932129,168
608,1,5.84999990463257,20.8999996185303,-4,2173,61.5902442932129,168
608,1,5.84999990463257,20.8999996185303,-4,2173,61.5902442932129,168
608,2,5.84999990463257,20.8999996185303,-4,2173,61.5902442932129,168
608,2,5.84999990463257,20.8999996185303,-4,2173,61.5902442932129,168
608,2,5.84999990463257,20.8999996185303,-4,2173,61.5902442932129,168
608,2,5.84999990463257,20.8999996185303,-4,2173,61.5902442932129,168
609,0,8.11666679382324,25,-2.90000009536743,1770,65.4761962890625,128
609,0,8.11666679382324,25,-2.90000009536743,1770,65.4761962890625,128
609,0,8.11666679382324,25,-2.90000009536743,1770,65.4761962890625,128
609,0,8.11666679382324,25,-2.90000009536743,1770,65.4761962890625,128
609,1,8.11666679382324,25,-2.90000009536743,1770,65.4761962890625,128
609,1,8.11666679382324,25,-2.90000009536743,1770,65.4761962890625,128
609,1,8.11666679382324,25,-2.90000009536743,1770,65.4761962890625,128
609,1,8.11666679382324,25,-2.90000009536743,1770,65.4761962890625,128
609,2,8.11666679382324,25,-2.90000009536743,1770,65.4761962890625,128
609,2,8.11666679382324,25,-2.90000009536743,1770,65.4761962890625,128
609,2,8.11666679382324,25,-2.90000009536743,1770,65.4761962890625,128
609,2,8.11666679382324,25,-2.90000009536743,1770,65.4761962890625,128
610,0,6.61666679382324,22.8999996185303,-4,1934,63.4878654479981,149
610,0,6.61666679382324,22.8999996185303,-4,1934,63.4878654479981,149
610,0,6.61666679382324,22.8999996185303,-4,1934,63.4878654479981,149
610,0,6.61666679382324,22.8999996185303,-4,1934,63.4878654479981,149
610,1,6.61666679382324,22.8999996185303,-4,1934,63.4878654479981,149
610,1,6.61666679382324,22.8999996185303,-4,1934,63.4878654479981,149
610,1,6.61666679382324,22.8999996185303,-4,1934,63.4878654479981,149
610,1,6.61666679382324,22.8999996185303,-4,1934,63.4878654479981,149
610,2,6.61666679382324,22.8999996185303,-4,1934,63.4878654479981,149
610,2,6.61666679382324,22.8999996185303,-4,1934,63.4878654479981,149
610,2,6.61666679382324,22.8999996185303,-4,1934,63.4878654479981,149
610,2,6.61666679382324,22.8999996185303,-4,1934,63.4878654479981,149
611,0,8.15416622161865,23.3999996185303,-1.29999995231628,2248,61.9730567932129,171
611,0,8.15416622161865,23.3999996185303,-1.29999995231628,2248,61.9730567932129,171
611,0,8.15416622161865,23.3999996185303,-1.29999995231628,2248,61.9730567932129,171
611,0,8.15416622161865,23.3999996185303,-1.29999995231628,2248,61.9730567932129,171
611,1,8.15416622161865,23.3999996185303,-1.29999995231628,2248,61.9730567932129,171
611,1,8.15416622161865,23.3999996185303,-1.29999995231628,2248,61.9730567932129,171
611,1,8.15416622161865,23.3999996185303,-1.29999995231628,2248,61.9730567932129,171
611,1,8.15416622161865,23.3999996185303,-1.29999995231628,2248,61.9730567932129,171
611,2,8.15416622161865,23.3999996185303,-1.29999995231628,2248,61.9730567932129,171
611,2,8.15416622161865,23.3999996185303,-1.29999995231628,2248,61.9730567932129,171
611,2,8.15416622161865,23.3999996185303,-1.29999995231628,2248,61.9730567932129,171
611,2,8.15416622161865,23.3999996185303,-1.29999995231628,2248,61.9730567932129,171
612,0,9.17500019073486,24.3999996185303,-0.300000011920929,2183,59.9137229919434,173
612,0,9.17500019073486,24.3999996185303,-0.300000011920929,2183,59.9137229919434,173
612,0,9.17500019073486,24.3999996185303,-0.300000011920929,2183,59.9137229919434,173
612,0,9.17500019073486,24.3999996185303,-0.300000011920929,2183,59.9137229919434,173
612,1,9.17500019073486,24.3999996185303,-0.300000011920929,2183,59.9137229919434,173
612,1,9.17500019073486,24.3999996185303,-0.300000011920929,2183,59.9137229919434,173
612,1,9.17500019073486,24.3999996185303,-0.300000011920929,2183,59.9137229919434,173
612,1,9.17500019073486,24.3999996185303,-0.300000011920929,2183,59.9137229919434,173
612,2,9.17500019073486,24.3999996185303,-0.300000011920929,2183,59.9137229919434,173
612,2,9.17500019073486,24.3999996185303,-0.300000011920929,2183,59.9137229919434,173
612,2,9.17500019073486,24.3999996185303,-0.300000011920929,2183,59.9137229919434,173
612,2,9.17500019073486,24.3999996185303,-0.300000011920929,2183,59.9137229919434,173
613,0,5.84166669845581,21.8999996185303,-4.59999990463257,2009,63.2786254882813,156
613,0,5.84166669845581,21.8999996185303,-4.59999990463257,2009,63.2786254882813,156
613,0,5.84166669845581,21.8999996185303,-4.59999990463257,2009,63.2786254882813,156
613,0,5.84166669845581,21.8999996185303,-4.59999990463257,2009,63.2786254882813,156
613,1,5.84166669845581,21.8999996185303,-4.59999990463257,2009,63.2786254882813,156
613,1,5.84166669845581,21.8999996185303,-4.59999990463257,2009,63.2786254882813,156
613,1,5.84166669845581,21.8999996185303,-4.59999990463257,2009,63.2786254882813,156
613,1,5.84166669845581,21.8999996185303,-4.59999990463257,2009,63.2786254882813,156
613,2,5.84166669845581,21.8999996185303,-4.59999990463257,2009,63.2786254882813,156
613,2,5.84166669845581,21.8999996185303,-4.59999990463257,2009,63.2786254882813,156
613,2,5.84166669845581,21.8999996185303,-4.59999990463257,2009,63.2786254882813,156
613,2,5.84166669845581,21.8999996185303,-4.59999990463257,2009,63.2786254882813,156
614,0,9.17500019073486,25.1000003814697,-1.29999995231628,1809,61.2435264587402,135
614,0,9.17500019073486,25.1000003814697,-1.29999995231628,1809,61.2435264587402,135
614,0,9.17500019073486,25.1000003814697,-1.29999995231628,1809,61.2435264587402,135
614,0,9.17500019073486,25.1000003814697,-1.29999995231628,1809,61.2435264587402,135
614,1,9.17500019073486,25.1000003814697,-1.29999995231628,1809,61.2435264587402,135
614,1,9.17500019073486,25.1000003814697,-1.29999995231628,1809,61.2435264587402,135
614,1,9.17500019073486,25.1000003814697,-1.29999995231628,1809,61.2435264587402,135
614,1,9.17500019073486,25.1000003814697,-1.29999995231628,1809,61.2435264587402,135
614,2,9.17500019073486,25.1000003814697,-1.29999995231628,1809,61.2435264587402,135
614,2,9.17500019073486,25.1000003814697,-1.29999995231628,1809,61.2435264587402,135
614,2,9.17500019073486,25.1000003814697,-1.29999995231628,1809,61.2435264587402,135
614,2,9.17500019073486,25.1000003814697,-1.29999995231628,1809,61.2435264587402,135
615,0,6.61666679382324,22.7999992370606,-4,2013,63.6654815673828,154
615,0,6.61666679382324,22.7999992370606,-4,2013,63.6654815673828,154
615,0,6.61666679382324,22.7999992370606,-4,2013,63.6654815673828,154
615,0,6.61666679382324,22.7999992370606,-4,2013,63.6654815673828,154
615,1,6.61666679382324,22.7999992370606,-4,2013,63.6654815673828,154
615,1,6.61666679382324,22.7999992370606,-4,2013,63.6654815673828,154
615,1,6.61666679382324,22.7999992370606,-4,2013,63.6654815673828,154
615,1,6.61666679382324,22.7999992370606,-4,2013,63.6654815673828,154
615,2,6.61666679382324,22.7999992370606,-4,2013,63.6654815673828,154
615,2,6.61666679382324,22.7999992370606,-4,2013,63.6654815673828,154
615,2,6.61666679382324,22.7999992370606,-4,2013,63.6654815673828,154
615,2,6.61666679382324,22.7999992370606,-4,2013,63.6654815673828,154
616,0,7.20833349227905,21.6000003814697,-1.29999995231628,2576,62.3459396362305,199
616,0,7.20833349227905,21.6000003814697,-1.29999995231628,2576,62.3459396362305,199
616,0,7.20833349227905,21.6000003814697,-1.29999995231628,2576,62.3459396362305,199
616,0,7.20833349227905,21.6000003814697,-1.29999995231628,2576,62.3459396362305,199
616,1,7.20833349227905,21.6000003814697,-1.29999995231628,2576,62.3459396362305,199
616,1,7.20833349227905,21.6000003814697,-1.29999995231628,2576,62.3459396362305,199
616,1,7.20833349227905,21.6000003814697,-1.29999995231628,2576,62.3459396362305,199
616,1,7.20833349227905,21.6000003814697,-1.29999995231628,2576,62.3459396362305,199
616,2,7.20833349227905,21.6000003814697,-1.29999995231628,2576,62.3459396362305,199
616,2,7.20833349227905,21.6000003814697,-1.29999995231628,2576,62.3459396362305,199
616,2,7.20833349227905,21.6000003814697,-1.29999995231628,2576,62.3459396362305,199
616,2,7.20833349227905,21.6000003814697,-1.29999995231628,2576,62.3459396362305,199
617,0,6.22916650772095,22.7999992370606,-4.19999980926514,1971,64.8344497680664,149
617,0,6.22916650772095,22.7999992370606,-4.19999980926514,1971,64.8344497680664,149
617,0,6.22916650772095,22.7999992370606,-4.19999980926514,1971,64.8344497680664,149
617,0,6.22916650772095,22.7999992370606,-4.19999980926514,1971,64.8344497680664,149
617,1,6.22916650772095,22.7999992370606,-4.19999980926514,1971,64.8344497680664,149
617,1,6.22916650772095,22.7999992370606,-4.19999980926514,1971,64.8344497680664,149
617,1,6.22916650772095,22.7999992370606,-4.19999980926514,1971,64.8344497680664,149
617,1,6.22916650772095,22.7999992370606,-4.19999980926514,1971,64.8344497680664,149
617,2,6.22916650772095,22.7999992370606,-4.19999980926514,1971,64.8344497680664,149
617,2,6.22916650772095,22.7999992370606,-4.19999980926514,1971,64.8344497680664,149
617,2,6.22916650772095,22.7999992370606,-4.19999980926514,1971,64.8344497680664,149
617,2,6.22916650772095,22.7999992370606,-4.19999980926514,1971,64.8344497680664,149
618,0,7.84583330154419,25,-3.09999990463257,1714,65.3116073608399,124
618,0,7.84583330154419,25,-3.09999990463257,1714,65.3116073608399,124
618,0,7.84583330154419,25,-3.09999990463257,1714,65.3116073608399,124
618,0,7.84583330154419,25,-3.09999990463257,1714,65.3116073608399,124
618,1,7.84583330154419,25,-3.09999990463257,1714,65.3116073608399,124
618,1,7.84583330154419,25,-3.09999990463257,1714,65.3116073608399,124
618,1,7.84583330154419,25,-3.09999990463257,1714,65.3116073608399,124
618,1,7.84583330154419,25,-3.09999990463257,1714,65.3116073608399,124
618,2,7.84583330154419,25,-3.09999990463257,1714,65.3116073608399,124
618,2,7.84583330154419,25,-3.09999990463257,1714,65.3116073608399,124
618,2,7.84583330154419,25,-3.09999990463257,1714,65.3116073608399,124
618,2,7.84583330154419,25,-3.09999990463257,1714,65.3116073608399,124
619,0,6.06666660308838,22.5,-5.09999990463257,1870,63.4142761230469,144
619,0,6.06666660308838,22.5,-5.09999990463257,1870,63.4142761230469,144
619,0,6.06666660308838,22.5,-5.09999990463257,1870,63.4142761230469,144
619,0,6.06666660308838,22.5,-5.09999990463257,1870,63.4142761230469,144
619,1,6.06666660308838,22.5,-5.09999990463257,1870,63.4142761230469,144
619,1,6.06666660308838,22.5,-5.09999990463257,1870,63.4142761230469,144
619,1,6.06666660308838,22.5,-5.09999990463257,1870,63.4142761230469,144
619,1,6.06666660308838,22.5,-5.09999990463257,1870,63.4142761230469,144
619,2,6.06666660308838,22.5,-5.09999990463257,1870,63.4142761230469,144
619,2,6.06666660308838,22.5,-5.09999990463257,1870,63.4142761230469,144
619,2,6.06666660308838,22.5,-5.09999990463257,1870,63.4142761230469,144
619,2,6.06666660308838,22.5,-5.09999990463257,1870,63.4142761230469,144
620,0,5.59583330154419,21.1000003814697,-4.30000019073486,2264,62.8980712890625,176
620,0,5.59583330154419,21.1000003814697,-4.30000019073486,2264,62.8980712890625,176
620,0,5.59583330154419,21.1000003814697,-4.30000019073486,2264,62.8980712890625,176
620,0,5.59583330154419,21.1000003814697,-4.30000019073486,2264,62.8980712890625,176
620,1,5.59583330154419,21.1000003814697,-4.30000019073486,2264,62.8980712890625,176
620,1,5.59583330154419,21.1000003814697,-4.30000019073486,2264,62.8980712890625,176
620,1,5.59583330154419,21.1000003814697,-4.30000019073486,2264,62.8980712890625,176
620,1,5.59583330154419,21.1000003814697,-4.30000019073486,2264,62.8980712890625,176
620,2,5.59583330154419,21.1000003814697,-4.30000019073486,2264,62.8980712890625,176
620,2,5.59583330154419,21.1000003814697,-4.30000019073486,2264,62.8980712890625,176
620,2,5.59583330154419,21.1000003814697,-4.30000019073486,2264,62.8980712890625,176
620,2,5.59583330154419,21.1000003814697,-4.30000019073486,2264,62.8980712890625,176
621,0,6.40000009536743,23,-4.30000019073486,1833,64.0150451660156,141
621,0,6.40000009536743,23,-4.30000019073486,1833,64.0150451660156,141
621,0,6.40000009536743,23,-4.30000019073486,1833,64.0150451660156,141
621,0,6.40000009536743,23,-4.30000019073486,1833,64.0150451660156,141
621,1,6.40000009536743,23,-4.30000019073486,1833,64.0150451660156,141
621,1,6.40000009536743,23,-4.30000019073486,1833,64.0150451660156,141
621,1,6.40000009536743,23,-4.30000019073486,1833,64.0150451660156,141
621,1,6.40000009536743,23,-4.30000019073486,1833,64.0150451660156,141
621,2,6.40000009536743,23,-4.30000019073486,1833,64.0150451660156,141
621,2,6.40000009536743,23,-4.30000019073486,1833,64.0150451660156,141
621,2,6.40000009536743,23,-4.30000019073486,1833,64.0150451660156,141
621,2,6.40000009536743,23,-4.30000019073486,1833,64.0150451660156,141
622,0,5.35416650772095,20.2000007629395,-3.90000009536743,2267,61.8684616088867,179
622,0,5.35416650772095,20.2000007629395,-3.90000009536743,2267,61.8684616088867,179
622,0,5.35416650772095,20.2000007629395,-3.90000009536743,2267,61.8684616088867,179
622,0,5.35416650772095,20.2000007629395,-3.90000009536743,2267,61.8684616088867,179
622,1,5.35416650772095,20.2000007629395,-3.90000009536743,2267,61.8684616088867,179
622,1,5.35416650772095,20.2000007629395,-3.90000009536743,2267,61.8684616088867,179
622,1,5.35416650772095,20.2000007629395,-3.90000009536743,2267,61.8684616088867,179
622,1,5.35416650772095,20.2000007629395,-3.90000009536743,2267,61.8684616088867,179
622,2,5.35416650772095,20.2000007629395,-3.90000009536743,2267,61.8684616088867,179
622,2,5.35416650772095,20.2000007629395,-3.90000009536743,2267,61.8684616088867,179
622,2,5.35416650772095,20.2000007629395,-3.90000009536743,2267,61.8684616088867,179
622,2,5.35416650772095,20.2000007629395,-3.90000009536743,2267,61.8684616088867,179
623,0,5.94166660308838,21.3999996185303,-4,2226,62.4782562255859,172
623,0,5.94166660308838,21.3999996185303,-4,2226,62.4782562255859,172
623,0,5.94166660308838,21.3999996185303,-4,2226,62.4782562255859,172
623,0,5.94166660308838,21.3999996185303,-4,2226,62.4782562255859,172
623,1,5.94166660308838,21.3999996185303,-4,2226,62.4782562255859,172
623,1,5.94166660308838,21.3999996185303,-4,2226,62.4782562255859,172
623,1,5.94166660308838,21.3999996185303,-4,2226,62.4782562255859,172
623,1,5.94166660308838,21.3999996185303,-4,2226,62.4782562255859,172
623,2,5.94166660308838,21.3999996185303,-4,2226,62.4782562255859,172
623,2,5.94166660308838,21.3999996185303,-4,2226,62.4782562255859,172
623,2,5.94166660308838,21.3999996185303,-4,2226,62.4782562255859,172
623,2,5.94166660308838,21.3999996185303,-4,2226,62.4782562255859,172
624,0,7.59583330154419,24.7000007629395,-3.29999995231628,1710,64.882568359375,127
624,0,7.59583330154419,24.7000007629395,-3.29999995231628,1710,64.882568359375,127
624,0,7.59583330154419,24.7000007629395,-3.29999995231628,1710,64.882568359375,127
624,0,7.59583330154419,24.7000007629395,-3.29999995231628,1710,64.882568359375,127
624,1,7.59583330154419,24.7000007629395,-3.29999995231628,1710,64.882568359375,127
624,1,7.59583330154419,24.7000007629395,-3.29999995231628,1710,64.882568359375,127
624,1,7.59583330154419,24.7000007629395,-3.29999995231628,1710,64.882568359375,127
624,1,7.59583330154419,24.7000007629395,-3.29999995231628,1710,64.882568359375,127
624,2,7.59583330154419,24.7000007629395,-3.29999995231628,1710,64.882568359375,127
624,2,7.59583330154419,24.7000007629395,-3.29999995231628,1710,64.882568359375,127
624,2,7.59583330154419,24.7000007629395,-3.29999995231628,1710,64.882568359375,127
624,2,7.59583330154419,24.7000007629395,-3.29999995231628,1710,64.882568359375,127
625,0,6.78333330154419,21.7999992370605,-2.59999990463257,2314,61.9595794677734,181
625,0,6.78333330154419,21.7999992370605,-2.59999990463257,2314,61.9595794677734,181
625,0,6.78333330154419,21.7999992370605,-2.59999990463257,2314,61.9595794677734,181
625,0,6.78333330154419,21.7999992370605,-2.59999990463257,2314,61.9595794677734,181
625,1,6.78333330154419,21.7999992370605,-2.59999990463257,2314,61.9595794677734,181
625,1,6.78333330154419,21.7999992370605,-2.59999990463257,2314,61.9595794677734,181
625,1,6.78333330154419,21.7999992370605,-2.59999990463257,2314,61.9595794677734,181
625,1,6.78333330154419,21.7999992370605,-2.59999990463257,2314,61.9595794677734,181
625,2,6.78333330154419,21.7999992370605,-2.59999990463257,2314,61.9595794677734,181
625,2,6.78333330154419,21.7999992370605,-2.59999990463257,2314,61.9595794677734,181
625,2,6.78333330154419,21.7999992370605,-2.59999990463257,2314,61.9595794677734,181
625,2,6.78333330154419,21.7999992370605,-2.59999990463257,2314,61.9595794677734,181
626,0,9.07916641235352,24.2000007629395,-0.200000002980232,2197,60.0227279663086,172
626,0,9.07916641235352,24.2000007629395,-0.200000002980232,2197,60.0227279663086,172
626,0,9.07916641235352,24.2000007629395,-0.200000002980232,2197,60.0227279663086,172
626,0,9.07916641235352,24.2000007629395,-0.200000002980232,2197,60.0227279663086,172
626,1,9.07916641235352,24.2000007629395,-0.200000002980232,2197,60.0227279663086,172
626,1,9.07916641235352,24.2000007629395,-0.200000002980232,2197,60.0227279663086,172
626,1,9.07916641235352,24.2000007629395,-0.200000002980232,2197,60.0227279663086,172
626,1,9.07916641235352,24.2000007629395,-0.200000002980232,2197,60.0227279663086,172
626,2,9.07916641235352,24.2000007629395,-0.200000002980232,2197,60.0227279663086,172
626,2,9.07916641235352,24.2000007629395,-0.200000002980232,2197,60.0227279663086,172
626,2,9.07916641235352,24.2000007629395,-0.200000002980232,2197,60.0227279663086,172
626,2,9.07916641235352,24.2000007629395,-0.200000002980232,2197,60.0227279663086,172
627,0,9.00833320617676,24.2000007629395,-0.400000005960465,2214,59.7998504638672,175
627,0,9.00833320617676,24.2000007629395,-0.400000005960465,2214,59.7998504638672,175
627,0,9.00833320617676,24.2000007629395,-0.400000005960465,2214,59.7998504638672,175
627,0,9.00833320617676,24.2000007629395,-0.400000005960465,2214,59.7998504638672,175
627,1,9.00833320617676,24.2000007629395,-0.400000005960465,2214,59.7998504638672,175
627,1,9.00833320617676,24.2000007629395,-0.400000005960465,2214,59.7998504638672,175
627,1,9.00833320617676,24.2000007629395,-0.400000005960465,2214,59.7998504638672,175
627,1,9.00833320617676,24.2000007629395,-0.400000005960465,2214,59.7998504638672,175
627,2,9.00833320617676,24.2000007629395,-0.400000005960465,2214,59.7998504638672,175
627,2,9.00833320617676,24.2000007629395,-0.400000005960465,2214,59.7998504638672,175
627,2,9.00833320617676,24.2000007629395,-0.400000005960465,2214,59.7998504638672,175
627,2,9.00833320617676,24.2000007629395,-0.400000005960465,2214,59.7998504638672,175
628,0,5.63749980926514,20.2999992370605,-3.59999990463257,2348,61.9084854125977,182
628,0,5.63749980926514,20.2999992370605,-3.59999990463257,2348,61.9084854125977,182
628,0,5.63749980926514,20.2999992370605,-3.59999990463257,2348,61.9084854125977,182
628,0,5.63749980926514,20.2999992370605,-3.59999990463257,2348,61.9084854125977,182
628,1,5.63749980926514,20.2999992370605,-3.59999990463257,2348,61.9084854125977,182
628,1,5.63749980926514,20.2999992370605,-3.59999990463257,2348,61.9084854125977,182
628,1,5.63749980926514,20.2999992370605,-3.59999990463257,2348,61.9084854125977,182
628,1,5.63749980926514,20.2999992370605,-3.59999990463257,2348,61.9084854125977,182
628,2,5.63749980926514,20.2999992370605,-3.59999990463257,2348,61.9084854125977,182
628,2,5.63749980926514,20.2999992370605,-3.59999990463257,2348,61.9084854125977,182
628,2,5.63749980926514,20.2999992370605,-3.59999990463257,2348,61.9084854125977,182
628,2,5.63749980926514,20.2999992370605,-3.59999990463257,2348,61.9084854125977,182
629,0,4.74166679382324,20.5,-5.40000009536743,2112,61.9382972717285,166
629,0,4.74166679382324,20.5,-5.40000009536743,2112,61.9382972717285,166
629,0,4.74166679382324,20.5,-5.40000009536743,2112,61.9382972717285,166
629,0,4.74166679382324,20.5,-5.40000009536743,2112,61.9382972717285,166
629,1,4.74166679382324,20.5,-5.40000009536743,2112,61.9382972717285,166
629,1,4.74166679382324,20.5,-5.40000009536743,2112,61.9382972717285,166
629,1,4.74166679382324,20.5,-5.40000009536743,2112,61.9382972717285,166
629,1,4.74166679382324,20.5,-5.40000009536743,2112,61.9382972717285,166
629,2,4.74166679382324,20.5,-5.40000009536743,2112,61.9382972717285,166
629,2,4.74166679382324,20.5,-5.40000009536743,2112,61.9382972717285,166
629,2,4.74166679382324,20.5,-5.40000009536743,2112,61.9382972717285,166
629,2,4.74166679382324,20.5,-5.40000009536743,2112,61.9382972717285,166
630,0,4.97499990463257,20.1000003814697,-4.59999990463257,2220,61.8324203491211,175
630,0,4.97499990463257,20.1000003814697,-4.59999990463257,2220,61.8324203491211,175
630,0,4.97499990463257,20.1000003814697,-4.59999990463257,2220,61.8324203491211,175
630,0,4.97499990463257,20.1000003814697,-4.59999990463257,2220,61.8324203491211,175
630,1,4.97499990463257,20.1000003814697,-4.59999990463257,2220,61.8324203491211,175
630,1,4.97499990463257,20.1000003814697,-4.59999990463257,2220,61.8324203491211,175
630,1,4.97499990463257,20.1000003814697,-4.59999990463257,2220,61.8324203491211,175
630,1,4.97499990463257,20.1000003814697,-4.59999990463257,2220,61.8324203491211,175
630,2,4.97499990463257,20.1000003814697,-4.59999990463257,2220,61.8324203491211,175
630,2,4.97499990463257,20.1000003814697,-4.59999990463257,2220,61.8324203491211,175
630,2,4.97499990463257,20.1000003814697,-4.59999990463257,2220,61.8324203491211,175
630,2,4.97499990463257,20.1000003814697,-4.59999990463257,2220,61.8324203491211,175
631,0,7.51666641235352,22.2999992370605,-1.39999997615814,2434,62.1089515686035,185
631,0,7.51666641235352,22.2999992370605,-1.39999997615814,2434,62.1089515686035,185
631,0,7.51666641235352,22.2999992370605,-1.39999997615814,2434,62.1089515686035,185
631,0,7.51666641235352,22.2999992370605,-1.39999997615814,2434,62.1089515686035,185
631,1,7.51666641235352,22.2999992370605,-1.39999997615814,2434,62.1089515686035,185
631,1,7.51666641235352,22.2999992370605,-1.39999997615814,2434,62.1089515686035,185
631,1,7.51666641235352,22.2999992370605,-1.39999997615814,2434,62.1089515686035,185
631,1,7.51666641235352,22.2999992370605,-1.39999997615814,2434,62.1089515686035,185
631,2,7.51666641235352,22.2999992370605,-1.39999997615814,2434,62.1089515686035,185
631,2,7.51666641235352,22.2999992370605,-1.39999997615814,2434,62.1089515686035,185
631,2,7.51666641235352,22.2999992370605,-1.39999997615814,2434,62.1089515686035,185
631,2,7.51666641235352,22.2999992370605,-1.39999997615814,2434,62.1089515686035,185
632,0,7.85833311080933,23.1000003814697,-1.60000002384186,2140,61.5041236877442,164
632,0,7.85833311080933,23.1000003814697,-1.60000002384186,2140,61.5041236877442,164
632,0,7.85833311080933,23.1000003814697,-1.60000002384186,2140,61.5041236877442,164
632,0,7.85833311080933,23.1000003814697,-1.60000002384186,2140,61.5041236877442,164
632,1,7.85833311080933,23.1000003814697,-1.60000002384186,2140,61.5041236877442,164
632,1,7.85833311080933,23.1000003814697,-1.60000002384186,2140,61.5041236877442,164
632,1,7.85833311080933,23.1000003814697,-1.60000002384186,2140,61.5041236877442,164
632,1,7.85833311080933,23.1000003814697,-1.60000002384186,2140,61.5041236877442,164
632,2,7.85833311080933,23.1000003814697,-1.60000002384186,2140,61.5041236877442,164
632,2,7.85833311080933,23.1000003814697,-1.60000002384186,2140,61.5041236877442,164
632,2,7.85833311080933,23.1000003814697,-1.60000002384186,2140,61.5041236877442,164
632,2,7.85833311080933,23.1000003814697,-1.60000002384186,2140,61.5041236877442,164
633,0,7.15416669845581,21.8999996185303,-1.79999995231628,2384,61.9731407165527,184
633,0,7.15416669845581,21.8999996185303,-1.79999995231628,2384,61.9731407165527,184
633,0,7.15416669845581,21.8999996185303,-1.79999995231628,2384,61.9731407165527,184
633,0,7.15416669845581,21.8999996185303,-1.79999995231628,2384,61.9731407165527,184
633,1,7.15416669845581,21.8999996185303,-1.79999995231628,2384,61.9731407165527,184
633,1,7.15416669845581,21.8999996185303,-1.79999995231628,2384,61.9731407165527,184
633,1,7.15416669845581,21.8999996185303,-1.79999995231628,2384,61.9731407165527,184
633,1,7.15416669845581,21.8999996185303,-1.79999995231628,2384,61.9731407165527,184
633,2,7.15416669845581,21.8999996185303,-1.79999995231628,2384,61.9731407165527,184
633,2,7.15416669845581,21.8999996185303,-1.79999995231628,2384,61.9731407165527,184
633,2,7.15416669845581,21.8999996185303,-1.79999995231628,2384,61.9731407165527,184
633,2,7.15416669845581,21.8999996185303,-1.79999995231628,2384,61.9731407165527,184
676,0,5.74583339691162,26.5,-8.10000038146973,632,43.302864074707,83
676,0,5.74583339691162,26.5,-8.10000038146973,632,43.302864074707,83
676,0,5.74583339691162,26.5,-8.10000038146973,632,43.302864074707,83
676,0,5.74583339691162,26.5,-8.10000038146973,632,43.302864074707,83
676,1,5.74583339691162,26.5,-8.10000038146973,632,43.302864074707,83
676,1,5.74583339691162,26.5,-8.10000038146973,632,43.302864074707,83
676,1,5.74583339691162,26.5,-8.10000038146973,632,43.302864074707,83
676,1,5.74583339691162,26.5,-8.10000038146973,632,43.302864074707,83
676,2,5.74583339691162,26.5,-8.10000038146973,632,43.302864074707,83
676,2,5.74583339691162,26.5,-8.10000038146973,632,43.302864074707,83
676,2,5.74583339691162,26.5,-8.10000038146973,632,43.302864074707,83
676,2,5.74583339691162,26.5,-8.10000038146973,632,43.302864074707,83
677,0,4.57499980926514,24.2999992370606,-8.19999980926514,649,41.2201995849609,75
677,0,4.57499980926514,24.2999992370606,-8.19999980926514,649,41.2201995849609,75
677,0,4.57499980926514,24.2999992370606,-8.19999980926514,649,41.2201995849609,75
677,0,4.57499980926514,24.2999992370606,-8.19999980926514,649,41.2201995849609,75
677,1,4.57499980926514,24.2999992370606,-8.19999980926514,649,41.2201995849609,75
677,1,4.57499980926514,24.2999992370606,-8.19999980926514,649,41.2201995849609,75
677,1,4.57499980926514,24.2999992370606,-8.19999980926514,649,41.2201995849609,75
677,1,4.57499980926514,24.2999992370606,-8.19999980926514,649,41.2201995849609,75
677,2,4.57499980926514,24.2999992370606,-8.19999980926514,649,41.2201995849609,75
677,2,4.57499980926514,24.2999992370606,-8.19999980926514,649,41.2201995849609,75
677,2,4.57499980926514,24.2999992370606,-8.19999980926514,649,41.2201995849609,75
677,2,4.57499980926514,24.2999992370606,-8.19999980926514,649,41.2201995849609,75
678,0,1.61249995231628,20.7999992370605,-10.8000001907349,682,38.641731262207,87
678,0,1.61249995231628,20.7999992370605,-10.8000001907349,682,38.641731262207,87
678,0,1.61249995231628,20.7999992370605,-10.8000001907349,682,38.641731262207,87
678,0,1.61249995231628,20.7999992370605,-10.8000001907349,682,38.641731262207,87
678,1,1.61249995231628,20.7999992370605,-10.8000001907349,682,38.641731262207,87
678,1,1.61249995231628,20.7999992370605,-10.8000001907349,682,38.641731262207,87
678,1,1.61249995231628,20.7999992370605,-10.8000001907349,682,38.641731262207,87
678,1,1.61249995231628,20.7999992370605,-10.8000001907349,682,38.641731262207,87
678,2,1.61249995231628,20.7999992370605,-10.8000001907349,682,38.641731262207,87
678,2,1.61249995231628,20.7999992370605,-10.8000001907349,682,38.641731262207,87
678,2,1.61249995231628,20.7999992370605,-10.8000001907349,682,38.641731262207,87
678,2,1.61249995231628,20.7999992370605,-10.8000001907349,682,38.641731262207,87
679,0,4.42916631698608,24.7999992370606,-9.30000019073486,584,36.3870735168457,95
679,0,4.42916631698608,24.7999992370606,-9.30000019073486,584,36.3870735168457,95
679,0,4.42916631698608,24.7999992370606,-9.30000019073486,584,36.3870735168457,95
679,0,4.42916631698608,24.7999992370606,-9.30000019073486,584,36.3870735168457,95
679,1,4.42916631698608,24.7999992370606,-9.30000019073486,584,36.3870735168457,95
679,1,4.42916631698608,24.7999992370606,-9.30000019073486,584,36.3870735168457,95
679,1,4.42916631698608,24.7999992370606,-9.30000019073486,584,36.3870735168457,95
679,1,4.42916631698608,24.7999992370606,-9.30000019073486,584,36.3870735168457,95
679,2,4.42916631698608,24.7999992370606,-9.30000019073486,584,36.3870735168457,95
679,2,4.42916631698608,24.7999992370606,-9.30000019073486,584,36.3870735168457,95
679,2,4.42916631698608,24.7999992370606,-9.30000019073486,584,36.3870735168457,95
679,2,4.42916631698608,24.7999992370606,-9.30000019073486,584,36.3870735168457,95
680,0,3.27916669845581,23,-9.89999961853027,590,32.6418571472168,81
680,0,3.27916669845581,23,-9.89999961853027,590,32.6418571472168,81
680,0,3.27916669845581,23,-9.89999961853027,590,32.6418571472168,81
680,0,3.27916669845581,23,-9.89999961853027,590,32.6418571472168,81
680,1,3.27916669845581,23,-9.89999961853027,590,32.6418571472168,81
680,1,3.27916669845581,23,-9.89999961853027,590,32.6418571472168,81
680,1,3.27916669845581,23,-9.89999961853027,590,32.6418571472168,81
680,1,3.27916669845581,23,-9.89999961853027,590,32.6418571472168,81
680,2,3.27916669845581,23,-9.89999961853027,590,32.6418571472168,81
680,2,3.27916669845581,23,-9.89999961853027,590,32.6418571472168,81
680,2,3.27916669845581,23,-9.89999961853027,590,32.6418571472168,81
680,2,3.27916669845581,23,-9.89999961853027,590,32.6418571472168,81
681,0,5.24583339691162,25.7999992370605,-8.10000038146973,639,42.1451187133789,88
681,0,5.24583339691162,25.7999992370605,-8.10000038146973,639,42.1451187133789,88
681,0,5.24583339691162,25.7999992370605,-8.10000038146973,639,42.1451187133789,88
681,0,5.24583339691162,25.7999992370605,-8.10000038146973,639,42.1451187133789,88
681,1,5.24583339691162,25.7999992370605,-8.10000038146973,639,42.1451187133789,88
681,1,5.24583339691162,25.7999992370605,-8.10000038146973,639,42.1451187133789,88
681,1,5.24583339691162,25.7999992370605,-8.10000038146973,639,42.1451187133789,88
681,1,5.24583339691162,25.7999992370605,-8.10000038146973,639,42.1451187133789,88
681,2,5.24583339691162,25.7999992370605,-8.10000038146973,639,42.1451187133789,88
681,2,5.24583339691162,25.7999992370605,-8.10000038146973,639,42.1451187133789,88
681,2,5.24583339691162,25.7999992370605,-8.10000038146973,639,42.1451187133789,88
681,2,5.24583339691162,25.7999992370605,-8.10000038146973,639,42.1451187133789,88
682,0,4.15833330154419,24.1000003814697,-8.80000019073486,623,38.0815925598145,95
682,0,4.15833330154419,24.1000003814697,-8.80000019073486,623,38.0815925598145,95
682,0,4.15833330154419,24.1000003814697,-8.80000019073486,623,38.0815925598145,95
682,0,4.15833330154419,24.1000003814697,-8.80000019073486,623,38.0815925598145,95
682,1,4.15833330154419,24.1000003814697,-8.80000019073486,623,38.0815925598145,95
682,1,4.15833330154419,24.1000003814697,-8.80000019073486,623,38.0815925598145,95
682,1,4.15833330154419,24.1000003814697,-8.80000019073486,623,38.0815925598145,95
682,1,4.15833330154419,24.1000003814697,-8.80000019073486,623,38.0815925598145,95
682,2,4.15833330154419,24.1000003814697,-8.80000019073486,623,38.0815925598145,95
682,2,4.15833330154419,24.1000003814697,-8.80000019073486,623,38.0815925598145,95
682,2,4.15833330154419,24.1000003814697,-8.80000019073486,623,38.0815925598145,95
682,2,4.15833330154419,24.1000003814697,-8.80000019073486,623,38.0815925598145,95
683,0,2.75,21.8999996185303,-9.69999980926514,618,33.4728050231934,86
683,0,2.75,21.8999996185303,-9.69999980926514,618,33.4728050231934,86
683,0,2.75,21.8999996185303,-9.69999980926514,618,33.4728050231934,86
683,0,2.75,21.8999996185303,-9.69999980926514,618,33.4728050231934,86
683,1,2.75,21.8999996185303,-9.69999980926514,618,33.4728050231934,86
683,1,2.75,21.8999996185303,-9.69999980926514,618,33.4728050231934,86
683,1,2.75,21.8999996185303,-9.69999980926514,618,33.4728050231934,86
683,1,2.75,21.8999996185303,-9.69999980926514,618,33.4728050231934,86
683,2,2.75,21.8999996185303,-9.69999980926514,618,33.4728050231934,86
683,2,2.75,21.8999996185303,-9.69999980926514,618,33.4728050231934,86
683,2,2.75,21.8999996185303,-9.69999980926514,618,33.4728050231934,86
683,2,2.75,21.8999996185303,-9.69999980926514,618,33.4728050231934,86
684,0,4.37916660308838,24.2000007629395,-8.60000038146973,608,38.2435264587402,93
684,0,4.37916660308838,24.2000007629395,-8.60000038146973,608,38.2435264587402,93
684,0,4.37916660308838,24.2000007629395,-8.60000038146973,608,38.2435264587402,93
684,0,4.37916660308838,24.2000007629395,-8.60000038146973,608,38.2435264587402,93
684,1,4.37916660308838,24.2000007629395,-8.60000038146973,608,38.2435264587402,93
684,1,4.37916660308838,24.2000007629395,-8.60000038146973,608,38.2435264587402,93
684,1,4.37916660308838,24.2000007629395,-8.60000038146973,608,38.2435264587402,93
684,1,4.37916660308838,24.2000007629395,-8.60000038146973,608,38.2435264587402,93
684,2,4.37916660308838,24.2000007629395,-8.60000038146973,608,38.2435264587402,93
684,2,4.37916660308838,24.2000007629395,-8.60000038146973,608,38.2435264587402,93
684,2,4.37916660308838,24.2000007629395,-8.60000038146973,608,38.2435264587402,93
684,2,4.37916660308838,24.2000007629395,-8.60000038146973,608,38.2435264587402,93
685,0,4.25833320617676,24.3999996185303,-8.69999980926514,629,40.6049118041992,77
685,0,4.25833320617676,24.3999996185303,-8.69999980926514,629,40.6049118041992,77
685,0,4.25833320617676,24.3999996185303,-8.69999980926514,629,40.6049118041992,77
685,0,4.25833320617676,24.3999996185303,-8.69999980926514,629,40.6049118041992,77
685,1,4.25833320617676,24.3999996185303,-8.69999980926514,629,40.6049118041992,77
685,1,4.25833320617676,24.3999996185303,-8.69999980926514,629,40.6049118041992,77
685,1,4.25833320617676,24.3999996185303,-8.69999980926514,629,40.6049118041992,77
685,1,4.25833320617676,24.3999996185303,-8.69999980926514,629,40.6049118041992,77
685,2,4.25833320617676,24.3999996185303,-8.69999980926514,629,40.6049118041992,77
685,2,4.25833320617676,24.3999996185303,-8.69999980926514,629,40.6049118041992,77
685,2,4.25833320617676,24.3999996185303,-8.69999980926514,629,40.6049118041992,77
685,2,4.25833320617676,24.3999996185303,-8.69999980926514,629,40.6049118041992,77
686,0,4.84583330154419,25,-8.39999961853027,629,41.3744201660156,88
686,0,4.84583330154419,25,-8.39999961853027,629,41.3744201660156,88
686,0,4.84583330154419,25,-8.39999961853027,629,41.3744201660156,88
686,0,4.84583330154419,25,-8.39999961853027,629,41.3744201660156,88
686,1,4.84583330154419,25,-8.39999961853027,629,41.3744201660156,88
686,1,4.84583330154419,25,-8.39999961853027,629,41.3744201660156,88
686,1,4.84583330154419,25,-8.39999961853027,629,41.3744201660156,88
686,1,4.84583330154419,25,-8.39999961853027,629,41.3744201660156,88
686,2,4.84583330154419,25,-8.39999961853027,629,41.3744201660156,88
686,2,4.84583330154419,25,-8.39999961853027,629,41.3744201660156,88
686,2,4.84583330154419,25,-8.39999961853027,629,41.3744201660156,88
686,2,4.84583330154419,25,-8.39999961853027,629,41.3744201660156,88
687,0,3.99166655540466,23.6000003814697,-8.80000019073486,594,32.9137687683106,81
687,0,3.99166655540466,23.6000003814697,-8.80000019073486,594,32.9137687683106,81
687,0,3.99166655540466,23.6000003814697,-8.80000019073486,594,32.9137687683106,81
687,0,3.99166655540466,23.6000003814697,-8.80000019073486,594,32.9137687683106,81
687,1,3.99166655540466,23.6000003814697,-8.80000019073486,594,32.9137687683106,81
687,1,3.99166655540466,23.6000003814697,-8.80000019073486,594,32.9137687683106,81
687,1,3.99166655540466,23.6000003814697,-8.80000019073486,594,32.9137687683106,81
687,1,3.99166655540466,23.6000003814697,-8.80000019073486,594,32.9137687683106,81
687,2,3.99166655540466,23.6000003814697,-8.80000019073486,594,32.9137687683106,81
687,2,3.99166655540466,23.6000003814697,-8.80000019073486,594,32.9137687683106,81
687,2,3.99166655540466,23.6000003814697,-8.80000019073486,594,32.9137687683106,81
687,2,3.99166655540466,23.6000003814697,-8.80000019073486,594,32.9137687683106,81
688,0,5.30000019073486,25,-7.5,710,43.8125534057617,90
688,0,5.30000019073486,25,-7.5,710,43.8125534057617,90
688,0,5.30000019073486,25,-7.5,710,43.8125534057617,90
688,0,5.30000019073486,25,-7.5,710,43.8125534057617,90
688,1,5.30000019073486,25,-7.5,710,43.8125534057617,90
688,1,5.30000019073486,25,-7.5,710,43.8125534057617,90
688,1,5.30000019073486,25,-7.5,710,43.8125534057617,90
688,1,5.30000019073486,25,-7.5,710,43.8125534057617,90
688,2,5.30000019073486,25,-7.5,710,43.8125534057617,90
688,2,5.30000019073486,25,-7.5,710,43.8125534057617,90
688,2,5.30000019073486,25,-7.5,710,43.8125534057617,90
688,2,5.30000019073486,25,-7.5,710,43.8125534057617,90
689,0,5.22083330154419,25,-7.30000019073486,679,41.7802886962891,92
689,0,5.22083330154419,25,-7.30000019073486,679,41.7802886962891,92
689,0,5.22083330154419,25,-7.30000019073486,679,41.7802886962891,92
689,0,5.22083330154419,25,-7.30000019073486,679,41.7802886962891,92
689,1,5.22083330154419,25,-7.30000019073486,679,41.7802886962891,92
689,1,5.22083330154419,25,-7.30000019073486,679,41.7802886962891,92
689,1,5.22083330154419,25,-7.30000019073486,679,41.7802886962891,92
689,1,5.22083330154419,25,-7.30000019073486,679,41.7802886962891,92
689,2,5.22083330154419,25,-7.30000019073486,679,41.7802886962891,92
689,2,5.22083330154419,25,-7.30000019073486,679,41.7802886962891,92
689,2,5.22083330154419,25,-7.30000019073486,679,41.7802886962891,92
689,2,5.22083330154419,25,-7.30000019073486,679,41.7802886962891,92
690,0,5.66249990463257,25.1000003814697,-7.30000019073486,641,40.1273994445801,89
690,0,5.66249990463257,25.1000003814697,-7.30000019073486,641,40.1273994445801,89
690,0,5.66249990463257,25.1000003814697,-7.30000019073486,641,40.1273994445801,89
690,0,5.66249990463257,25.1000003814697,-7.30000019073486,641,40.1273994445801,89
690,1,5.66249990463257,25.1000003814697,-7.30000019073486,641,40.1273994445801,89
690,1,5.66249990463257,25.1000003814697,-7.30000019073486,641,40.1273994445801,89
690,1,5.66249990463257,25.1000003814697,-7.30000019073486,641,40.1273994445801,89
690,1,5.66249990463257,25.1000003814697,-7.30000019073486,641,40.1273994445801,89
690,2,5.66249990463257,25.1000003814697,-7.30000019073486,641,40.1273994445801,89
690,2,5.66249990463257,25.1000003814697,-7.30000019073486,641,40.1273994445801,89
690,2,5.66249990463257,25.1000003814697,-7.30000019073486,641,40.1273994445801,89
690,2,5.66249990463257,25.1000003814697,-7.30000019073486,641,40.1273994445801,89
691,0,5.28749990463257,25.6000003814697,-8,601,40.217945098877,88
691,0,5.28749990463257,25.6000003814697,-8,601,40.217945098877,88
691,0,5.28749990463257,25.6000003814697,-8,601,40.217945098877,88
691,0,5.28749990463257,25.6000003814697,-8,601,40.217945098877,88
691,1,5.28749990463257,25.6000003814697,-8,601,40.217945098877,88
691,1,5.28749990463257,25.6000003814697,-8,601,40.217945098877,88
691,1,5.28749990463257,25.6000003814697,-8,601,40.217945098877,88
691,1,5.28749990463257,25.6000003814697,-8,601,40.217945098877,88
691,2,5.28749990463257,25.6000003814697,-8,601,40.217945098877,88
691,2,5.28749990463257,25.6000003814697,-8,601,40.217945098877,88
691,2,5.28749990463257,25.6000003814697,-8,601,40.217945098877,88
691,2,5.28749990463257,25.6000003814697,-8,601,40.217945098877,88
692,0,7.08333349227905,27.8999996185303,-7.09999990463257,379,23.6448745727539,82
692,0,7.08333349227905,27.8999996185303,-7.09999990463257,379,23.6448745727539,82
692,0,7.08333349227905,27.8999996185303,-7.09999990463257,379,23.6448745727539,82
692,0,7.08333349227905,27.8999996185303,-7.09999990463257,379,23.6448745727539,82
692,1,7.08333349227905,27.8999996185303,-7.09999990463257,379,23.6448745727539,82
692,1,7.08333349227905,27.8999996185303,-7.09999990463257,379,23.6448745727539,82
692,1,7.08333349227905,27.8999996185303,-7.09999990463257,379,23.6448745727539,82
692,1,7.08333349227905,27.8999996185303,-7.09999990463257,379,23.6448745727539,82
692,2,7.08333349227905,27.8999996185303,-7.09999990463257,379,23.6448745727539,82
692,2,7.08333349227905,27.8999996185303,-7.09999990463257,379,23.6448745727539,82
692,2,7.08333349227905,27.8999996185303,-7.09999990463257,379,23.6448745727539,82
692,2,7.08333349227905,27.8999996185303,-7.09999990463257,379,23.6448745727539,82
693,0,8.2708330154419,29.6000003814697,-5.90000009536743,579,43.4461250305176,76
693,0,8.2708330154419,29.6000003814697,-5.90000009536743,579,43.4461250305176,76
693,0,8.2708330154419,29.6000003814697,-5.90000009536743,579,43.4461250305176,76
693,0,8.2708330154419,29.6000003814697,-5.90000009536743,579,43.4461250305176,76
693,1,8.2708330154419,29.6000003814697,-5.90000009536743,579,43.4461250305176,76
693,1,8.2708330154419,29.6000003814697,-5.90000009536743,579,43.4461250305176,76
693,1,8.2708330154419,29.6000003814697,-5.90000009536743,579,43.4461250305176,76
693,1,8.2708330154419,29.6000003814697,-5.90000009536743,579,43.4461250305176,76
693,2,8.2708330154419,29.6000003814697,-5.90000009536743,579,43.4461250305176,76
693,2,8.2708330154419,29.6000003814697,-5.90000009536743,579,43.4461250305176,76
693,2,8.2708330154419,29.6000003814697,-5.90000009536743,579,43.4461250305176,76
693,2,8.2708330154419,29.6000003814697,-5.90000009536743,579,43.4461250305176,76
694,0,6.22083330154419,26.1000003814697,-6.90000009536743,655,43.5547065734863,85
694,0,6.22083330154419,26.1000003814697,-6.90000009536743,655,43.5547065734863,85
694,0,6.22083330154419,26.1000003814697,-6.90000009536743,655,43.5547065734863,85
694,0,6.22083330154419,26.1000003814697,-6.90000009536743,655,43.5547065734863,85
694,1,6.22083330154419,26.1000003814697,-6.90000009536743,655,43.5547065734863,85
694,1,6.22083330154419,26.1000003814697,-6.90000009536743,655,43.5547065734863,85
694,1,6.22083330154419,26.1000003814697,-6.90000009536743,655,43.5547065734863,85
694,1,6.22083330154419,26.1000003814697,-6.90000009536743,655,43.5547065734863,85
694,2,6.22083330154419,26.1000003814697,-6.90000009536743,655,43.5547065734863,85
694,2,6.22083330154419,26.1000003814697,-6.90000009536743,655,43.5547065734863,85
694,2,6.22083330154419,26.1000003814697,-6.90000009536743,655,43.5547065734863,85
694,2,6.22083330154419,26.1000003814697,-6.90000009536743,655,43.5547065734863,85
695,0,3.76250004768372,23.8999996185303,-9.19999980926514,653,40.5583419799805,78
695,0,3.76250004768372,23.8999996185303,-9.19999980926514,653,40.5583419799805,78
695,0,3.76250004768372,23.8999996185303,-9.19999980926514,653,40.5583419799805,78
695,0,3.76250004768372,23.8999996185303,-9.19999980926514,653,40.5583419799805,78
695,1,3.76250004768372,23.8999996185303,-9.19999980926514,653,40.5583419799805,78
695,1,3.76250004768372,23.8999996185303,-9.19999980926514,653,40.5583419799805,78
695,1,3.76250004768372,23.8999996185303,-9.19999980926514,653,40.5583419799805,78
695,1,3.76250004768372,23.8999996185303,-9.19999980926514,653,40.5583419799805,78
695,2,3.76250004768372,23.8999996185303,-9.19999980926514,653,40.5583419799805,78
695,2,3.76250004768372,23.8999996185303,-9.19999980926514,653,40.5583419799805,78
695,2,3.76250004768372,23.8999996185303,-9.19999980926514,653,40.5583419799805,78
695,2,3.76250004768372,23.8999996185303,-9.19999980926514,653,40.5583419799805,78
696,0,6.22083330154419,25.8999996185303,-6.90000009536743,620,39.4755210876465,86
696,0,6.22083330154419,25.8999996185303,-6.90000009536743,620,39.4755210876465,86
696,0,6.22083330154419,25.8999996185303,-6.90000009536743,620,39.4755210876465,86
696,0,6.22083330154419,25.8999996185303,-6.90000009536743,620,39.4755210876465,86
696,1,6.22083330154419,25.8999996185303,-6.90000009536743,620,39.4755210876465,86
696,1,6.22083330154419,25.8999996185303,-6.90000009536743,620,39.4755210876465,86
696,1,6.22083330154419,25.8999996185303,-6.90000009536743,620,39.4755210876465,86
696,1,6.22083330154419,25.8999996185303,-6.90000009536743,620,39.4755210876465,86
696,2,6.22083330154419,25.8999996185303,-6.90000009536743,620,39.4755210876465,86
696,2,6.22083330154419,25.8999996185303,-6.90000009536743,620,39.4755210876465,86
696,2,6.22083330154419,25.8999996185303,-6.90000009536743,620,39.4755210876465,86
696,2,6.22083330154419,25.8999996185303,-6.90000009536743,620,39.4755210876465,86
697,0,4.35833358764648,24.3999996185303,-8.69999980926514,638,41.601505279541,90
697,0,4.35833358764648,24.3999996185303,-8.69999980926514,638,41.601505279541,90
697,0,4.35833358764648,24.3999996185303,-8.69999980926514,638,41.601505279541,90
697,0,4.35833358764648,24.3999996185303,-8.69999980926514,638,41.601505279541,90
697,1,4.35833358764648,24.3999996185303,-8.69999980926514,638,41.601505279541,90
697,1,4.35833358764648,24.3999996185303,-8.69999980926514,638,41.601505279541,90
697,1,4.35833358764648,24.3999996185303,-8.69999980926514,638,41.601505279541,90
697,1,4.35833358764648,24.3999996185303,-8.69999980926514,638,41.601505279541,90
697,2,4.35833358764648,24.3999996185303,-8.69999980926514,638,41.601505279541,90
697,2,4.35833358764648,24.3999996185303,-8.69999980926514,638,41.601505279541,90
697,2,4.35833358764648,24.3999996185303,-8.69999980926514,638,41.601505279541,90
697,2,4.35833358764648,24.3999996185303,-8.69999980926514,638,41.601505279541,90
698,0,5.43333339691162,25.7000007629395,-7.90000009536743,582,39.0165824890137,87
698,0,5.43333339691162,25.7000007629395,-7.90000009536743,582,39.0165824890137,87
698,0,5.43333339691162,25.7000007629395,-7.90000009536743,582,39.0165824890137,87
698,0,5.43333339691162,25.7000007629395,-7.90000009536743,582,39.0165824890137,87
698,1,5.43333339691162,25.7000007629395,-7.90000009536743,582,39.0165824890137,87
698,1,5.43333339691162,25.7000007629395,-7.90000009536743,582,39.0165824890137,87
698,1,5.43333339691162,25.7000007629395,-7.90000009536743,582,39.0165824890137,87
698,1,5.43333339691162,25.7000007629395,-7.90000009536743,582,39.0165824890137,87
698,2,5.43333339691162,25.7000007629395,-7.90000009536743,582,39.0165824890137,87
698,2,5.43333339691162,25.7000007629395,-7.90000009536743,582,39.0165824890137,87
698,2,5.43333339691162,25.7000007629395,-7.90000009536743,582,39.0165824890137,87
698,2,5.43333339691162,25.7000007629395,-7.90000009536743,582,39.0165824890137,87
699,0,7.14166641235352,27.7999992370606,-6.69999980926514,589,41.0298004150391,79
699,0,7.14166641235352,27.7999992370606,-6.69999980926514,589,41.0298004150391,79
699,0,7.14166641235352,27.7999992370606,-6.69999980926514,589,41.0298004150391,79
699,0,7.14166641235352,27.7999992370606,-6.69999980926514,589,41.0298004150391,79
699,1,7.14166641235352,27.7999992370606,-6.69999980926514,589,41.0298004150391,79
699,1,7.14166641235352,27.7999992370606,-6.69999980926514,589,41.0298004150391,79
699,1,7.14166641235352,27.7999992370606,-6.69999980926514,589,41.0298004150391,79
699,1,7.14166641235352,27.7999992370606,-6.69999980926514,589,41.0298004150391,79
699,2,7.14166641235352,27.7999992370606,-6.69999980926514,589,41.0298004150391,79
699,2,7.14166641235352,27.7999992370606,-6.69999980926514,589,41.0298004150391,79
699,2,7.14166641235352,27.7999992370606,-6.69999980926514,589,41.0298004150391,79
699,2,7.14166641235352,27.7999992370606,-6.69999980926514,589,41.0298004150391,79
700,0,3.70416688919067,23.8999996185303,-9.89999961853027,544,31.4294261932373,77
700,0,3.70416688919067,23.8999996185303,-9.89999961853027,544,31.4294261932373,77
700,0,3.70416688919067,23.8999996185303,-9.89999961853027,544,31.4294261932373,77
700,0,3.70416688919067,23.8999996185303,-9.89999961853027,544,31.4294261932373,77
700,1,3.70416688919067,23.8999996185303,-9.89999961853027,544,31.4294261932373,77
700,1,3.70416688919067,23.8999996185303,-9.89999961853027,544,31.4294261932373,77
700,1,3.70416688919067,23.8999996185303,-9.89999961853027,544,31.4294261932373,77
700,1,3.70416688919067,23.8999996185303,-9.89999961853027,544,31.4294261932373,77
700,2,3.70416688919067,23.8999996185303,-9.89999961853027,544,31.4294261932373,77
700,2,3.70416688919067,23.8999996185303,-9.89999961853027,544,31.4294261932373,77
700,2,3.70416688919067,23.8999996185303,-9.89999961853027,544,31.4294261932373,77
700,2,3.70416688919067,23.8999996185303,-9.89999961853027,544,31.4294261932373,77
701,0,2.53333330154419,22.5,-10.8000001907349,609,32.4408073425293,84
701,0,2.53333330154419,22.5,-10.8000001907349,609,32.4408073425293,84
701,0,2.53333330154419,22.5,-10.8000001907349,609,32.4408073425293,84
701,0,2.53333330154419,22.5,-10.8000001907349,609,32.4408073425293,84
701,1,2.53333330154419,22.5,-10.8000001907349,609,32.4408073425293,84
701,1,2.53333330154419,22.5,-10.8000001907349,609,32.4408073425293,84
701,1,2.53333330154419,22.5,-10.8000001907349,609,32.4408073425293,84
701,1,2.53333330154419,22.5,-10.8000001907349,609,32.4408073425293,84
701,2,2.53333330154419,22.5,-10.8000001907349,609,32.4408073425293,84
701,2,2.53333330154419,22.5,-10.8000001907349,609,32.4408073425293,84
701,2,2.53333330154419,22.5,-10.8000001907349,609,32.4408073425293,84
701,2,2.53333330154419,22.5,-10.8000001907349,609,32.4408073425293,84
702,0,3.50833320617676,23.7999992370606,-10.3999996185303,535,29.2456779479981,103
702,0,3.50833320617676,23.7999992370606,-10.3999996185303,535,29.2456779479981,103
702,0,3.50833320617676,23.7999992370606,-10.3999996185303,535,29.2456779479981,103
702,0,3.50833320617676,23.7999992370606,-10.3999996185303,535,29.2456779479981,103
702,1,3.50833320617676,23.7999992370606,-10.3999996185303,535,29.2456779479981,103
702,1,3.50833320617676,23.7999992370606,-10.3999996185303,535,29.2456779479981,103
702,1,3.50833320617676,23.7999992370606,-10.3999996185303,535,29.2456779479981,103
702,1,3.50833320617676,23.7999992370606,-10.3999996185303,535,29.2456779479981,103
702,2,3.50833320617676,23.7999992370606,-10.3999996185303,535,29.2456779479981,103
702,2,3.50833320617676,23.7999992370606,-10.3999996185303,535,29.2456779479981,103
702,2,3.50833320617676,23.7999992370606,-10.3999996185303,535,29.2456779479981,103
702,2,3.50833320617676,23.7999992370606,-10.3999996185303,535,29.2456779479981,103
703,0,6.54583311080933,26.7999992370606,-6.90000009536743,661,44.4658889770508,83
703,0,6.54583311080933,26.7999992370606,-6.90000009536743,661,44.4658889770508,83
703,0,6.54583311080933,26.7999992370606,-6.90000009536743,661,44.4658889770508,83
703,0,6.54583311080933,26.7999992370606,-6.90000009536743,661,44.4658889770508,83
703,1,6.54583311080933,26.7999992370606,-6.90000009536743,661,44.4658889770508,83
703,1,6.54583311080933,26.7999992370606,-6.90000009536743,661,44.4658889770508,83
703,1,6.54583311080933,26.7999992370606,-6.90000009536743,661,44.4658889770508,83
703,1,6.54583311080933,26.7999992370606,-6.90000009536743,661,44.4658889770508,83
703,2,6.54583311080933,26.7999992370606,-6.90000009536743,661,44.4658889770508,83
703,2,6.54583311080933,26.7999992370606,-6.90000009536743,661,44.4658889770508,83
703,2,6.54583311080933,26.7999992370606,-6.90000009536743,661,44.4658889770508,83
703,2,6.54583311080933,26.7999992370606,-6.90000009536743,661,44.4658889770508,83
704,0,3.29999995231628,23.3999996185303,-10,641,27.8857402801514,96
704,0,3.29999995231628,23.3999996185303,-10,641,27.8857402801514,96
704,0,3.29999995231628,23.3999996185303,-10,641,27.8857402801514,96
704,0,3.29999995231628,23.3999996185303,-10,641,27.8857402801514,96
704,1,3.29999995231628,23.3999996185303,-10,641,27.8857402801514,96
704,1,3.29999995231628,23.3999996185303,-10,641,27.8857402801514,96
704,1,3.29999995231628,23.3999996185303,-10,641,27.8857402801514,96
704,1,3.29999995231628,23.3999996185303,-10,641,27.8857402801514,96
704,2,3.29999995231628,23.3999996185303,-10,641,27.8857402801514,96
704,2,3.29999995231628,23.3999996185303,-10,641,27.8857402801514,96
704,2,3.29999995231628,23.3999996185303,-10,641,27.8857402801514,96
704,2,3.29999995231628,23.3999996185303,-10,641,27.8857402801514,96
705,0,4.48333311080933,23.7999992370606,-8.10000038146973,645,35.9364433288574,99
705,0,4.48333311080933,23.7999992370606,-8.10000038146973,645,35.9364433288574,99
705,0,4.48333311080933,23.7999992370606,-8.10000038146973,645,35.9364433288574,99
705,0,4.48333311080933,23.7999992370606,-8.10000038146973,645,35.9364433288574,99
705,1,4.48333311080933,23.7999992370606,-8.10000038146973,645,35.9364433288574,99
705,1,4.48333311080933,23.7999992370606,-8.10000038146973,645,35.9364433288574,99
705,1,4.48333311080933,23.7999992370606,-8.10000038146973,645,35.9364433288574,99
705,1,4.48333311080933,23.7999992370606,-8.10000038146973,645,35.9364433288574,99
705,2,4.48333311080933,23.7999992370606,-8.10000038146973,645,35.9364433288574,99
705,2,4.48333311080933,23.7999992370606,-8.10000038146973,645,35.9364433288574,99
705,2,4.48333311080933,23.7999992370606,-8.10000038146973,645,35.9364433288574,99
705,2,4.48333311080933,23.7999992370606,-8.10000038146973,645,35.9364433288574,99
706,0,4.34166669845581,24.7999992370606,-9.10000038146973,611,27.8457202911377,92
706,0,4.34166669845581,24.7999992370606,-9.10000038146973,611,27.8457202911377,92
706,0,4.34166669845581,24.7999992370606,-9.10000038146973,611,27.8457202911377,92
706,0,4.34166669845581,24.7999992370606,-9.10000038146973,611,27.8457202911377,92
706,1,4.34166669845581,24.7999992370606,-9.10000038146973,611,27.8457202911377,92
706,1,4.34166669845581,24.7999992370606,-9.10000038146973,611,27.8457202911377,92
706,1,4.34166669845581,24.7999992370606,-9.10000038146973,611,27.8457202911377,92
706,1,4.34166669845581,24.7999992370606,-9.10000038146973,611,27.8457202911377,92
706,2,4.34166669845581,24.7999992370606,-9.10000038146973,611,27.8457202911377,92
706,2,4.34166669845581,24.7999992370606,-9.10000038146973,611,27.8457202911377,92
706,2,4.34166669845581,24.7999992370606,-9.10000038146973,611,27.8457202911377,92
706,2,4.34166669845581,24.7999992370606,-9.10000038146973,611,27.8457202911377,92
707,0,5.46666669845581,26.2000007629395,-8.39999961853027,535,29.984354019165,94
707,0,5.46666669845581,26.2000007629395,-8.39999961853027,535,29.984354019165,94
707,0,5.46666669845581,26.2000007629395,-8.39999961853027,535,29.984354019165,94
707,0,5.46666669845581,26.2000007629395,-8.39999961853027,535,29.984354019165,94
707,1,5.46666669845581,26.2000007629395,-8.39999961853027,535,29.984354019165,94
707,1,5.46666669845581,26.2000007629395,-8.39999961853027,535,29.984354019165,94
707,1,5.46666669845581,26.2000007629395,-8.39999961853027,535,29.984354019165,94
707,1,5.46666669845581,26.2000007629395,-8.39999961853027,535,29.984354019165,94
707,2,5.46666669845581,26.2000007629395,-8.39999961853027,535,29.984354019165,94
707,2,5.46666669845581,26.2000007629395,-8.39999961853027,535,29.984354019165,94
707,2,5.46666669845581,26.2000007629395,-8.39999961853027,535,29.984354019165,94
707,2,5.46666669845581,26.2000007629395,-8.39999961853027,535,29.984354019165,94
708,0,1.92083334922791,21,-10.3999996185303,661,31.6275405883789,94
708,0,1.92083334922791,21,-10.3999996185303,661,31.6275405883789,94
708,0,1.92083334922791,21,-10.3999996185303,661,31.6275405883789,94
708,0,1.92083334922791,21,-10.3999996185303,661,31.6275405883789,94
708,1,1.92083334922791,21,-10.3999996185303,661,31.6275405883789,94
708,1,1.92083334922791,21,-10.3999996185303,661,31.6275405883789,94
708,1,1.92083334922791,21,-10.3999996185303,661,31.6275405883789,94
708,1,1.92083334922791,21,-10.3999996185303,661,31.6275405883789,94
708,2,1.92083334922791,21,-10.3999996185303,661,31.6275405883789,94
708,2,1.92083334922791,21,-10.3999996185303,661,31.6275405883789,94
708,2,1.92083334922791,21,-10.3999996185303,661,31.6275405883789,94
708,2,1.92083334922791,21,-10.3999996185303,661,31.6275405883789,94
709,0,5.85416650772095,27.6000003814697,-8.89999961853027,505,25.2611236572266,108
709,0,5.85416650772095,27.6000003814697,-8.89999961853027,505,25.2611236572266,108
709,0,5.85416650772095,27.6000003814697,-8.89999961853027,505,25.2611236572266,108
709,0,5.85416650772095,27.6000003814697,-8.89999961853027,505,25.2611236572266,108
709,1,5.85416650772095,27.6000003814697,-8.89999961853027,505,25.2611236572266,108
709,1,5.85416650772095,27.6000003814697,-8.89999961853027,505,25.2611236572266,108
709,1,5.85416650772095,27.6000003814697,-8.89999961853027,505,25.2611236572266,108
709,1,5.85416650772095,27.6000003814697,-8.89999961853027,505,25.2611236572266,108
709,2,5.85416650772095,27.6000003814697,-8.89999961853027,505,25.2611236572266,108
709,2,5.85416650772095,27.6000003814697,-8.89999961853027,505,25.2611236572266,108
709,2,5.85416650772095,27.6000003814697,-8.89999961853027,505,25.2611236572266,108
709,2,5.85416650772095,27.6000003814697,-8.89999961853027,505,25.2611236572266,108
710,0,3.59999990463257,24.3999996185303,-10.3999996185303,580,28.9302253723145,111
710,0,3.59999990463257,24.3999996185303,-10.3999996185303,580,28.9302253723145,111
710,0,3.59999990463257,24.3999996185303,-10.3999996185303,580,28.9302253723145,111
710,0,3.59999990463257,24.3999996185303,-10.3999996185303,580,28.9302253723145,111
710,1,3.59999990463257,24.3999996185303,-10.3999996185303,580,28.9302253723145,111
710,1,3.59999990463257,24.3999996185303,-10.3999996185303,580,28.9302253723145,111
710,1,3.59999990463257,24.3999996185303,-10.3999996185303,580,28.9302253723145,111
710,1,3.59999990463257,24.3999996185303,-10.3999996185303,580,28.9302253723145,111
710,2,3.59999990463257,24.3999996185303,-10.3999996185303,580,28.9302253723145,111
710,2,3.59999990463257,24.3999996185303,-10.3999996185303,580,28.9302253723145,111
710,2,3.59999990463257,24.3999996185303,-10.3999996185303,580,28.9302253723145,111
710,2,3.59999990463257,24.3999996185303,-10.3999996185303,580,28.9302253723145,111
711,0,6.15833330154419,27.7000007629395,-8.39999961853027,446,23.5631351470947,100
711,0,6.15833330154419,27.7000007629395,-8.39999961853027,446,23.5631351470947,100
711,0,6.15833330154419,27.7000007629395,-8.39999961853027,446,23.5631351470947,100
711,0,6.15833330154419,27.7000007629395,-8.39999961853027,446,23.5631351470947,100
711,1,6.15833330154419,27.7000007629395,-8.39999961853027,446,23.5631351470947,100
711,1,6.15833330154419,27.7000007629395,-8.39999961853027,446,23.5631351470947,100
711,1,6.15833330154419,27.7000007629395,-8.39999961853027,446,23.5631351470947,100
711,1,6.15833330154419,27.7000007629395,-8.39999961853027,446,23.5631351470947,100
711,2,6.15833330154419,27.7000007629395,-8.39999961853027,446,23.5631351470947,100
711,2,6.15833330154419,27.7000007629395,-8.39999961853027,446,23.5631351470947,100
711,2,6.15833330154419,27.7000007629395,-8.39999961853027,446,23.5631351470947,100
711,2,6.15833330154419,27.7000007629395,-8.39999961853027,446,23.5631351470947,100
712,0,4.78333330154419,26.3999996185303,-9.89999961853027,559,30.288932800293,78
712,0,4.78333330154419,26.3999996185303,-9.89999961853027,559,30.288932800293,78
712,0,4.78333330154419,26.3999996185303,-9.89999961853027,559,30.288932800293,78
712,0,4.78333330154419,26.3999996185303,-9.89999961853027,559,30.288932800293,78
712,1,4.78333330154419,26.3999996185303,-9.89999961853027,559,30.288932800293,78
712,1,4.78333330154419,26.3999996185303,-9.89999961853027,559,30.288932800293,78
712,1,4.78333330154419,26.3999996185303,-9.89999961853027,559,30.288932800293,78
712,1,4.78333330154419,26.3999996185303,-9.89999961853027,559,30.288932800293,78
712,2,4.78333330154419,26.3999996185303,-9.89999961853027,559,30.288932800293,78
712,2,4.78333330154419,26.3999996185303,-9.89999961853027,559,30.288932800293,78
712,2,4.78333330154419,26.3999996185303,-9.89999961853027,559,30.288932800293,78
712,2,4.78333330154419,26.3999996185303,-9.89999961853027,559,30.288932800293,78
713,0,5.09166669845581,26,-9,545,24.3994693756104,113
713,0,5.09166669845581,26,-9,545,24.3994693756104,113
713,0,5.09166669845581,26,-9,545,24.3994693756104,113
713,0,5.09166669845581,26,-9,545,24.3994693756104,113
713,1,5.09166669845581,26,-9,545,24.3994693756104,113
713,1,5.09166669845581,26,-9,545,24.3994693756104,113
713,1,5.09166669845581,26,-9,545,24.3994693756104,113
713,1,5.09166669845581,26,-9,545,24.3994693756104,113
713,2,5.09166669845581,26,-9,545,24.3994693756104,113
713,2,5.09166669845581,26,-9,545,24.3994693756104,113
713,2,5.09166669845581,26,-9,545,24.3994693756104,113
713,2,5.09166669845581,26,-9,545,24.3994693756104,113
714,0,4.41666650772095,24.7999992370606,-9.10000038146973,616,26.4060745239258,95
714,0,4.41666650772095,24.7999992370606,-9.10000038146973,616,26.4060745239258,95
714,0,4.41666650772095,24.7999992370606,-9.10000038146973,616,26.4060745239258,95
714,0,4.41666650772095,24.7999992370606,-9.10000038146973,616,26.4060745239258,95
714,1,4.41666650772095,24.7999992370606,-9.10000038146973,616,26.4060745239258,95
714,1,4.41666650772095,24.7999992370606,-9.10000038146973,616,26.4060745239258,95
714,1,4.41666650772095,24.7999992370606,-9.10000038146973,616,26.4060745239258,95
714,1,4.41666650772095,24.7999992370606,-9.10000038146973,616,26.4060745239258,95
714,2,4.41666650772095,24.7999992370606,-9.10000038146973,616,26.4060745239258,95
714,2,4.41666650772095,24.7999992370606,-9.10000038146973,616,26.4060745239258,95
714,2,4.41666650772095,24.7999992370606,-9.10000038146973,616,26.4060745239258,95
714,2,4.41666650772095,24.7999992370606,-9.10000038146973,616,26.4060745239258,95
715,0,3.12083339691162,23.8999996185303,-10.8999996185303,582,28.9248905181885,111
715,0,3.12083339691162,23.8999996185303,-10.8999996185303,582,28.9248905181885,111
715,0,3.12083339691162,23.8999996185303,-10.8999996185303,582,28.9248905181885,111
715,0,3.12083339691162,23.8999996185303,-10.8999996185303,582,28.9248905181885,111
715,1,3.12083339691162,23.8999996185303,-10.8999996185303,582,28.9248905181885,111
715,1,3.12083339691162,23.8999996185303,-10.8999996185303,582,28.9248905181885,111
715,1,3.12083339691162,23.8999996185303,-10.8999996185303,582,28.9248905181885,111
715,1,3.12083339691162,23.8999996185303,-10.8999996185303,582,28.9248905181885,111
715,2,3.12083339691162,23.8999996185303,-10.8999996185303,582,28.9248905181885,111
715,2,3.12083339691162,23.8999996185303,-10.8999996185303,582,28.9248905181885,111
715,2,3.12083339691162,23.8999996185303,-10.8999996185303,582,28.9248905181885,111
715,2,3.12083339691162,23.8999996185303,-10.8999996185303,582,28.9248905181885,111
716,0,4.97083330154419,26.3999996185303,-9.80000019073486,538,30.3155460357666,97
716,0,4.97083330154419,26.3999996185303,-9.80000019073486,538,30.3155460357666,97
716,0,4.97083330154419,26.3999996185303,-9.80000019073486,538,30.3155460357666,97
716,0,4.97083330154419,26.3999996185303,-9.80000019073486,538,30.3155460357666,97
716,1,4.97083330154419,26.3999996185303,-9.80000019073486,538,30.3155460357666,97
716,1,4.97083330154419,26.3999996185303,-9.80000019073486,538,30.3155460357666,97
716,1,4.97083330154419,26.3999996185303,-9.80000019073486,538,30.3155460357666,97
716,1,4.97083330154419,26.3999996185303,-9.80000019073486,538,30.3155460357666,97
716,2,4.97083330154419,26.3999996185303,-9.80000019073486,538,30.3155460357666,97
716,2,4.97083330154419,26.3999996185303,-9.80000019073486,538,30.3155460357666,97
716,2,4.97083330154419,26.3999996185303,-9.80000019073486,538,30.3155460357666,97
716,2,4.97083330154419,26.3999996185303,-9.80000019073486,538,30.3155460357666,97
717,0,5.44166660308838,26.2999992370606,-8.39999961853027,564,25.5927219390869,113
717,0,5.44166660308838,26.2999992370606,-8.39999961853027,564,25.5927219390869,113
717,0,5.44166660308838,26.2999992370606,-8.39999961853027,564,25.5927219390869,113
717,0,5.44166660308838,26.2999992370606,-8.39999961853027,564,25.5927219390869,113
717,1,5.44166660308838,26.2999992370606,-8.39999961853027,564,25.5927219390869,113
717,1,5.44166660308838,26.2999992370606,-8.39999961853027,564,25.5927219390869,113
717,1,5.44166660308838,26.2999992370606,-8.39999961853027,564,25.5927219390869,113
717,1,5.44166660308838,26.2999992370606,-8.39999961853027,564,25.5927219390869,113
717,2,5.44166660308838,26.2999992370606,-8.39999961853027,564,25.5927219390869,113
717,2,5.44166660308838,26.2999992370606,-8.39999961853027,564,25.5927219390869,113
717,2,5.44166660308838,26.2999992370606,-8.39999961853027,564,25.5927219390869,113
717,2,5.44166660308838,26.2999992370606,-8.39999961853027,564,25.5927219390869,113
718,0,5.67500019073486,27.8999996185303,-9.19999980926514,497,26.3383884429932,104
718,0,5.67500019073486,27.8999996185303,-9.19999980926514,497,26.3383884429932,104
718,0,5.67500019073486,27.8999996185303,-9.19999980926514,497,26.3383884429932,104
718,0,5.67500019073486,27.8999996185303,-9.19999980926514,497,26.3383884429932,104
718,1,5.67500019073486,27.8999996185303,-9.19999980926514,497,26.3383884429932,104
718,1,5.67500019073486,27.8999996185303,-9.19999980926514,497,26.3383884429932,104
718,1,5.67500019073486,27.8999996185303,-9.19999980926514,497,26.3383884429932,104
718,1,5.67500019073486,27.8999996185303,-9.19999980926514,497,26.3383884429932,104
718,2,5.67500019073486,27.8999996185303,-9.19999980926514,497,26.3383884429932,104
718,2,5.67500019073486,27.8999996185303,-9.19999980926514,497,26.3383884429932,104
718,2,5.67500019073486,27.8999996185303,-9.19999980926514,497,26.3383884429932,104
718,2,5.67500019073486,27.8999996185303,-9.19999980926514,497,26.3383884429932,104
719,0,4.40833330154419,25.8999996185303,-10.6000003814697,513,29.1107540130615,99
719,0,4.40833330154419,25.8999996185303,-10.6000003814697,513,29.1107540130615,99
719,0,4.40833330154419,25.8999996185303,-10.6000003814697,513,29.1107540130615,99
719,0,4.40833330154419,25.8999996185303,-10.6000003814697,513,29.1107540130615,99
719,1,4.40833330154419,25.8999996185303,-10.6000003814697,513,29.1107540130615,99
719,1,4.40833330154419,25.8999996185303,-10.6000003814697,513,29.1107540130615,99
719,1,4.40833330154419,25.8999996185303,-10.6000003814697,513,29.1107540130615,99
719,1,4.40833330154419,25.8999996185303,-10.6000003814697,513,29.1107540130615,99
719,2,4.40833330154419,25.8999996185303,-10.6000003814697,513,29.1107540130615,99
719,2,4.40833330154419,25.8999996185303,-10.6000003814697,513,29.1107540130615,99
719,2,4.40833330154419,25.8999996185303,-10.6000003814697,513,29.1107540130615,99
719,2,4.40833330154419,25.8999996185303,-10.6000003814697,513,29.1107540130615,99
720,0,3.92083334922791,23.7000007629395,-8.80000019073486,567,30.5128116607666,83
720,0,3.92083334922791,23.7000007629395,-8.80000019073486,567,30.5128116607666,83
720,0,3.92083334922791,23.7000007629395,-8.80000019073486,567,30.5128116607666,83
720,0,3.92083334922791,23.7000007629395,-8.80000019073486,567,30.5128116607666,83
720,1,3.92083334922791,23.7000007629395,-8.80000019073486,567,30.5128116607666,83
720,1,3.92083334922791,23.7000007629395,-8.80000019073486,567,30.5128116607666,83
720,1,3.92083334922791,23.7000007629395,-8.80000019073486,567,30.5128116607666,83
720,1,3.92083334922791,23.7000007629395,-8.80000019073486,567,30.5128116607666,83
720,2,3.92083334922791,23.7000007629395,-8.80000019073486,567,30.5128116607666,83
720,2,3.92083334922791,23.7000007629395,-8.80000019073486,567,30.5128116607666,83
720,2,3.92083334922791,23.7000007629395,-8.80000019073486,567,30.5128116607666,83
720,2,3.92083334922791,23.7000007629395,-8.80000019073486,567,30.5128116607666,83
721,0,4.87916660308838,26.1000003814697,-9,559,26.3015251159668,87
721,0,4.87916660308838,26.1000003814697,-9,559,26.3015251159668,87
721,0,4.87916660308838,26.1000003814697,-9,559,26.3015251159668,87
721,0,4.87916660308838,26.1000003814697,-9,559,26.3015251159668,87
721,1,4.87916660308838,26.1000003814697,-9,559,26.3015251159668,87
721,1,4.87916660308838,26.1000003814697,-9,559,26.3015251159668,87
721,1,4.87916660308838,26.1000003814697,-9,559,26.3015251159668,87
721,1,4.87916660308838,26.1000003814697,-9,559,26.3015251159668,87
721,2,4.87916660308838,26.1000003814697,-9,559,26.3015251159668,87
721,2,4.87916660308838,26.1000003814697,-9,559,26.3015251159668,87
721,2,4.87916660308838,26.1000003814697,-9,559,26.3015251159668,87
721,2,4.87916660308838,26.1000003814697,-9,559,26.3015251159668,87
722,0,6.23333358764648,27.3999996185303,-7.80000019073486,524,25.8867321014404,108
722,0,6.23333358764648,27.3999996185303,-7.80000019073486,524,25.8867321014404,108
722,0,6.23333358764648,27.3999996185303,-7.80000019073486,524,25.8867321014404,108
722,0,6.23333358764648,27.3999996185303,-7.80000019073486,524,25.8867321014404,108
722,1,6.23333358764648,27.3999996185303,-7.80000019073486,524,25.8867321014404,108
722,1,6.23333358764648,27.3999996185303,-7.80000019073486,524,25.8867321014404,108
722,1,6.23333358764648,27.3999996185303,-7.80000019073486,524,25.8867321014404,108
722,1,6.23333358764648,27.3999996185303,-7.80000019073486,524,25.8867321014404,108
722,2,6.23333358764648,27.3999996185303,-7.80000019073486,524,25.8867321014404,108
722,2,6.23333358764648,27.3999996185303,-7.80000019073486,524,25.8867321014404,108
722,2,6.23333358764648,27.3999996185303,-7.80000019073486,524,25.8867321014404,108
722,2,6.23333358764648,27.3999996185303,-7.80000019073486,524,25.8867321014404,108
723,0,4.59583330154419,25.5,-9.5,562,24.5076141357422,115
723,0,4.59583330154419,25.5,-9.5,562,24.5076141357422,115
723,0,4.59583330154419,25.5,-9.5,562,24.5076141357422,115
723,0,4.59583330154419,25.5,-9.5,562,24.5076141357422,115
723,1,4.59583330154419,25.5,-9.5,562,24.5076141357422,115
723,1,4.59583330154419,25.5,-9.5,562,24.5076141357422,115
723,1,4.59583330154419,25.5,-9.5,562,24.5076141357422,115
723,1,4.59583330154419,25.5,-9.5,562,24.5076141357422,115
723,2,4.59583330154419,25.5,-9.5,562,24.5076141357422,115
723,2,4.59583330154419,25.5,-9.5,562,24.5076141357422,115
723,2,4.59583330154419,25.5,-9.5,562,24.5076141357422,115
723,2,4.59583330154419,25.5,-9.5,562,24.5076141357422,115
724,0,7.02916669845581,28.7999992370606,-7.5,505,25.6268520355225,102
724,0,7.02916669845581,28.7999992370606,-7.5,505,25.6268520355225,102
724,0,7.02916669845581,28.7999992370606,-7.5,505,25.6268520355225,102
724,0,7.02916669845581,28.7999992370606,-7.5,505,25.6268520355225,102
724,1,7.02916669845581,28.7999992370606,-7.5,505,25.6268520355225,102
724,1,7.02916669845581,28.7999992370606,-7.5,505,25.6268520355225,102
724,1,7.02916669845581,28.7999992370606,-7.5,505,25.6268520355225,102
724,1,7.02916669845581,28.7999992370606,-7.5,505,25.6268520355225,102
724,2,7.02916669845581,28.7999992370606,-7.5,505,25.6268520355225,102
724,2,7.02916669845581,28.7999992370606,-7.5,505,25.6268520355225,102
724,2,7.02916669845581,28.7999992370606,-7.5,505,25.6268520355225,102
724,2,7.02916669845581,28.7999992370606,-7.5,505,25.6268520355225,102
725,0,8.16666698455811,28.7999992370606,-5.90000009536743,512,32.8445930480957,79
725,0,8.16666698455811,28.7999992370606,-5.90000009536743,512,32.8445930480957,79
725,0,8.16666698455811,28.7999992370606,-5.90000009536743,512,32.8445930480957,79
725,0,8.16666698455811,28.7999992370606,-5.90000009536743,512,32.8445930480957,79
725,1,8.16666698455811,28.7999992370606,-5.90000009536743,512,32.8445930480957,79
725,1,8.16666698455811,28.7999992370606,-5.90000009536743,512,32.8445930480957,79
725,1,8.16666698455811,28.7999992370606,-5.90000009536743,512,32.8445930480957,79
725,1,8.16666698455811,28.7999992370606,-5.90000009536743,512,32.8445930480957,79
725,2,8.16666698455811,28.7999992370606,-5.90000009536743,512,32.8445930480957,79
725,2,8.16666698455811,28.7999992370606,-5.90000009536743,512,32.8445930480957,79
725,2,8.16666698455811,28.7999992370606,-5.90000009536743,512,32.8445930480957,79
725,2,8.16666698455811,28.7999992370606,-5.90000009536743,512,32.8445930480957,79
726,0,4.42500019073486,24.8999996185303,-9.30000019073486,581,25.5744190216064,115
726,0,4.42500019073486,24.8999996185303,-9.30000019073486,581,25.5744190216064,115
726,0,4.42500019073486,24.8999996185303,-9.30000019073486,581,25.5744190216064,115
726,0,4.42500019073486,24.8999996185303,-9.30000019073486,581,25.5744190216064,115
726,1,4.42500019073486,24.8999996185303,-9.30000019073486,581,25.5744190216064,115
726,1,4.42500019073486,24.8999996185303,-9.30000019073486,581,25.5744190216064,115
726,1,4.42500019073486,24.8999996185303,-9.30000019073486,581,25.5744190216064,115
726,1,4.42500019073486,24.8999996185303,-9.30000019073486,581,25.5744190216064,115
726,2,4.42500019073486,24.8999996185303,-9.30000019073486,581,25.5744190216064,115
726,2,4.42500019073486,24.8999996185303,-9.30000019073486,581,25.5744190216064,115
726,2,4.42500019073486,24.8999996185303,-9.30000019073486,581,25.5744190216064,115
726,2,4.42500019073486,24.8999996185303,-9.30000019073486,581,25.5744190216064,115
727,0,5.46666669845581,27,-8.89999961853027,539,27.3194141387939,105
727,0,5.46666669845581,27,-8.89999961853027,539,27.3194141387939,105
727,0,5.46666669845581,27,-8.89999961853027,539,27.3194141387939,105
727,0,5.46666669845581,27,-8.89999961853027,539,27.3194141387939,105
727,1,5.46666669845581,27,-8.89999961853027,539,27.3194141387939,105
727,1,5.46666669845581,27,-8.89999961853027,539,27.3194141387939,105
727,1,5.46666669845581,27,-8.89999961853027,539,27.3194141387939,105
727,1,5.46666669845581,27,-8.89999961853027,539,27.3194141387939,105
727,2,5.46666669845581,27,-8.89999961853027,539,27.3194141387939,105
727,2,5.46666669845581,27,-8.89999961853027,539,27.3194141387939,105
727,2,5.46666669845581,27,-8.89999961853027,539,27.3194141387939,105
727,2,5.46666669845581,27,-8.89999961853027,539,27.3194141387939,105
728,0,4.22499990463257,23.2999992370605,-8.10000038146973,698,39.9364700317383,79
728,0,4.22499990463257,23.2999992370605,-8.10000038146973,698,39.9364700317383,79
728,0,4.22499990463257,23.2999992370605,-8.10000038146973,698,39.9364700317383,79
728,0,4.22499990463257,23.2999992370605,-8.10000038146973,698,39.9364700317383,79
728,1,4.22499990463257,23.2999992370605,-8.10000038146973,698,39.9364700317383,79
728,1,4.22499990463257,23.2999992370605,-8.10000038146973,698,39.9364700317383,79
728,1,4.22499990463257,23.2999992370605,-8.10000038146973,698,39.9364700317383,79
728,1,4.22499990463257,23.2999992370605,-8.10000038146973,698,39.9364700317383,79
728,2,4.22499990463257,23.2999992370605,-8.10000038146973,698,39.9364700317383,79
728,2,4.22499990463257,23.2999992370605,-8.10000038146973,698,39.9364700317383,79
728,2,4.22499990463257,23.2999992370605,-8.10000038146973,698,39.9364700317383,79
728,2,4.22499990463257,23.2999992370605,-8.10000038146973,698,39.9364700317383,79
729,0,6.32083320617676,26.2000007629395,-7,548,32.4894714355469,89
729,0,6.32083320617676,26.2000007629395,-7,548,32.4894714355469,89
729,0,6.32083320617676,26.2000007629395,-7,548,32.4894714355469,89
729,0,6.32083320617676,26.2000007629395,-7,548,32.4894714355469,89
729,1,6.32083320617676,26.2000007629395,-7,548,32.4894714355469,89
729,1,6.32083320617676,26.2000007629395,-7,548,32.4894714355469,89
729,1,6.32083320617676,26.2000007629395,-7,548,32.4894714355469,89
729,1,6.32083320617676,26.2000007629395,-7,548,32.4894714355469,89
729,2,6.32083320617676,26.2000007629395,-7,548,32.4894714355469,89
729,2,6.32083320617676,26.2000007629395,-7,548,32.4894714355469,89
729,2,6.32083320617676,26.2000007629395,-7,548,32.4894714355469,89
729,2,6.32083320617676,26.2000007629395,-7,548,32.4894714355469,89
730,0,4.92083358764648,26.5,-9.80000019073486,557,29.1181125640869,102
730,0,4.92083358764648,26.5,-9.80000019073486,557,29.1181125640869,102
730,0,4.92083358764648,26.5,-9.80000019073486,557,29.1181125640869,102
730,0,4.92083358764648,26.5,-9.80000019073486,557,29.1181125640869,102
730,1,4.92083358764648,26.5,-9.80000019073486,557,29.1181125640869,102
730,1,4.92083358764648,26.5,-9.80000019073486,557,29.1181125640869,102
730,1,4.92083358764648,26.5,-9.80000019073486,557,29.1181125640869,102
730,1,4.92083358764648,26.5,-9.80000019073486,557,29.1181125640869,102
730,2,4.92083358764648,26.5,-9.80000019073486,557,29.1181125640869,102
730,2,4.92083358764648,26.5,-9.80000019073486,557,29.1181125640869,102
730,2,4.92083358764648,26.5,-9.80000019073486,557,29.1181125640869,102
730,2,4.92083358764648,26.5,-9.80000019073486,557,29.1181125640869,102
731,0,7.8125,28.3999996185303,-6.09999990463257,532,35.1224098205566,82
731,0,7.8125,28.3999996185303,-6.09999990463257,532,35.1224098205566,82
731,0,7.8125,28.3999996185303,-6.09999990463257,532,35.1224098205566,82
731,0,7.8125,28.3999996185303,-6.09999990463257,532,35.1224098205566,82
731,1,7.8125,28.3999996185303,-6.09999990463257,532,35.1224098205566,82
731,1,7.8125,28.3999996185303,-6.09999990463257,532,35.1224098205566,82
731,1,7.8125,28.3999996185303,-6.09999990463257,532,35.1224098205566,82
731,1,7.8125,28.3999996185303,-6.09999990463257,532,35.1224098205566,82
731,2,7.8125,28.3999996185303,-6.09999990463257,532,35.1224098205566,82
731,2,7.8125,28.3999996185303,-6.09999990463257,532,35.1224098205566,82
731,2,7.8125,28.3999996185303,-6.09999990463257,532,35.1224098205566,82
731,2,7.8125,28.3999996185303,-6.09999990463257,532,35.1224098205566,82
732,0,3.53333330154419,24.6000003814697,-10.8999996185303,554,28.3415374755859,107
732,0,3.53333330154419,24.6000003814697,-10.8999996185303,554,28.3415374755859,107
732,0,3.53333330154419,24.6000003814697,-10.8999996185303,554,28.3415374755859,107
732,0,3.53333330154419,24.6000003814697,-10.8999996185303,554,28.3415374755859,107
732,1,3.53333330154419,24.6000003814697,-10.8999996185303,554,28.3415374755859,107
732,1,3.53333330154419,24.6000003814697,-10.8999996185303,554,28.3415374755859,107
732,1,3.53333330154419,24.6000003814697,-10.8999996185303,554,28.3415374755859,107
732,1,3.53333330154419,24.6000003814697,-10.8999996185303,554,28.3415374755859,107
732,2,3.53333330154419,24.6000003814697,-10.8999996185303,554,28.3415374755859,107
732,2,3.53333330154419,24.6000003814697,-10.8999996185303,554,28.3415374755859,107
732,2,3.53333330154419,24.6000003814697,-10.8999996185303,554,28.3415374755859,107
732,2,3.53333330154419,24.6000003814697,-10.8999996185303,554,28.3415374755859,107
733,0,0.404166609048843,20.2999992370605,-12.5,709,30.7994270324707,102
733,0,0.404166609048843,20.2999992370605,-12.5,709,30.7994270324707,102
733,0,0.404166609048843,20.2999992370605,-12.5,709,30.7994270324707,102
733,0,0.404166609048843,20.2999992370605,-12.5,709,30.7994270324707,102
733,1,0.404166609048843,20.2999992370605,-12.5,709,30.7994270324707,102
733,1,0.404166609048843,20.2999992370605,-12.5,709,30.7994270324707,102
733,1,0.404166609048843,20.2999992370605,-12.5,709,30.7994270324707,102
733,1,0.404166609048843,20.2999992370605,-12.5,709,30.7994270324707,102
733,2,0.404166609048843,20.2999992370605,-12.5,709,30.7994270324707,102
733,2,0.404166609048843,20.2999992370605,-12.5,709,30.7994270324707,102
733,2,0.404166609048843,20.2999992370605,-12.5,709,30.7994270324707,102
733,2,0.404166609048843,20.2999992370605,-12.5,709,30.7994270324707,102
734,0,4.63749980926514,25.7999992370605,-9.30000019073486,557,27.5776596069336,107
734,0,4.63749980926514,25.7999992370605,-9.30000019073486,557,27.5776596069336,107
734,0,4.63749980926514,25.7999992370605,-9.30000019073486,557,27.5776596069336,107
734,0,4.63749980926514,25.7999992370605,-9.30000019073486,557,27.5776596069336,107
734,1,4.63749980926514,25.7999992370605,-9.30000019073486,557,27.5776596069336,107
734,1,4.63749980926514,25.7999992370605,-9.30000019073486,557,27.5776596069336,107
734,1,4.63749980926514,25.7999992370605,-9.30000019073486,557,27.5776596069336,107
734,1,4.63749980926514,25.7999992370605,-9.30000019073486,557,27.5776596069336,107
734,2,4.63749980926514,25.7999992370605,-9.30000019073486,557,27.5776596069336,107
734,2,4.63749980926514,25.7999992370605,-9.30000019073486,557,27.5776596069336,107
734,2,4.63749980926514,25.7999992370605,-9.30000019073486,557,27.5776596069336,107
734,2,4.63749980926514,25.7999992370605,-9.30000019073486,557,27.5776596069336,107
735,0,4.5,25.1000003814697,-9.19999980926514,582,25.7201881408691,91
735,0,4.5,25.1000003814697,-9.19999980926514,582,25.7201881408691,91
735,0,4.5,25.1000003814697,-9.19999980926514,582,25.7201881408691,91
735,0,4.5,25.1000003814697,-9.19999980926514,582,25.7201881408691,91
735,1,4.5,25.1000003814697,-9.19999980926514,582,25.7201881408691,91
735,1,4.5,25.1000003814697,-9.19999980926514,582,25.7201881408691,91
735,1,4.5,25.1000003814697,-9.19999980926514,582,25.7201881408691,91
735,1,4.5,25.1000003814697,-9.19999980926514,582,25.7201881408691,91
735,2,4.5,25.1000003814697,-9.19999980926514,582,25.7201881408691,91
735,2,4.5,25.1000003814697,-9.19999980926514,582,25.7201881408691,91
735,2,4.5,25.1000003814697,-9.19999980926514,582,25.7201881408691,91
735,2,4.5,25.1000003814697,-9.19999980926514,582,25.7201881408691,91
736,0,6.57916641235352,23.3999996185303,-4.90000009536743,1399,63.8741302490234,111
736,0,6.57916641235352,23.3999996185303,-4.90000009536743,1399,63.8741302490234,111
736,0,6.57916641235352,23.3999996185303,-4.90000009536743,1399,63.8741302490234,111
736,0,6.57916641235352,23.3999996185303,-4.90000009536743,1399,63.8741302490234,111
736,1,6.57916641235352,23.3999996185303,-4.90000009536743,1399,63.8741302490234,111
736,1,6.57916641235352,23.3999996185303,-4.90000009536743,1399,63.8741302490234,111
736,1,6.57916641235352,23.3999996185303,-4.90000009536743,1399,63.8741302490234,111
736,1,6.57916641235352,23.3999996185303,-4.90000009536743,1399,63.8741302490234,111
736,2,6.57916641235352,23.3999996185303,-4.90000009536743,1399,63.8741302490234,111
736,2,6.57916641235352,23.3999996185303,-4.90000009536743,1399,63.8741302490234,111
736,2,6.57916641235352,23.3999996185303,-4.90000009536743,1399,63.8741302490234,111
736,2,6.57916641235352,23.3999996185303,-4.90000009536743,1399,63.8741302490234,111
737,0,7.25,24.5,-4.19999980926514,1086,64.8184661865234,88
737,0,7.25,24.5,-4.19999980926514,1086,64.8184661865234,88
737,0,7.25,24.5,-4.19999980926514,1086,64.8184661865234,88
737,0,7.25,24.5,-4.19999980926514,1086,64.8184661865234,88
737,1,7.25,24.5,-4.19999980926514,1086,64.8184661865234,88
737,1,7.25,24.5,-4.19999980926514,1086,64.8184661865234,88
737,1,7.25,24.5,-4.19999980926514,1086,64.8184661865234,88
737,1,7.25,24.5,-4.19999980926514,1086,64.8184661865234,88
737,2,7.25,24.5,-4.19999980926514,1086,64.8184661865234,88
737,2,7.25,24.5,-4.19999980926514,1086,64.8184661865234,88
737,2,7.25,24.5,-4.19999980926514,1086,64.8184661865234,88
737,2,7.25,24.5,-4.19999980926514,1086,64.8184661865234,88
738,0,7.44999980926514,25,-4,1006,67.1328887939453,78
738,0,7.44999980926514,25,-4,1006,67.1328887939453,78
738,0,7.44999980926514,25,-4,1006,67.1328887939453,78
738,0,7.44999980926514,25,-4,1006,67.1328887939453,78
738,1,7.44999980926514,25,-4,1006,67.1328887939453,78
738,1,7.44999980926514,25,-4,1006,67.1328887939453,78
738,1,7.44999980926514,25,-4,1006,67.1328887939453,78
738,1,7.44999980926514,25,-4,1006,67.1328887939453,78
738,2,7.44999980926514,25,-4,1006,67.1328887939453,78
738,2,7.44999980926514,25,-4,1006,67.1328887939453,78
738,2,7.44999980926514,25,-4,1006,67.1328887939453,78
738,2,7.44999980926514,25,-4,1006,67.1328887939453,78
739,0,6.19583320617676,22.7999992370606,-5.09999990463257,1686,63.3814849853516,131
739,0,6.19583320617676,22.7999992370606,-5.09999990463257,1686,63.3814849853516,131
739,0,6.19583320617676,22.7999992370606,-5.09999990463257,1686,63.3814849853516,131
739,0,6.19583320617676,22.7999992370606,-5.09999990463257,1686,63.3814849853516,131
739,1,6.19583320617676,22.7999992370606,-5.09999990463257,1686,63.3814849853516,131
739,1,6.19583320617676,22.7999992370606,-5.09999990463257,1686,63.3814849853516,131
739,1,6.19583320617676,22.7999992370606,-5.09999990463257,1686,63.3814849853516,131
739,1,6.19583320617676,22.7999992370606,-5.09999990463257,1686,63.3814849853516,131
739,2,6.19583320617676,22.7999992370606,-5.09999990463257,1686,63.3814849853516,131
739,2,6.19583320617676,22.7999992370606,-5.09999990463257,1686,63.3814849853516,131
739,2,6.19583320617676,22.7999992370606,-5.09999990463257,1686,63.3814849853516,131
739,2,6.19583320617676,22.7999992370606,-5.09999990463257,1686,63.3814849853516,131
740,0,5.90833330154419,22,-5,1742,62.8510818481445,137
740,0,5.90833330154419,22,-5,1742,62.8510818481445,137
740,0,5.90833330154419,22,-5,1742,62.8510818481445,137
740,0,5.90833330154419,22,-5,1742,62.8510818481445,137
740,1,5.90833330154419,22,-5,1742,62.8510818481445,137
740,1,5.90833330154419,22,-5,1742,62.8510818481445,137
740,1,5.90833330154419,22,-5,1742,62.8510818481445,137
740,1,5.90833330154419,22,-5,1742,62.8510818481445,137
740,2,5.90833330154419,22,-5,1742,62.8510818481445,137
740,2,5.90833330154419,22,-5,1742,62.8510818481445,137
740,2,5.90833330154419,22,-5,1742,62.8510818481445,137
740,2,5.90833330154419,22,-5,1742,62.8510818481445,137
741,0,7.63333320617676,25.1000003814697,-3.90000009536743,944,63.8460884094238,77
741,0,7.63333320617676,25.1000003814697,-3.90000009536743,944,63.8460884094238,77
741,0,7.63333320617676,25.1000003814697,-3.90000009536743,944,63.8460884094238,77
741,0,7.63333320617676,25.1000003814697,-3.90000009536743,944,63.8460884094238,77
741,1,7.63333320617676,25.1000003814697,-3.90000009536743,944,63.8460884094238,77
741,1,7.63333320617676,25.1000003814697,-3.90000009536743,944,63.8460884094238,77
741,1,7.63333320617676,25.1000003814697,-3.90000009536743,944,63.8460884094238,77
741,1,7.63333320617676,25.1000003814697,-3.90000009536743,944,63.8460884094238,77
741,2,7.63333320617676,25.1000003814697,-3.90000009536743,944,63.8460884094238,77
741,2,7.63333320617676,25.1000003814697,-3.90000009536743,944,63.8460884094238,77
741,2,7.63333320617676,25.1000003814697,-3.90000009536743,944,63.8460884094238,77
741,2,7.63333320617676,25.1000003814697,-3.90000009536743,944,63.8460884094238,77
742,0,6.77916669845581,23.7999992370606,-4.80000019073486,1316,63.9710464477539,106
742,0,6.77916669845581,23.7999992370606,-4.80000019073486,1316,63.9710464477539,106
742,0,6.77916669845581,23.7999992370606,-4.80000019073486,1316,63.9710464477539,106
742,0,6.77916669845581,23.7999992370606,-4.80000019073486,1316,63.9710464477539,106
742,1,6.77916669845581,23.7999992370606,-4.80000019073486,1316,63.9710464477539,106
742,1,6.77916669845581,23.7999992370606,-4.80000019073486,1316,63.9710464477539,106
742,1,6.77916669845581,23.7999992370606,-4.80000019073486,1316,63.9710464477539,106
742,1,6.77916669845581,23.7999992370606,-4.80000019073486,1316,63.9710464477539,106
742,2,6.77916669845581,23.7999992370606,-4.80000019073486,1316,63.9710464477539,106
742,2,6.77916669845581,23.7999992370606,-4.80000019073486,1316,63.9710464477539,106
742,2,6.77916669845581,23.7999992370606,-4.80000019073486,1316,63.9710464477539,106
742,2,6.77916669845581,23.7999992370606,-4.80000019073486,1316,63.9710464477539,106
743,0,8.37916660308838,26.3999996185303,-3.59999990463257,811,63.5910758972168,66
743,0,8.37916660308838,26.3999996185303,-3.59999990463257,811,63.5910758972168,66
743,0,8.37916660308838,26.3999996185303,-3.59999990463257,811,63.5910758972168,66
743,0,8.37916660308838,26.3999996185303,-3.59999990463257,811,63.5910758972168,66
743,1,8.37916660308838,26.3999996185303,-3.59999990463257,811,63.5910758972168,66
743,1,8.37916660308838,26.3999996185303,-3.59999990463257,811,63.5910758972168,66
743,1,8.37916660308838,26.3999996185303,-3.59999990463257,811,63.5910758972168,66
743,1,8.37916660308838,26.3999996185303,-3.59999990463257,811,63.5910758972168,66
743,2,8.37916660308838,26.3999996185303,-3.59999990463257,811,63.5910758972168,66
743,2,8.37916660308838,26.3999996185303,-3.59999990463257,811,63.5910758972168,66
743,2,8.37916660308838,26.3999996185303,-3.59999990463257,811,63.5910758972168,66
743,2,8.37916660308838,26.3999996185303,-3.59999990463257,811,63.5910758972168,66
744,0,5.90000009536743,22.6000003814697,-5.19999980926514,1742,63.9663810729981,138
744,0,5.90000009536743,22.6000003814697,-5.19999980926514,1742,63.9663810729981,138
744,0,5.90000009536743,22.6000003814697,-5.19999980926514,1742,63.9663810729981,138
744,0,5.90000009536743,22.6000003814697,-5.19999980926514,1742,63.9663810729981,138
744,1,5.90000009536743,22.6000003814697,-5.19999980926514,1742,63.9663810729981,138
744,1,5.90000009536743,22.6000003814697,-5.19999980926514,1742,63.9663810729981,138
744,1,5.90000009536743,22.6000003814697,-5.19999980926514,1742,63.9663810729981,138
744,1,5.90000009536743,22.6000003814697,-5.19999980926514,1742,63.9663810729981,138
744,2,5.90000009536743,22.6000003814697,-5.19999980926514,1742,63.9663810729981,138
744,2,5.90000009536743,22.6000003814697,-5.19999980926514,1742,63.9663810729981,138
744,2,5.90000009536743,22.6000003814697,-5.19999980926514,1742,63.9663810729981,138
744,2,5.90000009536743,22.6000003814697,-5.19999980926514,1742,63.9663810729981,138
745,0,6.93333339691162,24.2000007629395,-4.40000009536743,1082,63.8477096557617,90
745,0,6.93333339691162,24.2000007629395,-4.40000009536743,1082,63.8477096557617,90
745,0,6.93333339691162,24.2000007629395,-4.40000009536743,1082,63.8477096557617,90
745,0,6.93333339691162,24.2000007629395,-4.40000009536743,1082,63.8477096557617,90
745,1,6.93333339691162,24.2000007629395,-4.40000009536743,1082,63.8477096557617,90
745,1,6.93333339691162,24.2000007629395,-4.40000009536743,1082,63.8477096557617,90
745,1,6.93333339691162,24.2000007629395,-4.40000009536743,1082,63.8477096557617,90
745,1,6.93333339691162,24.2000007629395,-4.40000009536743,1082,63.8477096557617,90
745,2,6.93333339691162,24.2000007629395,-4.40000009536743,1082,63.8477096557617,90
745,2,6.93333339691162,24.2000007629395,-4.40000009536743,1082,63.8477096557617,90
745,2,6.93333339691162,24.2000007629395,-4.40000009536743,1082,63.8477096557617,90
745,2,6.93333339691162,24.2000007629395,-4.40000009536743,1082,63.8477096557617,90
746,0,6.94583320617676,24.2999992370606,-4.5,1247,64.8839721679688,103
746,0,6.94583320617676,24.2999992370606,-4.5,1247,64.8839721679688,103
746,0,6.94583320617676,24.2999992370606,-4.5,1247,64.8839721679688,103
746,0,6.94583320617676,24.2999992370606,-4.5,1247,64.8839721679688,103
746,1,6.94583320617676,24.2999992370606,-4.5,1247,64.8839721679688,103
746,1,6.94583320617676,24.2999992370606,-4.5,1247,64.8839721679688,103
746,1,6.94583320617676,24.2999992370606,-4.5,1247,64.8839721679688,103
746,1,6.94583320617676,24.2999992370606,-4.5,1247,64.8839721679688,103
746,2,6.94583320617676,24.2999992370606,-4.5,1247,64.8839721679688,103
746,2,6.94583320617676,24.2999992370606,-4.5,1247,64.8839721679688,103
746,2,6.94583320617676,24.2999992370606,-4.5,1247,64.8839721679688,103
746,2,6.94583320617676,24.2999992370606,-4.5,1247,64.8839721679688,103
747,0,6.24583339691162,22.7999992370606,-5,1635,63.1328926086426,129
747,0,6.24583339691162,22.7999992370606,-5,1635,63.1328926086426,129
747,0,6.24583339691162,22.7999992370606,-5,1635,63.1328926086426,129
747,0,6.24583339691162,22.7999992370606,-5,1635,63.1328926086426,129
747,1,6.24583339691162,22.7999992370606,-5,1635,63.1328926086426,129
747,1,6.24583339691162,22.7999992370606,-5,1635,63.1328926086426,129
747,1,6.24583339691162,22.7999992370606,-5,1635,63.1328926086426,129
747,1,6.24583339691162,22.7999992370606,-5,1635,63.1328926086426,129
747,2,6.24583339691162,22.7999992370606,-5,1635,63.1328926086426,129
747,2,6.24583339691162,22.7999992370606,-5,1635,63.1328926086426,129
747,2,6.24583339691162,22.7999992370606,-5,1635,63.1328926086426,129
747,2,6.24583339691162,22.7999992370606,-5,1635,63.1328926086426,129
748,0,9.02916717529297,23.2000007629395,-0.5,1929,66.6854095458984,139
748,0,9.02916717529297,23.2000007629395,-0.5,1929,66.6854095458984,139
748,0,9.02916717529297,23.2000007629395,-0.5,1929,66.6854095458984,139
748,0,9.02916717529297,23.2000007629395,-0.5,1929,66.6854095458984,139
748,1,9.02916717529297,23.2000007629395,-0.5,1929,66.6854095458984,139
748,1,9.02916717529297,23.2000007629395,-0.5,1929,66.6854095458984,139
748,1,9.02916717529297,23.2000007629395,-0.5,1929,66.6854095458984,139
748,1,9.02916717529297,23.2000007629395,-0.5,1929,66.6854095458984,139
748,2,9.02916717529297,23.2000007629395,-0.5,1929,66.6854095458984,139
748,2,9.02916717529297,23.2000007629395,-0.5,1929,66.6854095458984,139
748,2,9.02916717529297,23.2000007629395,-0.5,1929,66.6854095458984,139
748,2,9.02916717529297,23.2000007629395,-0.5,1929,66.6854095458984,139
749,0,8.35000038146973,22.2000007629395,-0.600000023841858,2385,66.744758605957,165
749,0,8.35000038146973,22.2000007629395,-0.600000023841858,2385,66.744758605957,165
749,0,8.35000038146973,22.2000007629395,-0.600000023841858,2385,66.744758605957,165
749,0,8.35000038146973,22.2000007629395,-0.600000023841858,2385,66.744758605957,165
749,1,8.35000038146973,22.2000007629395,-0.600000023841858,2385,66.744758605957,165
749,1,8.35000038146973,22.2000007629395,-0.600000023841858,2385,66.744758605957,165
749,1,8.35000038146973,22.2000007629395,-0.600000023841858,2385,66.744758605957,165
749,1,8.35000038146973,22.2000007629395,-0.600000023841858,2385,66.744758605957,165
749,2,8.35000038146973,22.2000007629395,-0.600000023841858,2385,66.744758605957,165
749,2,8.35000038146973,22.2000007629395,-0.600000023841858,2385,66.744758605957,165
749,2,8.35000038146973,22.2000007629395,-0.600000023841858,2385,66.744758605957,165
749,2,8.35000038146973,22.2000007629395,-0.600000023841858,2385,66.744758605957,165
750,0,8.67916679382324,22.6000003814697,-0.5,2166,66.8894119262695,150
750,0,8.67916679382324,22.6000003814697,-0.5,2166,66.8894119262695,150
750,0,8.67916679382324,22.6000003814697,-0.5,2166,66.8894119262695,150
750,0,8.67916679382324,22.6000003814697,-0.5,2166,66.8894119262695,150
750,1,8.67916679382324,22.6000003814697,-0.5,2166,66.8894119262695,150
750,1,8.67916679382324,22.6000003814697,-0.5,2166,66.8894119262695,150
750,1,8.67916679382324,22.6000003814697,-0.5,2166,66.8894119262695,150
750,1,8.67916679382324,22.6000003814697,-0.5,2166,66.8894119262695,150
750,2,8.67916679382324,22.6000003814697,-0.5,2166,66.8894119262695,150
750,2,8.67916679382324,22.6000003814697,-0.5,2166,66.8894119262695,150
750,2,8.67916679382324,22.6000003814697,-0.5,2166,66.8894119262695,150
750,2,8.67916679382324,22.6000003814697,-0.5,2166,66.8894119262695,150
751,0,9.39166641235352,24.1000003814697,-0.300000011920929,1901,65.4723587036133,137
751,0,9.39166641235352,24.1000003814697,-0.300000011920929,1901,65.4723587036133,137
751,0,9.39166641235352,24.1000003814697,-0.300000011920929,1901,65.4723587036133,137
751,0,9.39166641235352,24.1000003814697,-0.300000011920929,1901,65.4723587036133,137
751,1,9.39166641235352,24.1000003814697,-0.300000011920929,1901,65.4723587036133,137
751,1,9.39166641235352,24.1000003814697,-0.300000011920929,1901,65.4723587036133,137
751,1,9.39166641235352,24.1000003814697,-0.300000011920929,1901,65.4723587036133,137
751,1,9.39166641235352,24.1000003814697,-0.300000011920929,1901,65.4723587036133,137
751,2,9.39166641235352,24.1000003814697,-0.300000011920929,1901,65.4723587036133,137
751,2,9.39166641235352,24.1000003814697,-0.300000011920929,1901,65.4723587036133,137
751,2,9.39166641235352,24.1000003814697,-0.300000011920929,1901,65.4723587036133,137
751,2,9.39166641235352,24.1000003814697,-0.300000011920929,1901,65.4723587036133,137
752,0,3.98333334922791,23.5,-8.5,567,39.9749031066895,72
752,0,3.98333334922791,23.5,-8.5,567,39.9749031066895,72
752,0,3.98333334922791,23.5,-8.5,567,39.9749031066895,72
752,0,3.98333334922791,23.5,-8.5,567,39.9749031066895,72
752,1,3.98333334922791,23.5,-8.5,567,39.9749031066895,72
752,1,3.98333334922791,23.5,-8.5,567,39.9749031066895,72
752,1,3.98333334922791,23.5,-8.5,567,39.9749031066895,72
752,1,3.98333334922791,23.5,-8.5,567,39.9749031066895,72
752,2,3.98333334922791,23.5,-8.5,567,39.9749031066895,72
752,2,3.98333334922791,23.5,-8.5,567,39.9749031066895,72
752,2,3.98333334922791,23.5,-8.5,567,39.9749031066895,72
752,2,3.98333334922791,23.5,-8.5,567,39.9749031066895,72
753,0,4.26249980926514,23.7000007629395,-8.10000038146973,539,39.4477043151856,71
753,0,4.26249980926514,23.7000007629395,-8.10000038146973,539,39.4477043151856,71
753,0,4.26249980926514,23.7000007629395,-8.10000038146973,539,39.4477043151856,71
753,0,4.26249980926514,23.7000007629395,-8.10000038146973,539,39.4477043151856,71
753,1,4.26249980926514,23.7000007629395,-8.10000038146973,539,39.4477043151856,71
753,1,4.26249980926514,23.7000007629395,-8.10000038146973,539,39.4477043151856,71
753,1,4.26249980926514,23.7000007629395,-8.10000038146973,539,39.4477043151856,71
753,1,4.26249980926514,23.7000007629395,-8.10000038146973,539,39.4477043151856,71
753,2,4.26249980926514,23.7000007629395,-8.10000038146973,539,39.4477043151856,71
753,2,4.26249980926514,23.7000007629395,-8.10000038146973,539,39.4477043151856,71
753,2,4.26249980926514,23.7000007629395,-8.10000038146973,539,39.4477043151856,71
753,2,4.26249980926514,23.7000007629395,-8.10000038146973,539,39.4477043151856,71
754,0,7.75,28.1000003814697,-5.30000019073486,391,33.8426361083984,70
754,0,7.75,28.1000003814697,-5.30000019073486,391,33.8426361083984,70
754,0,7.75,28.1000003814697,-5.30000019073486,391,33.8426361083984,70
754,0,7.75,28.1000003814697,-5.30000019073486,391,33.8426361083984,70
754,1,7.75,28.1000003814697,-5.30000019073486,391,33.8426361083984,70
754,1,7.75,28.1000003814697,-5.30000019073486,391,33.8426361083984,70
754,1,7.75,28.1000003814697,-5.30000019073486,391,33.8426361083984,70
754,1,7.75,28.1000003814697,-5.30000019073486,391,33.8426361083984,70
754,2,7.75,28.1000003814697,-5.30000019073486,391,33.8426361083984,70
754,2,7.75,28.1000003814697,-5.30000019073486,391,33.8426361083984,70
754,2,7.75,28.1000003814697,-5.30000019073486,391,33.8426361083984,70
754,2,7.75,28.1000003814697,-5.30000019073486,391,33.8426361083984,70
755,0,7.64166688919067,27.6000003814697,-6.09999990463257,424,32.6570816040039,70
755,0,7.64166688919067,27.6000003814697,-6.09999990463257,424,32.6570816040039,70
755,0,7.64166688919067,27.6000003814697,-6.09999990463257,424,32.6570816040039,70
755,0,7.64166688919067,27.6000003814697,-6.09999990463257,424,32.6570816040039,70
755,1,7.64166688919067,27.6000003814697,-6.09999990463257,424,32.6570816040039,70
755,1,7.64166688919067,27.6000003814697,-6.09999990463257,424,32.6570816040039,70
755,1,7.64166688919067,27.6000003814697,-6.09999990463257,424,32.6570816040039,70
755,1,7.64166688919067,27.6000003814697,-6.09999990463257,424,32.6570816040039,70
755,2,7.64166688919067,27.6000003814697,-6.09999990463257,424,32.6570816040039,70
755,2,7.64166688919067,27.6000003814697,-6.09999990463257,424,32.6570816040039,70
755,2,7.64166688919067,27.6000003814697,-6.09999990463257,424,32.6570816040039,70
755,2,7.64166688919067,27.6000003814697,-6.09999990463257,424,32.6570816040039,70
756,0,5.08333349227905,25.6000003814697,-8.60000038146973,442,33.430606842041,61
756,0,5.08333349227905,25.6000003814697,-8.60000038146973,442,33.430606842041,61
756,0,5.08333349227905,25.6000003814697,-8.60000038146973,442,33.430606842041,61
756,0,5.08333349227905,25.6000003814697,-8.60000038146973,442,33.430606842041,61
756,1,5.08333349227905,25.6000003814697,-8.60000038146973,442,33.430606842041,61
756,1,5.08333349227905,25.6000003814697,-8.60000038146973,442,33.430606842041,61
756,1,5.08333349227905,25.6000003814697,-8.60000038146973,442,33.430606842041,61
756,1,5.08333349227905,25.6000003814697,-8.60000038146973,442,33.430606842041,61
756,2,5.08333349227905,25.6000003814697,-8.60000038146973,442,33.430606842041,61
756,2,5.08333349227905,25.6000003814697,-8.60000038146973,442,33.430606842041,61
756,2,5.08333349227905,25.6000003814697,-8.60000038146973,442,33.430606842041,61
756,2,5.08333349227905,25.6000003814697,-8.60000038146973,442,33.430606842041,61
757,0,5.38333320617676,24.7999992370606,-6.80000019073486,504,40.5842590332031,79
757,0,5.38333320617676,24.7999992370606,-6.80000019073486,504,40.5842590332031,79
757,0,5.38333320617676,24.7999992370606,-6.80000019073486,504,40.5842590332031,79
757,0,5.38333320617676,24.7999992370606,-6.80000019073486,504,40.5842590332031,79
757,1,5.38333320617676,24.7999992370606,-6.80000019073486,504,40.5842590332031,79
757,1,5.38333320617676,24.7999992370606,-6.80000019073486,504,40.5842590332031,79
757,1,5.38333320617676,24.7999992370606,-6.80000019073486,504,40.5842590332031,79
757,1,5.38333320617676,24.7999992370606,-6.80000019073486,504,40.5842590332031,79
757,2,5.38333320617676,24.7999992370606,-6.80000019073486,504,40.5842590332031,79
757,2,5.38333320617676,24.7999992370606,-6.80000019073486,504,40.5842590332031,79
757,2,5.38333320617676,24.7999992370606,-6.80000019073486,504,40.5842590332031,79
757,2,5.38333320617676,24.7999992370606,-6.80000019073486,504,40.5842590332031,79
758,0,5.69583320617676,24.7000007629395,-6.69999980926514,505,37.5759887695313,75
758,0,5.69583320617676,24.7000007629395,-6.69999980926514,505,37.5759887695313,75
758,0,5.69583320617676,24.7000007629395,-6.69999980926514,505,37.5759887695313,75
758,0,5.69583320617676,24.7000007629395,-6.69999980926514,505,37.5759887695313,75
758,1,5.69583320617676,24.7000007629395,-6.69999980926514,505,37.5759887695313,75
758,1,5.69583320617676,24.7000007629395,-6.69999980926514,505,37.5759887695313,75
758,1,5.69583320617676,24.7000007629395,-6.69999980926514,505,37.5759887695313,75
758,1,5.69583320617676,24.7000007629395,-6.69999980926514,505,37.5759887695313,75
758,2,5.69583320617676,24.7000007629395,-6.69999980926514,505,37.5759887695313,75
758,2,5.69583320617676,24.7000007629395,-6.69999980926514,505,37.5759887695313,75
758,2,5.69583320617676,24.7000007629395,-6.69999980926514,505,37.5759887695313,75
758,2,5.69583320617676,24.7000007629395,-6.69999980926514,505,37.5759887695313,75
767,0,9.63749980926514,22.5,1,2431,68.7715606689453,160
767,0,9.63749980926514,22.5,1,2431,68.7715606689453,160
767,0,9.63749980926514,22.5,1,2431,68.7715606689453,160
767,0,9.63749980926514,22.5,1,2431,68.7715606689453,160
767,1,9.63749980926514,22.5,1,2431,68.7715606689453,160
767,1,9.63749980926514,22.5,1,2431,68.7715606689453,160
767,1,9.63749980926514,22.5,1,2431,68.7715606689453,160
767,1,9.63749980926514,22.5,1,2431,68.7715606689453,160
767,2,9.63749980926514,22.5,1,2431,68.7715606689453,160
767,2,9.63749980926514,22.5,1,2431,68.7715606689453,160
767,2,9.63749980926514,22.5,1,2431,68.7715606689453,160
767,2,9.63749980926514,22.5,1,2431,68.7715606689453,160
768,0,9.50416660308838,22.7999992370606,0.600000023841858,2352,69.1077728271484,154
768,0,9.50416660308838,22.7999992370606,0.600000023841858,2352,69.1077728271484,154
768,0,9.50416660308838,22.7999992370606,0.600000023841858,2352,69.1077728271484,154
768,0,9.50416660308838,22.7999992370606,0.600000023841858,2352,69.1077728271484,154
768,1,9.50416660308838,22.7999992370606,0.600000023841858,2352,69.1077728271484,154
768,1,9.50416660308838,22.7999992370606,0.600000023841858,2352,69.1077728271484,154
768,1,9.50416660308838,22.7999992370606,0.600000023841858,2352,69.1077728271484,154
768,1,9.50416660308838,22.7999992370606,0.600000023841858,2352,69.1077728271484,154
768,2,9.50416660308838,22.7999992370606,0.600000023841858,2352,69.1077728271484,154
768,2,9.50416660308838,22.7999992370606,0.600000023841858,2352,69.1077728271484,154
768,2,9.50416660308838,22.7999992370606,0.600000023841858,2352,69.1077728271484,154
768,2,9.50416660308838,22.7999992370606,0.600000023841858,2352,69.1077728271484,154
769,0,9.64583301544189,24.3999996185303,0.300000011920929,1839,70.2347640991211,117
769,0,9.64583301544189,24.3999996185303,0.300000011920929,1839,70.2347640991211,117
769,0,9.64583301544189,24.3999996185303,0.300000011920929,1839,70.2347640991211,117
769,0,9.64583301544189,24.3999996185303,0.300000011920929,1839,70.2347640991211,117
769,1,9.64583301544189,24.3999996185303,0.300000011920929,1839,70.2347640991211,117
769,1,9.64583301544189,24.3999996185303,0.300000011920929,1839,70.2347640991211,117
769,1,9.64583301544189,24.3999996185303,0.300000011920929,1839,70.2347640991211,117
769,1,9.64583301544189,24.3999996185303,0.300000011920929,1839,70.2347640991211,117
769,2,9.64583301544189,24.3999996185303,0.300000011920929,1839,70.2347640991211,117
769,2,9.64583301544189,24.3999996185303,0.300000011920929,1839,70.2347640991211,117
769,2,9.64583301544189,24.3999996185303,0.300000011920929,1839,70.2347640991211,117
769,2,9.64583301544189,24.3999996185303,0.300000011920929,1839,70.2347640991211,117
770,0,8.98750019073486,21.5,0.600000023841858,2688,67.9898300170899,179
770,0,8.98750019073486,21.5,0.600000023841858,2688,67.9898300170899,179
770,0,8.98750019073486,21.5,0.600000023841858,2688,67.9898300170899,179
770,0,8.98750019073486,21.5,0.600000023841858,2688,67.9898300170899,179
770,1,8.98750019073486,21.5,0.600000023841858,2688,67.9898300170899,179
770,1,8.98750019073486,21.5,0.600000023841858,2688,67.9898300170899,179
770,1,8.98750019073486,21.5,0.600000023841858,2688,67.9898300170899,179
770,1,8.98750019073486,21.5,0.600000023841858,2688,67.9898300170899,179
770,2,8.98750019073486,21.5,0.600000023841858,2688,67.9898300170899,179
770,2,8.98750019073486,21.5,0.600000023841858,2688,67.9898300170899,179
770,2,8.98750019073486,21.5,0.600000023841858,2688,67.9898300170899,179
770,2,8.98750019073486,21.5,0.600000023841858,2688,67.9898300170899,179
759,0,9.47083377838135,21.8999996185303,0.5,2330,62.5201568603516,189
759,0,9.47083377838135,21.8999996185303,0.5,2330,62.5201568603516,189
759,0,9.47083377838135,21.8999996185303,0.5,2330,62.5201568603516,189
759,0,9.47083377838135,21.8999996185303,0.5,2330,62.5201568603516,189
759,1,9.47083377838135,21.8999996185303,0.5,2330,62.5201568603516,189
759,1,9.47083377838135,21.8999996185303,0.5,2330,62.5201568603516,189
759,1,9.47083377838135,21.8999996185303,0.5,2330,62.5201568603516,189
759,1,9.47083377838135,21.8999996185303,0.5,2330,62.5201568603516,189
759,2,9.47083377838135,21.8999996185303,0.5,2330,62.5201568603516,189
759,2,9.47083377838135,21.8999996185303,0.5,2330,62.5201568603516,189
759,2,9.47083377838135,21.8999996185303,0.5,2330,62.5201568603516,189
759,2,9.47083377838135,21.8999996185303,0.5,2330,62.5201568603516,189
760,0,8.3958330154419,21.6000003814697,-0.300000011920929,2411,64.6434173583984,179
760,0,8.3958330154419,21.6000003814697,-0.300000011920929,2411,64.6434173583984,179
760,0,8.3958330154419,21.6000003814697,-0.300000011920929,2411,64.6434173583984,179
760,0,8.3958330154419,21.6000003814697,-0.300000011920929,2411,64.6434173583984,179
760,1,8.3958330154419,21.6000003814697,-0.300000011920929,2411,64.6434173583984,179
760,1,8.3958330154419,21.6000003814697,-0.300000011920929,2411,64.6434173583984,179
760,1,8.3958330154419,21.6000003814697,-0.300000011920929,2411,64.6434173583984,179
760,1,8.3958330154419,21.6000003814697,-0.300000011920929,2411,64.6434173583984,179
760,2,8.3958330154419,21.6000003814697,-0.300000011920929,2411,64.6434173583984,179
760,2,8.3958330154419,21.6000003814697,-0.300000011920929,2411,64.6434173583984,179
760,2,8.3958330154419,21.6000003814697,-0.300000011920929,2411,64.6434173583984,179
760,2,8.3958330154419,21.6000003814697,-0.300000011920929,2411,64.6434173583984,179
761,0,9.07083320617676,21.3999996185303,0.300000011920929,2297,63.8703460693359,173
761,0,9.07083320617676,21.3999996185303,0.300000011920929,2297,63.8703460693359,173
761,0,9.07083320617676,21.3999996185303,0.300000011920929,2297,63.8703460693359,173
761,0,9.07083320617676,21.3999996185303,0.300000011920929,2297,63.8703460693359,173
761,1,9.07083320617676,21.3999996185303,0.300000011920929,2297,63.8703460693359,173
761,1,9.07083320617676,21.3999996185303,0.300000011920929,2297,63.8703460693359,173
761,1,9.07083320617676,21.3999996185303,0.300000011920929,2297,63.8703460693359,173
761,1,9.07083320617676,21.3999996185303,0.300000011920929,2297,63.8703460693359,173
761,2,9.07083320617676,21.3999996185303,0.300000011920929,2297,63.8703460693359,173
761,2,9.07083320617676,21.3999996185303,0.300000011920929,2297,63.8703460693359,173
761,2,9.07083320617676,21.3999996185303,0.300000011920929,2297,63.8703460693359,173
761,2,9.07083320617676,21.3999996185303,0.300000011920929,2297,63.8703460693359,173
762,0,10.1291666030884,21.2000007629395,1.39999997615814,2096,62.6450920104981,157
762,0,10.1291666030884,21.2000007629395,1.39999997615814,2096,62.6450920104981,157
762,0,10.1291666030884,21.2000007629395,1.39999997615814,2096,62.6450920104981,157
762,0,10.1291666030884,21.2000007629395,1.39999997615814,2096,62.6450920104981,157
762,1,10.1291666030884,21.2000007629395,1.39999997615814,2096,62.6450920104981,157
762,1,10.1291666030884,21.2000007629395,1.39999997615814,2096,62.6450920104981,157
762,1,10.1291666030884,21.2000007629395,1.39999997615814,2096,62.6450920104981,157
762,1,10.1291666030884,21.2000007629395,1.39999997615814,2096,62.6450920104981,157
762,2,10.1291666030884,21.2000007629395,1.39999997615814,2096,62.6450920104981,157
762,2,10.1291666030884,21.2000007629395,1.39999997615814,2096,62.6450920104981,157
762,2,10.1291666030884,21.2000007629395,1.39999997615814,2096,62.6450920104981,157
762,2,10.1291666030884,21.2000007629395,1.39999997615814,2096,62.6450920104981,157
763,0,9.67916679382324,21.3999996185303,1.10000002384186,2315,62.1451835632324,186
763,0,9.67916679382324,21.3999996185303,1.10000002384186,2315,62.1451835632324,186
763,0,9.67916679382324,21.3999996185303,1.10000002384186,2315,62.1451835632324,186
763,0,9.67916679382324,21.3999996185303,1.10000002384186,2315,62.1451835632324,186
763,1,9.67916679382324,21.3999996185303,1.10000002384186,2315,62.1451835632324,186
763,1,9.67916679382324,21.3999996185303,1.10000002384186,2315,62.1451835632324,186
763,1,9.67916679382324,21.3999996185303,1.10000002384186,2315,62.1451835632324,186
763,1,9.67916679382324,21.3999996185303,1.10000002384186,2315,62.1451835632324,186
763,2,9.67916679382324,21.3999996185303,1.10000002384186,2315,62.1451835632324,186
763,2,9.67916679382324,21.3999996185303,1.10000002384186,2315,62.1451835632324,186
763,2,9.67916679382324,21.3999996185303,1.10000002384186,2315,62.1451835632324,186
763,2,9.67916679382324,21.3999996185303,1.10000002384186,2315,62.1451835632324,186
764,0,8.96250057220459,21.2000007629395,0.300000011920929,2361,63.7402076721191,179
764,0,8.96250057220459,21.2000007629395,0.300000011920929,2361,63.7402076721191,179
764,0,8.96250057220459,21.2000007629395,0.300000011920929,2361,63.7402076721191,179
764,0,8.96250057220459,21.2000007629395,0.300000011920929,2361,63.7402076721191,179
764,1,8.96250057220459,21.2000007629395,0.300000011920929,2361,63.7402076721191,179
764,1,8.96250057220459,21.2000007629395,0.300000011920929,2361,63.7402076721191,179
764,1,8.96250057220459,21.2000007629395,0.300000011920929,2361,63.7402076721191,179
764,1,8.96250057220459,21.2000007629395,0.300000011920929,2361,63.7402076721191,179
764,2,8.96250057220459,21.2000007629395,0.300000011920929,2361,63.7402076721191,179
764,2,8.96250057220459,21.2000007629395,0.300000011920929,2361,63.7402076721191,179
764,2,8.96250057220459,21.2000007629395,0.300000011920929,2361,63.7402076721191,179
764,2,8.96250057220459,21.2000007629395,0.300000011920929,2361,63.7402076721191,179
765,0,9.37916660308838,22.6000003814697,0.100000001490116,2081,64.134162902832,160
765,0,9.37916660308838,22.6000003814697,0.100000001490116,2081,64.134162902832,160
765,0,9.37916660308838,22.6000003814697,0.100000001490116,2081,64.134162902832,160
765,0,9.37916660308838,22.6000003814697,0.100000001490116,2081,64.134162902832,160
765,1,9.37916660308838,22.6000003814697,0.100000001490116,2081,64.134162902832,160
765,1,9.37916660308838,22.6000003814697,0.100000001490116,2081,64.134162902832,160
765,1,9.37916660308838,22.6000003814697,0.100000001490116,2081,64.134162902832,160
765,1,9.37916660308838,22.6000003814697,0.100000001490116,2081,64.134162902832,160
765,2,9.37916660308838,22.6000003814697,0.100000001490116,2081,64.134162902832,160
765,2,9.37916660308838,22.6000003814697,0.100000001490116,2081,64.134162902832,160
765,2,9.37916660308838,22.6000003814697,0.100000001490116,2081,64.134162902832,160
765,2,9.37916660308838,22.6000003814697,0.100000001490116,2081,64.134162902832,160
766,0,9.0625,20,1.20000004768372,2540,62.2404747009277,197
766,0,9.0625,20,1.20000004768372,2540,62.2404747009277,197
766,0,9.0625,20,1.20000004768372,2540,62.2404747009277,197
766,0,9.0625,20,1.20000004768372,2540,62.2404747009277,197
766,1,9.0625,20,1.20000004768372,2540,62.2404747009277,197
766,1,9.0625,20,1.20000004768372,2540,62.2404747009277,197
766,1,9.0625,20,1.20000004768372,2540,62.2404747009277,197
766,1,9.0625,20,1.20000004768372,2540,62.2404747009277,197
766,2,9.0625,20,1.20000004768372,2540,62.2404747009277,197
766,2,9.0625,20,1.20000004768372,2540,62.2404747009277,197
766,2,9.0625,20,1.20000004768372,2540,62.2404747009277,197
766,2,9.0625,20,1.20000004768372,2540,62.2404747009277,197
771,0,9.46249961853027,24.3999996185303,-0.600000023841858,1727,64.371452331543,134
771,0,9.46249961853027,24.3999996185303,-0.600000023841858,1727,64.371452331543,134
771,0,9.46249961853027,24.3999996185303,-0.600000023841858,1727,64.371452331543,134
771,0,9.46249961853027,24.3999996185303,-0.600000023841858,1727,64.371452331543,134
771,1,9.46249961853027,24.3999996185303,-0.600000023841858,1727,64.371452331543,134
771,1,9.46249961853027,24.3999996185303,-0.600000023841858,1727,64.371452331543,134
771,1,9.46249961853027,24.3999996185303,-0.600000023841858,1727,64.371452331543,134
771,1,9.46249961853027,24.3999996185303,-0.600000023841858,1727,64.371452331543,134
771,2,9.46249961853027,24.3999996185303,-0.600000023841858,1727,64.371452331543,134
771,2,9.46249961853027,24.3999996185303,-0.600000023841858,1727,64.371452331543,134
771,2,9.46249961853027,24.3999996185303,-0.600000023841858,1727,64.371452331543,134
771,2,9.46249961853027,24.3999996185303,-0.600000023841858,1727,64.371452331543,134
772,0,9.45833301544189,23.5,-0.300000011920929,1887,64.3648681640625,146
772,0,9.45833301544189,23.5,-0.300000011920929,1887,64.3648681640625,146
772,0,9.45833301544189,23.5,-0.300000011920929,1887,64.3648681640625,146
772,0,9.45833301544189,23.5,-0.300000011920929,1887,64.3648681640625,146
772,1,9.45833301544189,23.5,-0.300000011920929,1887,64.3648681640625,146
772,1,9.45833301544189,23.5,-0.300000011920929,1887,64.3648681640625,146
772,1,9.45833301544189,23.5,-0.300000011920929,1887,64.3648681640625,146
772,1,9.45833301544189,23.5,-0.300000011920929,1887,64.3648681640625,146
772,2,9.45833301544189,23.5,-0.300000011920929,1887,64.3648681640625,146
772,2,9.45833301544189,23.5,-0.300000011920929,1887,64.3648681640625,146
772,2,9.45833301544189,23.5,-0.300000011920929,1887,64.3648681640625,146
772,2,9.45833301544189,23.5,-0.300000011920929,1887,64.3648681640625,146
773,0,9.52083301544189,24.3999996185303,-0.5,1628,64.2398986816406,126
773,0,9.52083301544189,24.3999996185303,-0.5,1628,64.2398986816406,126
773,0,9.52083301544189,24.3999996185303,-0.5,1628,64.2398986816406,126
773,0,9.52083301544189,24.3999996185303,-0.5,1628,64.2398986816406,126
773,1,9.52083301544189,24.3999996185303,-0.5,1628,64.2398986816406,126
773,1,9.52083301544189,24.3999996185303,-0.5,1628,64.2398986816406,126
773,1,9.52083301544189,24.3999996185303,-0.5,1628,64.2398986816406,126
773,1,9.52083301544189,24.3999996185303,-0.5,1628,64.2398986816406,126
773,2,9.52083301544189,24.3999996185303,-0.5,1628,64.2398986816406,126
773,2,9.52083301544189,24.3999996185303,-0.5,1628,64.2398986816406,126
773,2,9.52083301544189,24.3999996185303,-0.5,1628,64.2398986816406,126
773,2,9.52083301544189,24.3999996185303,-0.5,1628,64.2398986816406,126
774,0,9.13749980926514,23.7000007629395,-0.699999988079071,1893,65.8063583374024,138
774,0,9.13749980926514,23.7000007629395,-0.699999988079071,1893,65.8063583374024,138
774,0,9.13749980926514,23.7000007629395,-0.699999988079071,1893,65.8063583374024,138
774,0,9.13749980926514,23.7000007629395,-0.699999988079071,1893,65.8063583374024,138
774,1,9.13749980926514,23.7000007629395,-0.699999988079071,1893,65.8063583374024,138
774,1,9.13749980926514,23.7000007629395,-0.699999988079071,1893,65.8063583374024,138
774,1,9.13749980926514,23.7000007629395,-0.699999988079071,1893,65.8063583374024,138
774,1,9.13749980926514,23.7000007629395,-0.699999988079071,1893,65.8063583374024,138
774,2,9.13749980926514,23.7000007629395,-0.699999988079071,1893,65.8063583374024,138
774,2,9.13749980926514,23.7000007629395,-0.699999988079071,1893,65.8063583374024,138
774,2,9.13749980926514,23.7000007629395,-0.699999988079071,1893,65.8063583374024,138
774,2,9.13749980926514,23.7000007629395,-0.699999988079071,1893,65.8063583374024,138
775,0,9.89166641235352,24.6000003814697,-0.200000002980232,1545,61.8416633605957,127
775,0,9.89166641235352,24.6000003814697,-0.200000002980232,1545,61.8416633605957,127
775,0,9.89166641235352,24.6000003814697,-0.200000002980232,1545,61.8416633605957,127
775,0,9.89166641235352,24.6000003814697,-0.200000002980232,1545,61.8416633605957,127
775,1,9.89166641235352,24.6000003814697,-0.200000002980232,1545,61.8416633605957,127
775,1,9.89166641235352,24.6000003814697,-0.200000002980232,1545,61.8416633605957,127
775,1,9.89166641235352,24.6000003814697,-0.200000002980232,1545,61.8416633605957,127
775,1,9.89166641235352,24.6000003814697,-0.200000002980232,1545,61.8416633605957,127
775,2,9.89166641235352,24.6000003814697,-0.200000002980232,1545,61.8416633605957,127
775,2,9.89166641235352,24.6000003814697,-0.200000002980232,1545,61.8416633605957,127
775,2,9.89166641235352,24.6000003814697,-0.200000002980232,1545,61.8416633605957,127
775,2,9.89166641235352,24.6000003814697,-0.200000002980232,1545,61.8416633605957,127
